player,team,x,y,shot_statsbomb_xg,shot_outcome,shot_type,shot_body_part,shot_technique,shot_first_time,shot_one_on_one,shot_open_goal,under_pressure,minute,period,match_id,dist_to_goal,shot_angle,shot_zone,is_goal,is_on_target,shot_outcome_clean
Mark Anthony Kaye,Canada,96.5,40.7,0.038882375,Blocked,Open Play,Left Foot,Normal,True,,,True,2,1,3857276,23.51,1.71,Edge of Box,0,0,Blocked
Hakim Ziyech,Morocco,83.9,45.0,0.024477394,Goal,Open Play,Left Foot,Lob,True,,,,3,1,3857276,36.44,7.89,Long Range,1,1,Goal
Abdelhamid Sabiri,Morocco,86.8,38.4,0.02207015,Blocked,Free Kick,Right Foot,Normal,,,,,8,1,3857276,33.24,2.76,Long Range,0,0,Blocked
Sofiane Boufal,Morocco,107.0,48.3,0.06158555,Wayward,Open Play,Left Foot,Half Volley,,,,,9,1,3857276,15.42,32.56,Penalty Area,0,0,Off Target
Tajon Buchanan,Canada,113.3,34.9,0.27914461,Off T,Open Play,Right Foot,Half Volley,True,,,,14,1,3857276,8.42,37.28,Central (12m),0,0,Off Target
Hakim Ziyech,Morocco,97.5,54.0,0.022624016,Off T,Open Play,Left Foot,Normal,,,,,15,1,3857276,26.5,31.89,Edge of Box,0,0,Off Target
Youssef En-Nesyri,Morocco,107.6,53.2,0.10405799,Goal,Open Play,Right Foot,Half Volley,,True,,,22,1,3857276,18.11,46.79,Penalty Area,1,1,Goal
Abdelhamid Sabiri,Morocco,107.9,34.2,0.09711841,Blocked,Open Play,Right Foot,Normal,True,,,,32,1,3857276,13.42,25.61,Penalty Area,0,0,Blocked
Youssef En-Nesyri,Morocco,106.8,46.7,0.094470315,Wayward,Open Play,Right Foot,Volley,True,,,,47,1,3857276,14.8,26.91,Penalty Area,0,0,Off Target
Alphonso Davies,Canada,105.1,41.2,0.051903803,Off T,Open Play,Left Foot,Volley,True,,,,57,2,3857276,14.95,4.6,Penalty Area,0,0,Off Target
Atiba Hutchinson,Canada,112.2,37.7,0.086874224,Post,Open Play,Head,Normal,,,,True,70,2,3857276,8.13,16.43,Central (12m),0,0,Post
Alistair Johnston,Canada,118.8,41.6,0.638813,Off T,Open Play,Head,Normal,,,True,True,70,2,3857276,2.0,53.13,Six Yard Box,0,0,Off Target
Harry Maguire,England,115.4,29.4,0.23307544,Off T,Open Play,Left Foot,Half Volley,True,,,,7,1,3857271,11.56,66.54,Central (12m),0,0,Off Target
Bukayo Saka,England,101.1,55.3,0.028282227,Saved,Open Play,Left Foot,Normal,,,,,26,1,3857271,24.32,38.99,Edge of Box,0,1,Saved
Mason Mount,England,113.4,49.1,0.06697492,Off T,Open Play,Right Foot,Normal,True,,,,29,1,3857271,11.24,54.05,Central (12m),0,0,Off Target
Harry Maguire,England,110.5,40.7,0.06988547,Post,Open Play,Head,Normal,,,,True,31,1,3857271,9.53,4.21,Central (12m),0,0,Post
Jude Bellingham,England,112.0,38.0,0.08285139,Goal,Open Play,Head,Normal,,,,True,34,1,3857271,8.25,14.04,Central (12m),1,1,Goal
Bukayo Saka,England,104.1,38.5,0.061030492,Goal,Open Play,Left Foot,Half Volley,True,,,,42,1,3857271,15.97,5.39,Penalty Area,1,1,Goal
Raheem Sterling,England,111.0,42.8,0.1885282,Goal,Open Play,Right Foot,Volley,True,,,,45,1,3857271,9.43,17.28,Central (12m),1,1,Goal
Alireza Jahanbakhsh,Iran,106.4,48.8,0.11232807,Off T,Open Play,Right Foot,Volley,True,,,,55,1,3857271,16.2,32.91,Penalty Area,0,0,Off Target
Kieran Trippier,England,93.9,27.7,0.042866398,Blocked,Free Kick,Right Foot,Normal,,,,,50,2,3857271,28.85,25.23,Edge of Box,0,0,Blocked
Luke Shaw,England,97.9,25.1,0.021548782,Blocked,Open Play,Left Foot,Normal,True,,,,58,2,3857271,26.65,33.99,Edge of Box,0,0,Blocked
Saeid Ezatolahi Afagh,Iran,83.8,35.5,0.0065368367,Off T,Open Play,Right Foot,Normal,,,,,60,2,3857271,36.48,7.09,Long Range,0,0,Off Target
Bukayo Saka,England,105.3,46.3,0.080026746,Goal,Open Play,Left Foot,Normal,,,,,61,2,3857271,15.99,23.2,Penalty Area,1,1,Goal
Mehdi Taremi,Iran,109.7,48.0,0.065701395,Goal,Open Play,Right Foot,Normal,True,,,True,64,2,3857271,13.04,37.84,Penalty Area,1,1,Goal
Mehdi Torabi,Iran,103.5,32.3,0.045791544,Blocked,Open Play,Right Foot,Normal,,,,,69,2,3857271,18.21,25.02,Penalty Area,0,0,Blocked
Ahmad Nourollahi,Iran,97.8,34.8,0.028478073,Off T,Open Play,Left Foot,Volley,True,,,,69,2,3857271,22.8,13.18,Edge of Box,0,0,Off Target
Marcus Rashford,England,109.7,47.7,0.40810898,Goal,Open Play,Left Foot,Normal,,,,,70,2,3857271,12.86,36.78,Penalty Area,1,1,Goal
Mehdi Taremi,Iran,105.1,54.6,0.06202265,Off T,Open Play,Right Foot,Half Volley,True,,,True,76,2,3857271,20.86,44.42,Edge of Box,0,0,Off Target
Marcus Rashford,England,108.6,50.7,0.0776978,Blocked,Open Play,Left Foot,Normal,,,,,83,2,3857271,15.63,43.19,Penalty Area,0,0,Blocked
Jack Grealish,England,112.0,39.9,0.6262809,Goal,Open Play,Right Foot,Normal,True,,,,89,2,3857271,8.0,0.72,Central (12m),1,1,Goal
Sardar Azmoun,Iran,110.9,30.5,0.35130003,Saved to Post,Open Play,Right Foot,Normal,,True,,,97,2,3857271,13.16,46.23,Penalty Area,0,0,Saved
Mehdi Taremi,Iran,108.0,40.0,0.7835,Goal,Penalty,Right Foot,Normal,,,,,102,2,3857271,12.0,0.0,Penalty Area,1,1,Goal
Ivan Perišić,Croatia,102.9,23.8,0.03397081,Off T,Open Play,Right Foot,Half Volley,,,,,0,1,3857296,23.56,43.45,Edge of Box,0,0,Off Target
Yannick Ferreira Carrasco,Belgium,105.3,27.8,0.05519996,Blocked,Open Play,Right Foot,Normal,,,,,9,1,3857296,19.1,39.69,Penalty Area,0,0,Blocked
Yannick Ferreira Carrasco,Belgium,117.0,29.2,0.020840297,Blocked,Open Play,Right Foot,Normal,,,,,10,1,3857296,11.21,74.48,Central (12m),0,0,Blocked
Dries Mertens,Belgium,105.2,33.9,0.1934709,Off T,Open Play,Right Foot,Normal,True,,,True,12,1,3857296,16.01,22.4,Penalty Area,0,0,Off Target
Axel Witsel,Belgium,92.7,34.9,0.025340356,Blocked,Open Play,Right Foot,Normal,,,,,24,1,3857296,27.77,10.58,Edge of Box,0,0,Blocked
Marcelo Brozović,Croatia,99.8,36.6,0.054300383,Blocked,Open Play,Left Foot,Normal,,,,,32,1,3857296,20.48,9.55,Edge of Box,0,0,Blocked
Marko Livaja,Croatia,112.2,42.5,0.104244776,Off T,Open Play,Head,Normal,,,,True,32,1,3857296,8.19,17.77,Central (12m),0,0,Off Target
Dries Mertens,Belgium,116.9,49.2,0.108029366,Wayward,Open Play,Left Foot,Volley,True,,,,41,1,3857296,9.71,71.38,Central (12m),0,0,Off Target
Borna Sosa,Croatia,94.9,25.7,0.024362085,Off T,Open Play,Left Foot,Normal,,,,,44,1,3857296,28.89,29.67,Edge of Box,0,0,Off Target
Ivan Perišić,Croatia,108.5,38.0,0.08771692,Wayward,Open Play,Head,Normal,,,,,48,1,3857296,11.67,9.87,Central (12m),0,0,Off Target
Josip Juranović,Croatia,103.1,51.5,0.041306578,Off T,Open Play,Right Foot,Volley,True,,,,48,1,3857296,20.44,34.23,Edge of Box,0,0,Off Target
Yannick Ferreira Carrasco,Belgium,100.9,28.3,0.026916144,Wayward,Open Play,Left Foot,Half Volley,True,,,,47,2,3857296,22.4,31.49,Edge of Box,0,0,Off Target
Romelu Lukaku Menama,Belgium,117.5,34.2,0.1189759,Saved,Open Play,Head,Normal,,,,True,48,2,3857296,6.32,66.68,Central (12m),0,1,Saved
Mateo Kovačić,Croatia,103.9,29.2,0.07960723,Saved,Open Play,Right Foot,Normal,,,,,49,2,3857296,19.39,33.85,Penalty Area,0,1,Saved
Borna Sosa,Croatia,94.7,35.3,0.024012579,Off T,Open Play,Left Foot,Half Volley,,,,,49,2,3857296,25.73,10.52,Edge of Box,0,0,Off Target
Kevin De Bruyne,Belgium,100.9,32.5,0.048855886,Off T,Open Play,Left Foot,Normal,,,,True,50,2,3857296,20.52,21.44,Edge of Box,0,0,Off Target
Marcelo Brozović,Croatia,100.6,37.7,0.10219261,Saved,Open Play,Left Foot,Normal,True,,,True,53,2,3857296,19.54,6.76,Penalty Area,0,1,Saved
Luka Modrić,Croatia,105.6,52.9,0.071706615,Saved,Open Play,Left Foot,Normal,,,,True,53,2,3857296,19.33,41.86,Penalty Area,0,1,Saved
Yannick Ferreira Carrasco,Belgium,112.8,36.3,0.09935363,Blocked,Open Play,Right Foot,Normal,,,,,59,2,3857296,8.1,27.2,Central (12m),0,0,Blocked
Romelu Lukaku Menama,Belgium,110.7,45.1,0.19960539,Post,Open Play,Right Foot,Normal,True,,,True,59,2,3857296,10.61,28.74,Central (12m),0,0,Post
Romelu Lukaku Menama,Belgium,113.1,42.1,0.30245224,Off T,Open Play,Head,Normal,,,,,61,2,3857296,7.21,16.93,Central (12m),0,0,Off Target
Luka Modrić,Croatia,106.7,39.0,0.07160131,Saved,Open Play,Right Foot,Half Volley,,,,,67,2,3857296,13.34,4.3,Penalty Area,0,1,Saved
Kevin De Bruyne,Belgium,111.9,60.4,0.0061408128,Saved,Open Play,Right Foot,Normal,True,,,True,68,2,3857296,21.95,68.34,Edge of Box,0,1,Saved
Jan Vertonghen,Belgium,112.6,36.5,0.07045005,Blocked,Open Play,Head,Normal,,,,True,77,2,3857296,8.19,25.31,Central (12m),0,0,Blocked
Thomas Meunier,Belgium,110.5,53.1,0.04308796,Blocked,Open Play,Right Foot,Volley,True,,,,86,2,3857296,16.18,54.05,Penalty Area,0,0,Blocked
Romelu Lukaku Menama,Belgium,115.5,43.8,0.4909717,Off T,Open Play,Left Foot,Half Volley,,,,,86,2,3857296,5.89,40.18,Six Yard Box,0,0,Off Target
Romelu Lukaku Menama,Belgium,117.4,37.3,0.5721495,Saved,Open Play,Other,Normal,,,,,89,2,3857296,3.75,46.08,Six Yard Box,0,1,Saved
Cody Mathès Gakpo,Netherlands,100.6,31.0,0.059259485,Goal,Open Play,Left Foot,Normal,,,,,5,1,3857274,21.39,24.89,Edge of Box,1,1,Goal
Enner Remberto Valencia Lastra,Ecuador,107.0,30.0,0.062208217,Blocked,Open Play,Left Foot,Half Volley,True,,,,10,1,3857274,16.4,37.57,Penalty Area,0,0,Blocked
Moisés Isaac Caicedo Corozo,Ecuador,94.8,37.9,0.030668529,Blocked,Open Play,Right Foot,Normal,,,,,23,1,3857274,25.29,4.76,Edge of Box,0,0,Blocked
Michael Steveen Estrada Martínez,Ecuador,112.1,34.6,0.069653474,Wayward,Open Play,Left Foot,Backheel,True,,,,26,1,3857274,9.57,34.35,Central (12m),0,0,Off Target
Enner Remberto Valencia Lastra,Ecuador,100.6,23.5,0.029882463,Saved,Open Play,Right Foot,Normal,,,,,31,1,3857274,25.47,40.38,Edge of Box,0,1,Saved
Enner Remberto Valencia Lastra,Ecuador,110.2,47.9,0.024015462,Blocked,Open Play,Head,Normal,,,,True,46,1,3857274,12.59,38.87,Penalty Area,0,0,Blocked
Angelo Smit Preciado Quiñónez,Ecuador,100.6,54.0,0.022953799,Blocked,Open Play,Right Foot,Half Volley,True,,,True,47,1,3857274,23.92,35.82,Edge of Box,0,0,Blocked
Pervis Josué Estupiñán Tenorio,Ecuador,112.0,44.1,0.18923391,Wayward,Open Play,Left Foot,Half Volley,,,,,47,1,3857274,8.99,27.14,Central (12m),0,0,Off Target
Pervis Josué Estupiñán Tenorio,Ecuador,105.8,28.7,0.08083876,Saved,Open Play,Left Foot,Normal,,,,,48,2,3857274,18.15,38.51,Penalty Area,0,1,Saved
Enner Remberto Valencia Lastra,Ecuador,116.0,38.1,0.790909,Goal,Open Play,Right Foot,Half Volley,True,,True,,48,2,3857274,4.43,25.41,Six Yard Box,1,1,Goal
Enner Remberto Valencia Lastra,Ecuador,102.0,37.5,0.09564507,Blocked,Open Play,Right Foot,Normal,True,,,,58,2,3857274,18.17,7.91,Penalty Area,0,0,Blocked
Gonzalo Jordy Plata Jiménez,Ecuador,104.2,52.6,0.046335444,Post,Open Play,Left Foot,Normal,,,,,58,2,3857274,20.21,38.57,Edge of Box,0,0,Post
Michael Steveen Estrada Martínez,Ecuador,105.1,38.0,0.13418972,Wayward,Open Play,Left Foot,Normal,True,,,True,63,2,3857274,15.03,7.65,Penalty Area,0,0,Off Target
Teun Koopmeiners,Netherlands,96.5,40.9,0.04520454,Off T,Open Play,Left Foot,Normal,True,,,,65,2,3857274,23.52,2.19,Edge of Box,0,0,Off Target
Moisés Isaac Caicedo Corozo,Ecuador,103.2,29.4,0.03323832,Blocked,Open Play,Right Foot,Half Volley,,,,True,72,2,3857274,19.86,32.25,Penalty Area,0,0,Blocked
Angelo Smit Preciado Quiñónez,Ecuador,95.3,57.9,0.007451811,Off T,Open Play,Right Foot,Half Volley,True,,,,80,2,3857274,30.5,35.93,Long Range,0,0,Off Target
Angelo Smit Preciado Quiñónez,Ecuador,98.9,38.2,0.033830326,Saved,Open Play,Head,Normal,,,,,91,2,3857274,21.18,4.88,Edge of Box,0,1,Saved
Sergio Busquets i Burgos,Spain,97.0,46.1,0.03268242,Off T,Open Play,Left Foot,Normal,,,,,6,1,3857255,23.8,14.85,Edge of Box,0,0,Off Target
Junya Ito,Japan,114.0,53.5,0.04214545,Off T,Open Play,Right Foot,Normal,,,,,7,1,3857255,14.77,66.04,Penalty Area,0,0,Off Target
Álvaro Borja Morata Martín,Spain,109.9,35.6,0.06376064,Saved,Open Play,Head,Normal,,,,,8,1,3857255,11.02,23.54,Central (12m),0,1,Saved
Álvaro Borja Morata Martín,Spain,115.3,38.3,0.33106714,Goal,Open Play,Head,Normal,,,,True,11,1,3857255,5.0,19.89,Six Yard Box,1,1,Goal
Álvaro Borja Morata Martín,Spain,104.7,51.6,0.10093839,Saved,Open Play,Right Foot,Normal,True,,,,22,1,3857255,19.2,37.17,Penalty Area,0,1,Saved
Daichi Kamada,Japan,107.0,54.5,0.03356069,Blocked,Open Play,Right Foot,Normal,,,,,35,1,3857255,19.47,48.12,Penalty Area,0,0,Blocked
Daniel Olmo Carvajal,Spain,102.8,35.2,0.10385344,Blocked,Open Play,Right Foot,Normal,,,,,41,1,3857255,17.86,15.59,Penalty Area,0,0,Blocked
Ritsu Doan,Japan,100.5,55.8,0.027777622,Goal,Open Play,Left Foot,Normal,,,,,47,2,3857255,25.1,39.02,Edge of Box,1,1,Goal
Ao Tanaka,Japan,118.7,40.2,0.87261814,Goal,Open Play,Other,Normal,,,True,,50,2,3857255,1.32,8.75,Six Yard Box,1,1,Goal
Takuma Asano,Japan,100.5,36.3,0.13121767,Off T,Open Play,Right Foot,Normal,True,,,,69,2,3857255,19.85,10.74,Penalty Area,0,0,Off Target
Marco Asensio Willemsen,Spain,104.8,23.5,0.016301522,Blocked,Open Play,Left Foot,Normal,,,,,73,2,3857255,22.43,47.35,Edge of Box,0,0,Blocked
Daniel Olmo Carvajal,Spain,86.3,46.3,0.01649772,Blocked,Open Play,Right Foot,Normal,,,,,79,2,3857255,34.28,10.59,Long Range,0,0,Blocked
Ko Itakura,Japan,104.0,39.0,0.0504811,Saved,Open Play,Head,Normal,,True,,,82,2,3857255,16.03,3.58,Penalty Area,0,1,Saved
Marco Asensio Willemsen,Spain,96.8,52.1,0.02842248,Blocked,Open Play,Left Foot,Normal,,,,,84,2,3857255,26.17,27.54,Edge of Box,0,0,Blocked
Jordi Alba Ramos,Spain,97.9,27.0,0.0241939,Blocked,Open Play,Right Foot,Normal,,,,,88,2,3857255,25.64,30.47,Edge of Box,0,0,Blocked
Marco Asensio Willemsen,Spain,94.8,61.9,0.007735879,Saved,Open Play,Left Foot,Normal,,,,,88,2,3857255,33.39,40.99,Long Range,0,1,Saved
Daniel Olmo Carvajal,Spain,111.0,52.0,0.12373556,Saved,Open Play,Right Foot,Normal,True,,,,89,2,3857255,15.0,53.13,Penalty Area,0,1,Saved
Daniel Olmo Carvajal,Spain,94.2,57.0,0.008523117,Off T,Open Play,Right Foot,Normal,,,,,95,2,3857255,30.9,33.38,Long Range,0,0,Off Target
Harry Kane,England,108.9,42.6,0.10607713,Blocked,Open Play,Right Foot,Normal,True,,,,9,1,3857272,11.4,13.18,Central (12m),0,0,Blocked
John Stones,England,109.2,38.6,0.04222343,Wayward,Open Play,Head,Normal,,,,True,9,1,3857272,10.89,7.39,Central (12m),0,0,Off Target
Mason Mount,England,94.2,27.2,0.019677445,Off T,Open Play,Right Foot,Normal,True,,,,10,1,3857272,28.8,26.39,Edge of Box,0,0,Off Target
Haji Wright,United States,108.1,43.9,0.048006557,Off T,Open Play,Head,Normal,,,,True,16,1,3857272,12.52,18.15,Penalty Area,0,0,Off Target
Weston McKennie,United States,110.5,39.5,0.18268152,Off T,Open Play,Right Foot,Half Volley,True,,,,25,1,3857272,9.51,3.01,Central (12m),0,0,Off Target
Yunus Dimoara Musah,United States,93.0,25.1,0.016826272,Saved,Open Play,Right Foot,Normal,,,,,28,1,3857272,30.84,28.89,Long Range,0,1,Saved
Christian Pulisic,United States,106.4,24.4,0.023374733,Post,Open Play,Left Foot,Normal,,,,,32,1,3857272,20.7,48.92,Edge of Box,0,0,Post
Sergino Dest,United States,108.6,51.2,0.056137927,Blocked,Open Play,Left Foot,Normal,,,,,40,1,3857272,15.98,44.49,Penalty Area,0,0,Blocked
Christian Pulisic,United States,110.0,42.8,0.05394238,Off T,Open Play,Head,Normal,,,,True,42,1,3857272,10.38,15.64,Central (12m),0,0,Off Target
Bukayo Saka,England,113.2,36.1,0.08680134,Off T,Open Play,Left Foot,Normal,True,,,True,44,1,3857272,7.84,29.84,Central (12m),0,0,Off Target
Mason Mount,England,100.1,32.9,0.0710417,Saved,Open Play,Right Foot,Normal,True,,,,45,1,3857272,21.13,19.64,Edge of Box,0,1,Saved
Haji Wright,United States,106.5,28.3,0.0422633,Blocked,Open Play,Right Foot,Normal,,,,,48,2,3857272,17.86,40.91,Penalty Area,0,0,Blocked
Weston McKennie,United States,99.2,53.9,0.032319076,Off T,Open Play,Right Foot,Normal,,,,,48,2,3857272,25.02,33.75,Edge of Box,0,0,Off Target
Christian Pulisic,United States,98.8,24.7,0.025169194,Blocked,Open Play,Right Foot,Normal,,,,,57,2,3857272,26.14,35.82,Edge of Box,0,0,Blocked
Christian Pulisic,United States,95.3,40.1,0.033566043,Blocked,Open Play,Left Foot,Normal,,,,,61,2,3857272,24.7,0.23,Edge of Box,0,0,Blocked
Marcus Rashford,England,105.3,20.7,0.009332121,Saved,Open Play,Right Foot,Normal,,,,,86,2,3857272,24.26,52.7,Edge of Box,0,1,Saved
Harry Maguire,England,109.9,37.5,0.05556727,Saved,Open Play,Head,Normal,,,,True,90,2,3857272,10.4,13.9,Central (12m),0,1,Saved
Harry Kane,England,111.2,40.8,0.06991791,Off T,Open Play,Head,Normal,,,,True,92,2,3857272,8.84,5.19,Central (12m),0,0,Off Target
Yunus Dimoara Musah,United States,100.5,38.2,0.045798708,Off T,Open Play,Left Foot,Volley,,,,,8,1,3857278,19.58,5.27,Penalty Area,0,0,Off Target
Christian Pulisic,United States,110.1,35.6,0.080380306,Saved,Open Play,Head,Normal,,,,True,10,1,3857278,10.83,23.96,Central (12m),0,1,Saved
Joshua Sargent,United States,99.0,32.1,0.040954046,Blocked,Open Play,Right Foot,Normal,,,,,27,1,3857278,22.44,20.62,Edge of Box,0,0,Blocked
Timothy Weah,United States,109.7,35.9,0.12157792,Saved,Open Play,Head,Normal,,,,,27,1,3857278,11.09,21.71,Central (12m),0,1,Saved
Sergino Dest,United States,101.3,48.2,0.05512647,Blocked,Open Play,Left Foot,Normal,,,,,29,1,3857278,20.42,23.68,Edge of Box,0,0,Blocked
Timothy Weah,United States,108.7,54.1,0.04585104,Off T,Open Play,Right Foot,Normal,True,,,,32,1,3857278,18.07,51.29,Penalty Area,0,0,Off Target
Sergino Dest,United States,102.0,50.5,0.043695714,Blocked,Open Play,Right Foot,Normal,True,,,,36,1,3857278,20.84,30.26,Edge of Box,0,0,Blocked
Christian Pulisic,United States,115.1,38.7,0.5303789,Goal,Open Play,Right Foot,Half Volley,True,,True,,37,1,3857278,5.07,14.86,Six Yard Box,1,1,Goal
Joshua Sargent,United States,114.2,56.9,0.011004616,Wayward,Open Play,Right Foot,Half Volley,,True,,,41,1,3857278,17.87,71.06,Penalty Area,0,0,Off Target
Joshua Sargent,United States,110.0,25.2,0.05674209,Saved,Open Play,Left Foot,Normal,True,,,,46,2,3857278,17.86,55.95,Penalty Area,0,1,Saved
Saman Ghoddos,Iran,114.1,38.7,0.39133456,Off T,Open Play,Head,Diving Header,,,,True,51,2,3857278,6.04,12.43,Central (12m),0,0,Off Target
Yunus Dimoara Musah,United States,97.0,43.3,0.080397844,Off T,Free Kick,Right Foot,Normal,,,,,68,2,3857278,23.24,8.16,Edge of Box,0,0,Off Target
Saeid Ezatolahi Afagh,Iran,90.8,21.8,0.006830182,Off T,Open Play,Right Foot,Normal,,,,,69,2,3857278,34.41,31.93,Long Range,0,0,Off Target
Morteza Pouraliganji,Iran,111.0,35.6,0.21722858,Off T,Open Play,Head,Diving Header,,,,True,92,2,3857278,10.02,26.05,Central (12m),0,0,Off Target
Mehdi Taremi,Iran,111.1,39.5,0.30539662,Saved,Open Play,Left Foot,Volley,True,,,,97,2,3857278,8.91,3.22,Central (12m),0,1,Saved
Haji Wright,United States,105.1,23.9,0.057746947,Saved,Open Play,Left Foot,Normal,True,,,,99,2,3857278,21.94,47.22,Edge of Box,0,1,Saved
Noussair Mazraoui,Morocco,96.9,32.0,0.026111592,Blocked,Open Play,Right Foot,Half Volley,,,,True,6,1,3857277,24.45,19.1,Edge of Box,0,0,Blocked
Hakim Ziyech,Morocco,101.9,43.3,0.052363984,Blocked,Open Play,Left Foot,Normal,,,,,12,1,3857277,18.4,10.33,Penalty Area,0,0,Blocked
Ivan Perišić,Croatia,82.9,33.6,0.00976612,Off T,Open Play,Left Foot,Normal,,,,,16,1,3857277,37.65,9.79,Long Range,0,0,Off Target
Sofiane Boufal,Morocco,96.7,46.7,0.04188839,Blocked,Open Play,Left Foot,Normal,,,,,18,1,3857277,24.24,16.04,Edge of Box,0,0,Blocked
Hakim Ziyech,Morocco,94.5,37.4,0.06625415,Blocked,Free Kick,Left Foot,Normal,,,,,20,1,3857277,25.63,5.82,Edge of Box,0,0,Blocked
Youssef En-Nesyri,Morocco,117.8,31.5,0.03416934,Blocked,Open Play,Left Foot,Half Volley,,,,True,24,1,3857277,8.78,75.49,Central (12m),0,0,Blocked
Nikola Vlašić,Croatia,114.7,35.7,0.44776994,Saved,Open Play,Right Foot,Normal,True,,,,45,1,3857277,6.82,39.05,Central (12m),0,1,Saved
Nikola Vlašić,Croatia,105.2,33.9,0.06879163,Blocked,Open Play,Right Foot,Half Volley,True,,,,46,1,3857277,16.01,22.4,Penalty Area,0,0,Blocked
Luka Modrić,Croatia,98.8,39.3,0.073204115,Off T,Open Play,Left Foot,Normal,True,,,,46,1,3857277,21.21,1.89,Edge of Box,0,0,Off Target
Sofiane Boufal,Morocco,94.0,38.6,0.042848527,Blocked,Open Play,Left Foot,Normal,,,,,50,2,3857277,26.04,3.08,Edge of Box,0,0,Blocked
Noussair Mazraoui,Morocco,115.3,29.2,0.07962643,Saved,Open Play,Head,Diving Header,,True,,True,50,2,3857277,11.78,66.48,Central (12m),0,1,Saved
Dejan Lovren,Croatia,112.7,38.8,0.2503287,Blocked,Open Play,Left Foot,Normal,True,,,,51,2,3857277,7.4,9.33,Central (12m),0,0,Blocked
Achraf Hakimi Mouh,Morocco,88.5,31.5,0.019376563,Saved,Open Play,Right Foot,Normal,True,,,,64,2,3857277,32.63,15.1,Long Range,0,1,Saved
Neco Williams,Wales,99.5,23.0,0.023614733,Off T,Open Play,Right Foot,Normal,,,,True,2,1,3857273,26.63,39.67,Edge of Box,0,0,Off Target
Sardar Azmoun,Iran,97.2,31.2,0.035244513,Saved,Open Play,Right Foot,Normal,,,,,6,1,3857273,24.44,21.1,Edge of Box,0,1,Saved
Kieffer Roberto Francisco Moore,Wales,111.6,44.5,0.12850787,Saved,Open Play,Right Foot,Volley,True,,,,11,1,3857273,9.53,28.18,Central (12m),0,1,Saved
Ahmad Nourollahi,Iran,95.5,34.0,0.017788952,Blocked,Open Play,Right Foot,Normal,,,,,19,1,3857273,25.22,13.76,Edge of Box,0,0,Blocked
Sardar Azmoun,Iran,109.6,34.7,0.07202582,Off T,Open Play,Head,Normal,,,,True,22,1,3857273,11.67,27.0,Central (12m),0,0,Off Target
Gareth Frank Bale,Wales,88.9,36.5,0.02170084,Saved,Open Play,Left Foot,Volley,True,,,,28,1,3857273,31.3,6.42,Long Range,0,1,Saved
Harry Wilson,Wales,105.5,25.4,0.030164797,Blocked,Open Play,Left Foot,Normal,True,,,,41,1,3857273,20.58,45.2,Edge of Box,0,0,Blocked
Mehdi Taremi,Iran,105.7,38.8,0.08566745,Wayward,Open Play,Left Foot,Normal,True,,,,48,1,3857273,14.35,4.8,Penalty Area,0,0,Off Target
Ahmad Nourollahi,Iran,86.4,48.2,0.011584845,Saved,Open Play,Right Foot,Half Volley,,,,,49,1,3857273,34.59,13.71,Long Range,0,1,Saved
Sardar Azmoun,Iran,110.0,49.7,0.28799564,Post,Open Play,Right Foot,Normal,,True,,True,50,2,3857273,13.93,44.13,Penalty Area,0,0,Post
Ali Gholizadeh,Iran,97.2,48.0,0.04282673,Post,Open Play,Left Foot,Normal,,,,,51,2,3857273,24.16,19.33,Edge of Box,0,0,Post
Sardar Azmoun,Iran,111.0,36.2,0.21401532,Saved,Open Play,Head,Normal,,True,,,51,2,3857273,9.77,22.89,Central (12m),0,1,Saved
Kieffer Roberto Francisco Moore,Wales,114.4,39.9,0.22100283,Off T,Open Play,Head,Normal,,,,,52,2,3857273,5.6,1.02,Six Yard Box,0,0,Off Target
Ehsan Hajsafi,Iran,104.6,33.1,0.068153165,Blocked,Open Play,Left Foot,Half Volley,True,,,,55,2,3857273,16.88,24.13,Penalty Area,0,0,Blocked
Mehdi Taremi,Iran,107.1,29.4,0.075855605,Blocked,Open Play,Right Foot,Normal,,,,True,63,2,3857273,16.7,39.41,Penalty Area,0,0,Blocked
Ahmad Nourollahi,Iran,90.5,45.6,0.015279148,Blocked,Open Play,Right Foot,Normal,True,,,True,69,2,3857273,30.03,10.75,Long Range,0,0,Blocked
Morteza Pouraliganji,Iran,100.8,38.5,0.05160931,Blocked,Open Play,Left Foot,Half Volley,True,,,,71,2,3857273,19.26,4.47,Penalty Area,0,0,Blocked
Saeid Ezatolahi Afagh,Iran,99.5,49.3,0.047915842,Saved,Open Play,Right Foot,Normal,,,,,72,2,3857273,22.51,24.4,Edge of Box,0,1,Saved
Ahmad Nourollahi,Iran,85.8,53.5,0.0072957636,Blocked,Open Play,Right Foot,Normal,,,,,74,2,3857273,36.77,21.54,Long Range,0,0,Blocked
Aaron Ramsey,Wales,104.0,53.9,0.025361432,Wayward,Open Play,Right Foot,Volley,True,,,,82,2,3857273,21.19,40.98,Edge of Box,0,0,Off Target
Neco Williams,Wales,98.6,51.1,0.031851415,Blocked,Open Play,Right Foot,Normal,True,,,,82,2,3857273,24.11,27.42,Edge of Box,0,0,Blocked
Ben Davies,Wales,101.7,30.8,0.053537875,Saved,Open Play,Left Foot,Normal,True,,,,82,2,3857273,20.48,26.69,Edge of Box,0,1,Saved
Karim Ansarifard,Iran,99.5,36.2,0.06399969,Blocked,Open Play,Right Foot,Normal,True,,,,87,2,3857273,20.85,10.5,Edge of Box,0,0,Blocked
Mehdi Torabi,Iran,99.1,39.0,0.051057886,Off T,Open Play,Right Foot,Normal,,,,,87,2,3857273,20.92,2.74,Edge of Box,0,0,Off Target
Neco Williams,Wales,89.9,45.0,0.020104993,Wayward,Open Play,Right Foot,Normal,True,,,,95,2,3857273,30.51,9.43,Long Range,0,0,Off Target
Brennan Johnson,Wales,114.4,52.4,0.059788406,Saved Off Target,Open Play,Right Foot,Half Volley,,True,,True,95,2,3857273,13.61,65.7,Penalty Area,0,0,Saved
Ramin Rezaeian,Iran,98.3,52.1,0.031046849,Blocked,Open Play,Right Foot,Normal,,,,,95,2,3857273,24.85,29.14,Edge of Box,0,0,Blocked
Alireza Jahanbakhsh,Iran,99.2,46.5,0.031239294,Blocked,Open Play,Right Foot,Normal,,,,,96,2,3857273,21.79,17.35,Edge of Box,0,0,Blocked
Alireza Jahanbakhsh,Iran,91.4,24.9,0.011336825,Blocked,Open Play,Right Foot,Normal,,,,,97,2,3857273,32.34,27.83,Long Range,0,0,Blocked
Roozbeh Cheshmi,Iran,95.1,37.5,0.03268815,Goal,Open Play,Right Foot,Normal,,,,,97,2,3857273,25.03,5.73,Edge of Box,1,1,Goal
Ramin Rezaeian,Iran,104.8,45.3,0.19933115,Goal,Open Play,Right Foot,Lob,,,,,100,2,3857273,16.1,19.22,Penalty Area,1,1,Goal
Kingsley Coman,France,112.3,29.9,0.08786314,Off T,Open Play,Left Foot,Normal,,,,,24,1,3857275,12.7,52.68,Penalty Area,0,0,Off Target
Anis Ben Slimane,Tunisia,110.9,41.0,0.1007914,Saved,Open Play,Head,Normal,,,,,29,1,3857275,9.15,6.27,Central (12m),0,1,Saved
Wahbi Khazri,Tunisia,95.1,52.3,0.016592033,Saved,Open Play,Left Foot,Half Volley,,,,,34,1,3857275,27.77,26.29,Edge of Box,0,1,Saved
Youssouf Fofana,France,99.9,53.4,0.041162748,Blocked,Open Play,Right Foot,Normal,,,,,46,1,3857275,24.16,33.69,Edge of Box,0,0,Blocked
Wahbi Khazri,Tunisia,97.9,19.8,0.010898009,Off T,Open Play,Right Foot,Normal,,,,,46,1,3857275,29.94,42.43,Edge of Box,0,0,Off Target
Aïssa Bilal Laïdouni,Tunisia,114.8,22.4,0.013856714,Off T,Open Play,Right Foot,Normal,,True,,,51,2,3857275,18.35,73.54,Penalty Area,0,0,Off Target
Wahbi Khazri,Tunisia,103.3,37.8,0.15620883,Goal,Open Play,Left Foot,Normal,,,,True,57,2,3857275,16.84,7.5,Penalty Area,1,1,Goal
Axel Disasi,France,111.3,41.5,0.061025612,Blocked,Open Play,Head,Normal,,,,True,79,2,3857275,8.83,9.78,Central (12m),0,0,Blocked
Adrien Rabiot,France,113.8,47.7,0.080746524,Wayward,Open Play,Right Foot,Volley,True,,,,81,2,3857275,9.89,51.16,Central (12m),0,0,Off Target
Ousmane Dembélé,France,95.9,53.5,0.020325886,Saved,Open Play,Right Foot,Normal,,,,,81,2,3857275,27.62,29.26,Edge of Box,0,1,Saved
Adrien Rabiot,France,108.7,29.1,0.06369618,Wayward,Open Play,Left Foot,Volley,,,,,84,2,3857275,15.7,43.97,Penalty Area,0,0,Off Target
Kylian Mbappé Lottin,France,116.8,24.7,0.01194291,Saved,Open Play,Right Foot,Normal,,,,,88,2,3857275,15.63,78.19,Penalty Area,0,1,Saved
Randal Kolo Muani,France,96.4,37.1,0.041042205,Blocked,Open Play,Right Foot,Normal,,,,,89,2,3857275,23.78,7.01,Edge of Box,0,0,Blocked
Kylian Mbappé Lottin,France,95.6,30.2,0.06416701,Blocked,Free Kick,Right Foot,Normal,,,,,92,2,3857275,26.29,21.88,Edge of Box,0,0,Blocked
Kylian Mbappé Lottin,France,87.6,15.0,0.005017159,Saved,Open Play,Right Foot,Normal,,,,,92,2,3857275,40.92,37.65,Long Range,0,1,Saved
Marcus Rashford,England,104.0,39.5,0.28441095,Saved,Open Play,Right Foot,Normal,True,,,,9,1,3857261,16.01,1.79,Penalty Area,0,1,Saved
Phil Foden,England,97.4,54.6,0.02354375,Off T,Open Play,Left Foot,Normal,,,,,14,1,3857261,26.91,32.86,Edge of Box,0,0,Off Target
Harry Maguire,England,120.0,54.6,0.01084097,Off T,Open Play,Head,Normal,,True,,True,17,1,3857261,14.6,90.0,Penalty Area,0,0,Off Target
Marcus Rashford,England,98.2,19.5,0.010357286,Blocked,Open Play,Right Foot,Normal,,,,,23,1,3857261,29.92,43.24,Edge of Box,0,0,Blocked
Phil Foden,England,105.5,47.4,0.05725451,Off T,Open Play,Left Foot,Normal,,,,,37,1,3857261,16.28,27.04,Penalty Area,0,0,Off Target
Joe Allen,Wales,94.1,47.0,0.022615774,Blocked,Open Play,Right Foot,Normal,True,,,,38,1,3857261,26.83,15.12,Edge of Box,0,0,Blocked
Marcus Rashford,England,108.4,35.0,0.081256144,Off T,Open Play,Right Foot,Overhead Kick,True,,,,38,1,3857261,12.63,23.32,Penalty Area,0,0,Off Target
Harry Kane,England,101.5,35.7,0.028181294,Blocked,Open Play,Left Foot,Normal,True,,,,43,1,3857261,18.99,13.09,Penalty Area,0,0,Blocked
Harry Kane,England,101.2,27.6,0.030065771,Blocked,Open Play,Right Foot,Normal,,,,,47,1,3857261,22.52,33.41,Edge of Box,0,0,Blocked
John Stones,England,112.8,55.4,0.006450981,Saved,Open Play,Head,Normal,,,,True,47,1,3857261,17.0,64.94,Penalty Area,0,1,Saved
Joe Allen,Wales,100.7,51.3,0.04109325,Off T,Open Play,Left Foot,Normal,,,,,49,1,3857261,22.36,30.35,Edge of Box,0,0,Off Target
Marcus Rashford,England,96.1,29.3,0.05780817,Goal,Free Kick,Right Foot,Normal,,,,,49,2,3857261,26.19,24.12,Edge of Box,1,1,Goal
Phil Foden,England,114.5,34.1,0.44030064,Goal,Open Play,Left Foot,Normal,True,,,,50,2,3857261,8.07,47.01,Central (12m),1,1,Goal
Kieffer Roberto Francisco Moore,Wales,90.1,22.3,0.00753591,Saved,Open Play,Right Foot,Normal,,,,,55,2,3857261,34.75,30.62,Long Range,0,1,Saved
Marcus Rashford,England,109.9,50.3,0.096602984,Goal,Open Play,Left Foot,Normal,,,,,67,2,3857261,14.43,45.56,Penalty Area,1,1,Goal
Marcus Rashford,England,110.3,52.4,0.13184288,Saved,Open Play,Right Foot,Normal,True,,,,71,2,3857261,15.74,51.97,Penalty Area,0,1,Saved
Brennan Johnson,Wales,104.5,57.3,0.02192258,Blocked,Open Play,Right Foot,Normal,,,,,72,2,3857261,23.23,48.14,Edge of Box,0,0,Blocked
Jude Bellingham,England,104.3,32.8,0.25030845,Saved,Open Play,Right Foot,Normal,True,,,,76,2,3857261,17.27,24.64,Penalty Area,0,1,Saved
Jude Bellingham,England,112.7,29.3,0.24362406,Wayward,Open Play,Left Foot,Normal,True,,,,76,2,3857261,12.95,55.7,Penalty Area,0,0,Off Target
Phil Foden,England,116.1,39.5,0.6100251,Off T,Open Play,Left Foot,Half Volley,True,,,,76,2,3857261,3.93,7.31,Six Yard Box,0,0,Off Target
Harry Wilson,Wales,92.6,52.6,0.031328887,Blocked,Free Kick,Left Foot,Normal,,,,,82,2,3857261,30.16,24.7,Long Range,0,0,Blocked
Rubin Colwill,Wales,98.3,26.1,0.025066664,Off T,Open Play,Right Foot,Normal,True,,,,83,2,3857261,25.77,32.64,Edge of Box,0,0,Off Target
Kieffer Roberto Francisco Moore,Wales,102.1,34.6,0.058446433,Off T,Open Play,Right Foot,Normal,,,,,86,2,3857261,18.7,16.79,Penalty Area,0,0,Off Target
John Stones,England,114.4,43.9,0.45507616,Post,Open Play,Left Foot,Half Volley,True,,,True,90,2,3857261,6.82,34.85,Central (12m),0,0,Post
Phil Foden,England,111.0,48.5,0.09753507,Blocked,Open Play,Left Foot,Normal,True,,,,93,2,3857261,12.38,43.36,Penalty Area,0,0,Blocked
Bryan Mbeumo,Cameroon,109.4,22.7,0.016072592,Saved,Open Play,Left Foot,Normal,True,,,,9,1,3857290,20.29,58.5,Edge of Box,0,1,Saved
Karl Brillant Toko Ekambi,Cameroon,108.7,32.1,0.15900026,Off T,Open Play,Right Foot,Half Volley,True,,,,9,1,3857290,13.79,34.96,Penalty Area,0,0,Off Target
Granit Xhaka,Switzerland,88.1,28.2,0.012105021,Off T,Open Play,Left Foot,Normal,,,,,11,1,3857290,34.01,20.3,Long Range,0,0,Off Target
Ngoran Suiru Fai Collins,Cameroon,98.8,59.8,0.009452554,Off T,Open Play,Right Foot,Normal,,,,,25,1,3857290,29.01,43.04,Edge of Box,0,0,Off Target
Martin Hongla Yma II,Cameroon,110.6,53.8,0.08237888,Saved,Open Play,Right Foot,Normal,,True,,True,29,1,3857290,16.7,55.74,Penalty Area,0,1,Saved
Nico Elvedi,Switzerland,113.3,38.7,0.19001445,Off T,Open Play,Head,Normal,,,,True,39,1,3857290,6.82,10.98,Central (12m),0,0,Off Target
Jean-Eric Maxim Choupo-Moting,Cameroon,105.2,53.5,0.041722767,Blocked,Open Play,Right Foot,Normal,,,,,40,1,3857290,20.03,42.37,Edge of Box,0,0,Blocked
Manuel Obafemi Akanji,Switzerland,114.7,38.7,0.15555824,Off T,Open Play,Head,Normal,,,,,45,1,3857290,5.46,13.78,Six Yard Box,0,0,Off Target
Breel-Donald Embolo,Switzerland,111.9,39.5,0.55189455,Goal,Open Play,Right Foot,Normal,True,,,True,47,2,3857290,8.12,3.53,Central (12m),1,1,Goal
Nicolas Alexis Julio N'Koulou Ndoubena,Cameroon,116.1,35.1,0.24569963,Saved,Open Play,Head,Normal,,,,,49,2,3857290,6.26,51.48,Central (12m),0,1,Saved
Jean-Eric Maxim Choupo-Moting,Cameroon,119.2,47.9,0.0123953605,Saved,Open Play,Right Foot,Normal,,,,,56,2,3857290,7.94,84.22,Central (12m),0,1,Saved
André-Frank Zambo Anguissa,Cameroon,107.5,44.3,0.046351306,Saved,Open Play,Head,Normal,,,,True,65,2,3857290,13.22,18.98,Penalty Area,0,1,Saved
Ruben Vargas,Switzerland,107.5,41.8,0.1977995,Saved,Open Play,Right Foot,Normal,True,,,,65,2,3857290,12.63,8.19,Penalty Area,0,1,Saved
Granit Xhaka,Switzerland,96.2,37.3,0.048882935,Saved,Open Play,Left Foot,Normal,,,,,88,2,3857290,23.95,6.47,Edge of Box,0,1,Saved
Haris Seferović,Switzerland,108.0,45.8,0.27028984,Blocked,Open Play,Left Foot,Normal,,,,,94,2,3857290,13.33,25.8,Penalty Area,0,0,Blocked
Otávio Edmilson da Silva Monteiro,Portugal,96.6,34.3,0.02513017,Off T,Open Play,Right Foot,Volley,True,,,,4,1,3857298,24.08,13.69,Edge of Box,0,0,Off Target
Rúben Diogo Da Silva Neves,Portugal,98.1,36.6,0.07171052,Blocked,Open Play,Right Foot,Normal,True,,,,5,1,3857298,22.16,8.82,Edge of Box,0,0,Blocked
Cristiano Ronaldo dos Santos Aveiro,Portugal,107.7,39.2,0.4577736,Saved,Open Play,Right Foot,Normal,,True,,,9,1,3857298,12.33,3.72,Penalty Area,0,1,Saved
Cristiano Ronaldo dos Santos Aveiro,Portugal,116.3,43.7,0.2074416,Off T,Open Play,Head,Normal,,,,True,12,1,3857298,5.23,45.0,Six Yard Box,0,0,Off Target
João Félix Sequeira,Portugal,104.2,35.6,0.07848694,Off T,Open Play,Left Foot,Normal,True,,,,27,1,3857298,16.4,15.56,Penalty Area,0,0,Off Target
Otávio Edmilson da Silva Monteiro,Portugal,99.9,32.5,0.045895047,Saved,Open Play,Right Foot,Normal,,,,,35,1,3857298,21.45,20.46,Edge of Box,0,1,Saved
Cristiano Ronaldo dos Santos Aveiro,Portugal,110.0,25.1,0.030432492,Blocked,Open Play,Left Foot,Normal,True,,,,41,1,3857298,17.94,56.13,Penalty Area,0,0,Blocked
Alidu Seidu,Ghana,88.8,44.2,0.015372672,Off T,Open Play,Left Foot,Half Volley,True,,,,53,2,3857298,31.48,7.67,Long Range,0,0,Off Target
Mohammed Kudus,Ghana,92.9,31.0,0.030134441,Off T,Open Play,Left Foot,Normal,,,,,54,2,3857298,28.56,18.37,Edge of Box,0,0,Off Target
Cristiano Ronaldo dos Santos Aveiro,Portugal,108.1,40.1,0.7835,Goal,Penalty,Right Foot,Normal,,,,,64,2,3857298,11.9,0.48,Central (12m),1,1,Goal
Iñaki Williams Arthuer,Ghana,91.1,47.3,0.020453067,Blocked,Open Play,Right Foot,Normal,,,,,66,2,3857298,29.81,14.18,Edge of Box,0,0,Blocked
Thomas Teye Partey,Ghana,92.4,52.5,0.021057075,Off T,Open Play,Right Foot,Normal,,,,True,68,2,3857298,30.3,24.37,Long Range,0,0,Off Target
Mohammed Kudus,Ghana,90.8,34.5,0.02159481,Saved,Open Play,Left Foot,Half Volley,,,,,71,2,3857298,29.71,10.67,Edge of Box,0,1,Saved
André Ayew Pelé,Ghana,115.6,39.8,0.48524466,Goal,Open Play,Right Foot,Half Volley,True,,,,72,2,3857298,4.4,2.6,Six Yard Box,1,1,Goal
João Félix Sequeira,Portugal,107.5,52.6,0.21504128,Goal,Open Play,Right Foot,Normal,,True,,,77,2,3857298,17.75,45.23,Penalty Area,1,1,Goal
Rafael Alexandre Conceição Leão,Portugal,111.7,28.3,0.15539157,Goal,Open Play,Right Foot,Normal,True,,,,79,2,3857298,14.35,54.65,Penalty Area,1,1,Goal
Osman Bukari,Ghana,113.5,40.2,0.15547352,Goal,Open Play,Head,Normal,,,,,88,2,3857298,6.5,1.76,Central (12m),1,1,Goal
Mohamed Salisu,Ghana,106.9,30.6,0.02431712,Off T,Open Play,Head,Normal,,,,True,91,2,3857298,16.12,35.66,Penalty Area,0,0,Off Target
Rafael Alexandre Conceição Leão,Portugal,95.5,29.9,0.026070174,Blocked,Open Play,Right Foot,Normal,,,,,95,2,3857298,26.5,22.4,Edge of Box,0,0,Blocked
Osman Bukari,Ghana,103.3,12.6,0.0063759447,Off T,Open Play,Right Foot,Normal,,,,,97,2,3857298,32.09,58.64,Long Range,0,0,Off Target
Boulaye Dia,Senegal,107.0,27.1,0.034865376,Blocked,Open Play,Left Foot,Half Volley,,,,,0,1,3857285,18.31,44.78,Penalty Area,0,0,Blocked
Vincent Janssen,Netherlands,103.2,34.3,0.12169348,Blocked,Open Play,Left Foot,Normal,True,,,,3,1,3857285,17.74,18.74,Penalty Area,0,0,Blocked
Ismaïla Sarr,Senegal,97.5,44.1,0.059537582,Off T,Open Play,Left Foot,Normal,,,,True,8,1,3857285,22.87,10.33,Edge of Box,0,0,Off Target
Daley Blind,Netherlands,112.8,32.9,0.04866169,Off T,Open Play,Head,Normal,,,,True,16,1,3857285,10.11,44.6,Central (12m),0,0,Off Target
Vincent Janssen,Netherlands,98.3,44.3,0.03382374,Blocked,Open Play,Left Foot,Normal,,,,True,18,1,3857285,22.12,11.21,Edge of Box,0,0,Blocked
Ismaïla Sarr,Senegal,102.7,25.9,0.034923773,Blocked,Open Play,Right Foot,Normal,,,,,24,1,3857285,22.32,39.18,Edge of Box,0,0,Blocked
Virgil van Dijk,Netherlands,109.4,38.0,0.045367446,Off T,Open Play,Head,Normal,,,,True,26,1,3857285,10.79,10.68,Central (12m),0,0,Off Target
Idrissa Gana Gueye,Senegal,100.9,48.4,0.025139945,Blocked,Open Play,Right Foot,Normal,,,,,28,1,3857285,20.87,23.74,Edge of Box,0,0,Blocked
Krépin Diatta,Senegal,100.0,56.6,0.03131155,Off T,Open Play,Left Foot,Normal,,,,,28,1,3857285,25.99,39.69,Edge of Box,0,0,Off Target
Youssouf Sabaly,Senegal,84.7,54.0,0.0068181115,Saved,Open Play,Right Foot,Normal,,,,,32,1,3857285,37.97,21.63,Long Range,0,1,Saved
Steven Berghuis,Netherlands,97.2,47.3,0.030127633,Off T,Open Play,Left Foot,Volley,,,,,39,1,3857285,23.94,17.75,Edge of Box,0,0,Off Target
Virgil van Dijk,Netherlands,111.1,40.2,0.06871433,Off T,Open Play,Head,Normal,,,,True,52,2,3857285,8.9,1.29,Central (12m),0,0,Off Target
Youssouf Sabaly,Senegal,96.9,57.9,0.011074076,Blocked,Open Play,Right Foot,Normal,,,,,53,2,3857285,29.22,37.77,Edge of Box,0,0,Blocked
Krépin Diatta,Senegal,115.2,50.5,0.058196757,Wayward,Open Play,Right Foot,Half Volley,True,,,,57,2,3857285,11.55,65.43,Central (12m),0,0,Off Target
Steven Berghuis,Netherlands,95.3,32.8,0.038496487,Blocked,Open Play,Left Foot,Normal,,,,,59,2,3857285,25.73,16.25,Edge of Box,0,0,Blocked
Boulaye Dia,Senegal,107.6,56.5,0.04221427,Saved,Open Play,Right Foot,Normal,True,,,,64,2,3857285,20.64,53.07,Edge of Box,0,1,Saved
Idrissa Gana Gueye,Senegal,103.3,40.4,0.06520781,Saved,Open Play,Right Foot,Half Volley,,,,True,72,2,3857285,16.7,1.37,Penalty Area,0,1,Saved
Cheikh Ahmadou Bamba Mbacke Dieng,Senegal,104.3,31.7,0.07416881,Off T,Open Play,Left Foot,Half Volley,True,,,,74,2,3857285,17.76,27.86,Penalty Area,0,0,Off Target
Ismaïla Sarr,Senegal,111.3,40.6,0.06430619,Off T,Open Play,Head,Normal,,,,True,81,2,3857285,8.72,3.95,Central (12m),0,0,Off Target
Cody Mathès Gakpo,Netherlands,112.3,39.0,0.28603274,Goal,Open Play,Head,Normal,,True,,,83,2,3857285,7.76,7.4,Central (12m),1,1,Goal
Pape Gueye,Senegal,93.8,56.8,0.008650101,Saved,Open Play,Left Foot,Normal,,,,,85,2,3857285,31.12,32.67,Long Range,0,1,Saved
Ismail Jakobs,Senegal,91.0,27.5,0.014392905,Off T,Open Play,Left Foot,Half Volley,True,,,,91,2,3857285,31.58,23.32,Long Range,0,0,Off Target
Cheikh Ahmadou Bamba Mbacke Dieng,Senegal,112.8,35.7,0.16068545,Off T,Open Play,Head,Normal,,True,,,92,2,3857285,8.39,30.85,Central (12m),0,0,Off Target
Memphis Depay,Netherlands,101.2,50.1,0.102816984,Saved,Open Play,Left Foot,Normal,,,,,98,2,3857285,21.34,28.25,Edge of Box,0,1,Saved
Davy Klaassen,Netherlands,109.5,34.8,0.34814927,Goal,Open Play,Left Foot,Normal,True,,,,98,2,3857285,11.72,26.35,Central (12m),1,1,Goal
Joshua Sargent,United States,116.0,35.3,0.25332773,Post,Open Play,Head,Normal,,,,,9,1,3857282,6.17,49.6,Central (12m),0,0,Post
Ethan Ampadu,Wales,87.6,43.1,0.013776194,Off T,Open Play,Right Foot,Half Volley,,,,,13,1,3857282,32.55,5.47,Long Range,0,0,Off Target
Sergino Dest,United States,90.9,56.6,0.0066337776,Off T,Open Play,Right Foot,Normal,,,,,28,1,3857282,33.5,29.7,Long Range,0,0,Off Target
Timothy Weah,United States,107.7,37.8,0.20100605,Goal,Open Play,Right Foot,Normal,True,,,True,35,1,3857282,12.5,10.14,Penalty Area,1,1,Goal
Ben Davies,Wales,114.7,37.5,0.14399761,Off T,Open Play,Head,Normal,,,,True,44,1,3857282,5.86,25.25,Six Yard Box,0,0,Off Target
Kieffer Roberto Francisco Moore,Wales,93.4,42.2,0.032130886,Blocked,Open Play,Left Foot,Half Volley,,,,,60,2,3857282,26.69,4.73,Edge of Box,0,0,Blocked
Ben Davies,Wales,109.2,38.3,0.18666926,Saved,Open Play,Head,Diving Header,,,,,63,2,3857282,10.93,8.95,Central (12m),0,1,Saved
Kieffer Roberto Francisco Moore,Wales,116.3,43.4,0.19270518,Off T,Open Play,Head,Normal,,,,,64,2,3857282,5.02,42.58,Six Yard Box,0,0,Off Target
Haji Wright,United States,106.6,46.9,0.027433796,Off T,Open Play,Head,Normal,,,,True,74,2,3857282,15.07,27.25,Penalty Area,0,0,Off Target
Brenden Aaronson,United States,116.3,46.7,0.09428854,Off T,Open Play,Head,Normal,,,,True,76,2,3857282,7.65,61.09,Central (12m),0,0,Off Target
Gareth Frank Bale,Wales,108.0,40.0,0.7835,Goal,Penalty,Left Foot,Normal,,,,,81,2,3857282,12.0,0.0,Penalty Area,1,1,Goal
Brennan Johnson,Wales,109.9,56.2,0.042556882,Saved,Open Play,Right Foot,Normal,,,,,88,2,3857282,19.09,58.06,Penalty Area,0,1,Saved
Tyler Adams,United States,92.8,35.5,0.019808901,Blocked,Open Play,Right Foot,Half Volley,,,,,91,2,3857282,27.57,9.39,Edge of Box,0,0,Blocked
Mohammed Al Burayk,Saudi Arabia,91.6,24.8,0.012477021,Blocked,Open Play,Right Foot,Normal,,,,,7,1,3857297,32.21,28.16,Long Range,0,0,Blocked
Mohammed Kanoo,Saudi Arabia,105.5,54.5,0.03839731,Saved,Open Play,Right Foot,Normal,True,,,,12,1,3857297,20.51,45.0,Edge of Box,0,1,Saved
Krystian Bielik,Poland,111.7,39.3,0.075333446,Blocked,Open Play,Head,Normal,,,,True,25,1,3857297,8.33,4.82,Central (12m),0,0,Blocked
Saleh Khalid Al Shehri,Saudi Arabia,108.5,45.0,0.044610713,Wayward,Open Play,Head,Normal,,,,,32,1,3857297,12.54,23.5,Penalty Area,0,0,Off Target
Piotr Zieliński,Poland,111.9,44.7,0.23496674,Goal,Open Play,Right Foot,Half Volley,True,,,,38,1,3857297,9.36,30.12,Central (12m),1,1,Goal
Robert Lewandowski,Poland,112.9,58.5,0.009729679,Wayward,Open Play,Right Foot,Half Volley,,True,,,40,1,3857297,19.82,69.0,Penalty Area,0,0,Off Target
Salem Mohammed Al Dawsari,Saudi Arabia,108.1,40.1,0.7835,Saved,Penalty,Right Foot,Normal,,,,,45,1,3857297,11.9,0.48,Central (12m),0,1,Saved
Mohammed Al Burayk,Saudi Arabia,112.7,32.9,0.35719204,Saved,Open Play,Right Foot,Normal,True,,,,45,1,3857297,10.18,44.2,Central (12m),0,1,Saved
Saud Abdullah Abdul Hamid,Saudi Arabia,85.9,24.5,0.005913877,Blocked,Open Play,Right Foot,Normal,,,,,50,2,3857297,37.46,24.44,Long Range,0,0,Blocked
Mohammed Kanoo,Saudi Arabia,104.2,39.3,0.03705331,Off T,Open Play,Right Foot,Overhead Kick,True,,,,50,2,3857297,15.82,2.54,Penalty Area,0,0,Off Target
Salem Mohammed Al Dawsari,Saudi Arabia,97.6,21.6,0.010959039,Off T,Open Play,Right Foot,Normal,,,,,53,2,3857297,28.99,39.4,Edge of Box,0,0,Off Target
Salem Mohammed Al Dawsari,Saudi Arabia,114.6,36.1,0.16438472,Saved,Open Play,Left Foot,Normal,,,,,54,2,3857297,6.66,35.84,Central (12m),0,1,Saved
Abdulelah Saad Hameed Al-Malki,Saudi Arabia,97.0,40.0,0.0391187,Off T,Open Play,Right Foot,Volley,True,,,,54,2,3857297,23.0,0.0,Edge of Box,0,0,Off Target
Firas Tariq Nasser Al Albirakan,Saudi Arabia,112.9,27.5,0.11089649,Off T,Open Play,Left Foot,Normal,,True,,True,59,2,3857297,14.38,60.4,Penalty Area,0,0,Off Target
Mohammed Kanoo,Saudi Arabia,107.3,49.4,0.07597345,Off T,Open Play,Right Foot,Normal,True,,,,60,2,3857297,15.8,36.51,Penalty Area,0,0,Off Target
Arkadiusz Milik,Poland,111.0,38.8,0.13519733,Post,Open Play,Head,Normal,,,,,62,2,3857297,9.08,7.59,Central (12m),0,0,Post
Robert Lewandowski,Poland,115.1,44.4,0.25903136,Post,Open Play,Other,Normal,,,,,65,2,3857297,6.59,41.92,Central (12m),0,0,Post
Nawaf Shaker Al Abid,Saudi Arabia,95.1,46.7,0.0660456,Blocked,Free Kick,Left Foot,Normal,,,,,67,2,3857297,25.79,15.06,Edge of Box,0,0,Blocked
Salem Mohammed Al Dawsari,Saudi Arabia,96.0,34.2,0.03677261,Saved,Open Play,Right Foot,Normal,,,,,68,2,3857297,24.69,13.59,Edge of Box,0,1,Saved
Robert Lewandowski,Poland,107.3,49.0,0.09536816,Blocked,Open Play,Right Foot,Normal,True,,,,72,2,3857297,15.57,35.32,Penalty Area,0,0,Blocked
Abdulelah Saad Hameed Al-Malki,Saudi Arabia,103.2,34.7,0.10027991,Off T,Open Play,Left Foot,Normal,True,,,,77,2,3857297,17.62,17.51,Penalty Area,0,0,Off Target
Krzysztof Piątek,Poland,107.4,41.4,0.02819521,Off T,Open Play,Head,Normal,,,,True,80,2,3857297,12.68,6.34,Penalty Area,0,0,Off Target
Robert Lewandowski,Poland,107.2,44.6,0.47824246,Goal,Open Play,Left Foot,Normal,,True,,,81,2,3857297,13.6,19.77,Penalty Area,1,1,Goal
Abdulrahman Al-Obood,Saudi Arabia,118.0,48.2,0.041744728,Off T,Open Play,Head,Normal,,,,True,86,2,3857297,8.44,76.29,Central (12m),0,0,Off Target
Robert Lewandowski,Poland,109.9,48.1,0.4181081,Saved,Open Play,Right Foot,Lob,,True,,,89,2,3857297,12.95,38.73,Penalty Area,0,1,Saved
Mohammed Kanoo,Saudi Arabia,95.3,32.9,0.046656966,Off T,Open Play,Right Foot,Normal,,,,,95,2,3857297,25.7,16.04,Edge of Box,0,0,Off Target
Memphis Depay,Netherlands,114.9,52.7,0.04113277,Off T,Open Play,Right Foot,Half Volley,True,,,,0,1,3857294,13.69,68.12,Penalty Area,0,0,Off Target
Hassan Khalid Al Heidos,Qatar,89.6,52.0,0.015712837,Saved,Open Play,Right Foot,Normal,,,,,2,1,3857294,32.68,21.54,Long Range,0,1,Saved
Daley Blind,Netherlands,114.1,29.0,0.10723932,Saved,Open Play,Right Foot,Normal,True,,,,3,1,3857294,12.48,61.79,Penalty Area,0,1,Saved
Daley Blind,Netherlands,115.2,28.6,0.042171385,Off T,Open Play,Right Foot,Volley,True,,,True,3,1,3857294,12.37,67.17,Penalty Area,0,0,Off Target
Cody Mathès Gakpo,Netherlands,93.2,29.5,0.023612352,Blocked,Open Play,Right Foot,Normal,,,,True,6,1,3857294,28.78,21.39,Edge of Box,0,0,Blocked
Frenkie de Jong,Netherlands,96.9,32.3,0.032602046,Blocked,Open Play,Right Foot,Normal,,,,,13,1,3857294,24.35,18.43,Edge of Box,0,0,Blocked
Memphis Depay,Netherlands,107.4,31.3,0.14338174,Off T,Open Play,Right Foot,Half Volley,True,,,,13,1,3857294,15.31,34.62,Penalty Area,0,0,Off Target
Davy Klaassen,Netherlands,113.0,44.5,0.08364612,Off T,Open Play,Head,Normal,,,,True,18,1,3857294,8.32,32.74,Central (12m),0,0,Off Target
Abdelkarim Hassan Al Haj Fadlalla,Qatar,109.2,45.5,0.067132466,Off T,Open Play,Right Foot,Volley,True,,,,24,1,3857294,12.12,26.99,Penalty Area,0,0,Off Target
Memphis Depay,Netherlands,113.6,30.5,0.0753362,Blocked,Open Play,Right Foot,Normal,,,,True,25,1,3857294,11.45,56.03,Central (12m),0,0,Blocked
Cody Mathès Gakpo,Netherlands,103.3,39.8,0.14035599,Goal,Open Play,Right Foot,Normal,,,,True,25,1,3857294,16.7,0.69,Penalty Area,1,1,Goal
Ismaeel Mohammad Mohammad,Qatar,93.9,39.3,0.03016361,Saved,Open Play,Right Foot,Normal,,,,True,28,1,3857294,26.11,1.54,Edge of Box,0,1,Saved
Memphis Depay,Netherlands,93.6,49.7,0.029451067,Off T,Open Play,Right Foot,Half Volley,True,,,,47,1,3857294,28.13,20.17,Edge of Box,0,0,Off Target
Memphis Depay,Netherlands,116.4,34.2,0.2959347,Saved,Open Play,Right Foot,Volley,,True,,True,48,2,3857294,6.83,58.17,Central (12m),0,1,Saved
Frenkie de Jong,Netherlands,117.6,40.3,0.6883914,Goal,Open Play,Right Foot,Half Volley,True,,True,,48,2,3857294,2.42,7.13,Six Yard Box,1,1,Goal
Abdulaziz Hatem Mohammed Abdullah,Qatar,94.7,53.1,0.024495702,Saved,Open Play,Right Foot,Normal,,,,,76,2,3857294,28.49,27.37,Edge of Box,0,1,Saved
Pedro Miguel Correia,Qatar,88.8,53.2,0.00621196,Off T,Open Play,Right Foot,Normal,,,,,87,2,3857294,33.88,22.93,Long Range,0,0,Off Target
Steven Berghuis,Netherlands,102.2,59.1,0.010698183,Post,Open Play,Left Foot,Normal,,,,,91,2,3857294,26.11,47.02,Edge of Box,0,0,Post
Ousmane Dembélé,France,97.8,38.0,0.04759094,Blocked,Open Play,Right Foot,Normal,,,,,5,1,3857266,22.29,5.15,Edge of Box,0,0,Blocked
Adrien Rabiot,France,115.0,45.6,0.10936305,Blocked,Open Play,Head,Normal,,,,True,9,1,3857266,7.51,48.24,Central (12m),0,0,Blocked
Raphaël Varane,France,112.4,46.9,0.0425816,Wayward,Open Play,Head,Normal,,,,True,12,1,3857266,10.26,42.24,Central (12m),0,0,Off Target
Olivier Giroud,France,111.9,38.9,0.11903284,Wayward,Open Play,Head,Normal,,,,True,14,1,3857266,8.17,7.73,Central (12m),0,0,Off Target
Adrien Rabiot,France,108.9,44.3,0.04225832,Saved,Open Play,Head,Normal,,,,,20,1,3857266,11.9,21.18,Central (12m),0,1,Saved
Jules Koundé,France,109.0,56.2,0.02881258,Blocked,Open Play,Right Foot,Half Volley,,,,True,29,1,3857266,19.58,55.82,Penalty Area,0,0,Blocked
Antoine Griezmann,France,118.2,23.1,0.010852635,Saved,Open Play,Left Foot,Normal,,True,,True,32,1,3857266,17.0,83.92,Penalty Area,0,1,Saved
Aurélien Djani Tchouaméni,France,99.7,39.1,0.054124165,Blocked,Open Play,Right Foot,Normal,True,,,,32,1,3857266,20.32,2.54,Edge of Box,0,0,Blocked
Ousmane Dembélé,France,108.2,48.0,0.046849832,Blocked,Open Play,Left Foot,Volley,,,,,32,1,3857266,14.26,34.14,Penalty Area,0,0,Blocked
Adrien Rabiot,France,100.1,24.5,0.02230111,Blocked,Open Play,Left Foot,Normal,,,,,33,1,3857266,25.22,37.91,Edge of Box,0,0,Blocked
Andreas Evald Cornelius,Denmark,107.4,55.8,0.048269883,Off T,Open Play,Right Foot,Normal,True,,,,35,1,3857266,20.21,51.43,Edge of Box,0,0,Off Target
Olivier Giroud,France,108.6,45.2,0.045027424,Off T,Open Play,Head,Normal,,,,True,36,1,3857266,12.53,24.52,Penalty Area,0,0,Off Target
Kylian Mbappé Lottin,France,106.0,43.8,0.18605462,Off T,Open Play,Right Foot,Normal,True,,,,39,1,3857266,14.51,15.19,Penalty Area,0,0,Off Target
Christian Dannemann Eriksen,Denmark,83.0,42.5,0.006951803,Off T,Open Play,Right Foot,Normal,,,,,44,1,3857266,37.08,3.87,Long Range,0,0,Off Target
Kylian Mbappé Lottin,France,98.6,18.5,0.011081066,Blocked,Open Play,Right Foot,Normal,,,,,47,1,3857266,30.33,45.13,Long Range,0,0,Blocked
Kylian Mbappé Lottin,France,104.1,30.1,0.03630777,Saved,Open Play,Left Foot,Normal,,,,,55,2,3857266,18.73,31.91,Penalty Area,0,1,Saved
Antoine Griezmann,France,102.6,38.8,0.21733604,Off T,Open Play,Left Foot,Half Volley,,True,,,59,2,3857266,17.44,3.95,Penalty Area,0,0,Off Target
Kylian Mbappé Lottin,France,110.8,31.3,0.08505598,Goal,Open Play,Right Foot,Half Volley,True,,,,60,2,3857266,12.66,43.4,Penalty Area,1,1,Goal
Joachim Andersen,Denmark,112.2,43.9,0.082872435,Wayward,Open Play,Head,Normal,,,,True,67,2,3857266,8.72,26.57,Central (12m),0,0,Off Target
Andreas Christensen,Denmark,113.0,37.6,0.25384808,Goal,Open Play,Head,Normal,,,,,67,2,3857266,7.4,18.92,Central (12m),1,1,Goal
Jesper Lindstrøm,Denmark,107.4,33.0,0.18929456,Saved,Open Play,Right Foot,Normal,True,,,,72,2,3857266,14.41,29.05,Penalty Area,0,1,Saved
Christian Dannemann Eriksen,Denmark,93.3,45.1,0.0264413,Blocked,Open Play,Left Foot,Normal,,,,,73,2,3857266,27.18,10.81,Edge of Box,0,0,Blocked
Aurélien Djani Tchouaméni,France,113.7,37.7,0.22405402,Blocked,Open Play,Head,Diving Header,,,,,77,2,3857266,6.71,20.06,Central (12m),0,0,Blocked
Jules Koundé,France,110.7,40.7,0.106879756,Off T,Open Play,Head,Normal,,,,True,78,2,3857266,9.33,4.3,Central (12m),0,0,Off Target
Adrien Rabiot,France,112.7,47.3,0.080693014,Off T,Open Play,Left Foot,Overhead Kick,True,,,,79,2,3857266,10.32,45.0,Central (12m),0,0,Off Target
Martin Braithwaite Christensen,Denmark,110.0,45.1,0.23786028,Post,Open Play,Right Foot,Normal,True,,,,80,2,3857266,11.23,27.02,Central (12m),0,0,Post
Pierre-Emile Højbjerg,Denmark,87.2,48.7,0.015153575,Off T,Open Play,Right Foot,Normal,True,,,,83,2,3857266,33.93,14.86,Long Range,0,0,Off Target
Kylian Mbappé Lottin,France,117.8,36.5,0.38353118,Goal,Open Play,Other,Normal,True,,,,85,2,3857266,4.13,57.85,Six Yard Box,1,1,Goal
Joachim Andersen,Denmark,94.3,53.4,0.014218964,Blocked,Open Play,Left Foot,Normal,,,,,88,2,3857266,28.98,27.54,Edge of Box,0,0,Blocked
Kylian Mbappé Lottin,France,99.4,25.5,0.033781487,Saved,Open Play,Right Foot,Half Volley,True,,,,90,2,3857266,25.19,35.14,Edge of Box,0,1,Saved
Joakim Mæhle,Denmark,87.5,42.4,0.013632962,Off T,Open Play,Right Foot,Half Volley,True,,,,96,2,3857266,32.59,4.22,Long Range,0,0,Off Target
Joshua Kimmich,Germany,93.0,31.2,0.022911863,Blocked,Open Play,Right Foot,Normal,,,,,13,1,3857284,28.4,18.05,Edge of Box,0,0,Blocked
Antonio Rüdiger,Germany,110.5,50.6,0.026021937,Off T,Open Play,Head,Normal,,,,True,15,1,3857284,14.23,48.13,Penalty Area,0,0,Off Target
Joshua Kimmich,Germany,96.9,39.6,0.05193508,Saved,Open Play,Right Foot,Normal,True,,,True,19,1,3857284,23.1,0.99,Edge of Box,0,1,Saved
İlkay Gündoğan,Germany,99.7,29.6,0.042519,Blocked,Open Play,Right Foot,Normal,,,,,25,1,3857284,22.81,27.13,Edge of Box,0,0,Blocked
İlkay Gündoğan,Germany,94.4,42.8,0.041637745,Saved,Open Play,Right Foot,Normal,True,,,,27,1,3857284,25.75,6.24,Edge of Box,0,1,Saved
İlkay Gündoğan,Germany,105.3,36.8,0.12241382,Blocked,Open Play,Right Foot,Normal,True,,,,28,1,3857284,15.04,12.28,Penalty Area,0,0,Blocked
İlkay Gündoğan,Germany,108.0,40.0,0.7835,Goal,Penalty,Right Foot,Normal,,,,,32,1,3857284,12.0,0.0,Penalty Area,1,1,Goal
Serge Gnabry,Germany,93.1,48.2,0.028658802,Blocked,Open Play,Left Foot,Normal,,,,,37,1,3857284,28.12,16.95,Edge of Box,0,0,Blocked
Jamal Musiala,Germany,108.5,28.3,0.03933018,Blocked,Open Play,Right Foot,Normal,,,,,37,1,3857284,16.41,45.49,Penalty Area,0,0,Blocked
İlkay Gündoğan,Germany,93.3,39.0,0.031919174,Saved,Open Play,Right Foot,Normal,,,,,40,1,3857284,26.72,2.14,Edge of Box,0,1,Saved
Joshua Kimmich,Germany,97.0,42.2,0.05113006,Off T,Open Play,Right Foot,Normal,True,,,,41,1,3857284,23.1,5.46,Edge of Box,0,0,Off Target
Jamal Musiala,Germany,101.9,45.1,0.06614002,Off T,Open Play,Right Foot,Normal,,,,,44,1,3857284,18.8,15.74,Penalty Area,0,0,Off Target
Joshua Kimmich,Germany,100.3,40.5,0.047906045,Saved,Open Play,Left Foot,Half Volley,True,,,,48,1,3857284,19.71,1.45,Penalty Area,0,1,Saved
Serge Gnabry,Germany,114.3,29.9,0.21508263,Wayward,Open Play,Left Foot,Normal,True,,,,48,1,3857284,11.6,60.56,Central (12m),0,0,Off Target
Daizen Maeda,Japan,111.0,34.3,0.07710243,Off T,Open Play,Head,Normal,,,,,50,1,3857284,10.65,32.35,Central (12m),0,0,Off Target
Serge Gnabry,Germany,108.3,57.9,0.013327111,Post,Open Play,Right Foot,Normal,,,,,46,2,3857284,21.38,56.83,Edge of Box,0,0,Post
Daichi Kamada,Japan,103.3,47.4,0.06444196,Blocked,Open Play,Right Foot,Normal,True,,,,49,2,3857284,18.27,23.9,Penalty Area,0,0,Blocked
Jamal Musiala,Germany,107.2,41.0,0.15860753,Off T,Open Play,Right Foot,Normal,,,,,50,2,3857284,12.84,4.47,Penalty Area,0,0,Off Target
Takuma Asano,Japan,114.7,49.4,0.06737846,Off T,Open Play,Head,Normal,,,,True,57,2,3857284,10.79,60.58,Central (12m),0,0,Off Target
İlkay Gündoğan,Germany,103.0,40.0,0.10696415,Post,Open Play,Right Foot,Normal,,,,,59,2,3857284,17.0,0.0,Penalty Area,0,0,Post
Takuma Asano,Japan,106.4,25.8,0.06586899,Off T,Open Play,Left Foot,Normal,,,,,60,2,3857284,19.66,46.24,Penalty Area,0,0,Off Target
Takuma Asano,Japan,106.9,26.5,0.029970925,Blocked,Open Play,Left Foot,Normal,,,,,65,2,3857284,18.81,45.86,Penalty Area,0,0,Blocked
Ko Itakura,Japan,112.6,51.3,0.034016185,Blocked,Open Play,Head,Normal,,,,,66,2,3857284,13.51,56.78,Penalty Area,0,0,Blocked
Takuma Asano,Japan,112.5,51.1,0.0360808,Blocked,Open Play,Right Foot,Normal,,,,True,67,2,3857284,13.4,55.95,Penalty Area,0,0,Blocked
Jonas Hofmann,Germany,111.1,48.5,0.32657883,Saved,Open Play,Right Foot,Half Volley,True,,,,69,2,3857284,12.31,43.68,Penalty Area,0,1,Saved
Serge Gnabry,Germany,103.3,57.9,0.02483029,Saved,Open Play,Left Foot,Normal,,,,,69,2,3857284,24.48,46.99,Edge of Box,0,1,Saved
Serge Gnabry,Germany,112.2,43.5,0.11167552,Saved,Open Play,Head,Normal,,,,,70,2,3857284,8.55,24.17,Central (12m),0,1,Saved
Serge Gnabry,Germany,117.7,49.5,0.0550312,Saved,Open Play,Right Foot,Normal,True,,,,70,2,3857284,9.77,76.39,Central (12m),0,1,Saved
Junya Ito,Japan,109.2,36.3,0.06845111,Saved,Open Play,Right Foot,Half Volley,,,,,72,2,3857284,11.42,18.91,Central (12m),0,1,Saved
Hiroki Sakai,Japan,113.4,46.3,0.28772855,Off T,Open Play,Right Foot,Half Volley,True,,,,72,2,3857284,9.12,43.67,Central (12m),0,0,Off Target
Takumi Minamino,Japan,112.8,24.4,0.013784891,Saved,Open Play,Left Foot,Normal,True,,,,74,2,3857284,17.18,65.22,Penalty Area,0,1,Saved
Ritsu Doan,Japan,112.1,41.5,0.4777511,Goal,Open Play,Left Foot,Normal,True,,,,74,2,3857284,8.04,10.75,Central (12m),1,1,Goal
Antonio Rüdiger,Germany,115.5,39.4,0.18550046,Off T,Open Play,Head,Normal,,,,True,79,2,3857284,4.54,7.59,Six Yard Box,0,0,Off Target
Takuma Asano,Japan,117.7,50.2,0.02668418,Goal,Open Play,Right Foot,Normal,,True,,,82,2,3857284,10.46,77.29,Central (12m),1,1,Goal
Niclas Füllkrug,Germany,106.9,41.0,0.031593546,Off T,Open Play,Head,Normal,,,,True,89,2,3857284,13.14,4.37,Penalty Area,0,0,Off Target
Antonio Rüdiger,Germany,86.2,37.2,0.017847534,Off T,Open Play,Right Foot,Normal,,,,,93,2,3857284,33.92,4.74,Long Range,0,0,Off Target
Leon Goretzka,Germany,100.3,40.9,0.088851534,Off T,Open Play,Right Foot,Half Volley,True,,,,94,2,3857284,19.72,2.62,Penalty Area,0,0,Off Target
Niklas Süle,Germany,116.5,31.6,0.07610536,Blocked,Open Play,Right Foot,Volley,,,,,97,2,3857284,9.1,67.38,Central (12m),0,0,Blocked
Youssef Msakni,Tunisia,92.6,52.0,0.023819994,Blocked,Open Play,Right Foot,Normal,,,,,2,1,3857254,29.91,23.65,Edge of Box,0,0,Blocked
Issam Jebali,Tunisia,114.0,54.8,0.014059674,Blocked,Open Play,Left Foot,Normal,,,,,4,1,3857254,15.97,67.93,Penalty Area,0,0,Blocked
Mohamed Dräger,Tunisia,93.4,44.5,0.033114884,Blocked,Open Play,Right Foot,Normal,,,,,10,1,3857254,26.98,9.6,Edge of Box,0,0,Blocked
Youssef Msakni,Tunisia,114.7,29.6,0.04366076,Off T,Open Play,Head,Normal,,,,,11,1,3857254,11.67,63.0,Central (12m),0,0,Off Target
Kasper Dolberg,Denmark,115.3,32.5,0.124032564,Blocked,Open Play,Right Foot,Volley,True,,,,22,1,3857254,8.85,57.93,Central (12m),0,0,Blocked
Joachim Andersen,Denmark,99.7,30.3,0.02765422,Saved,Open Play,Left Foot,Half Volley,True,,,,22,1,3857254,22.5,25.54,Edge of Box,0,1,Saved
Pierre-Emile Højbjerg,Denmark,95.4,19.0,0.008709067,Saved,Open Play,Right Foot,Normal,,,,,32,1,3857254,32.34,40.49,Long Range,0,1,Saved
Yassine Meriah,Tunisia,111.4,49.3,0.046073906,Blocked,Open Play,Right Foot,Half Volley,True,,,,38,1,3857254,12.67,47.24,Penalty Area,0,0,Blocked
Aïssa Bilal Laïdouni,Tunisia,115.0,52.2,0.06712157,Off T,Open Play,Right Foot,Normal,True,,,,38,1,3857254,13.18,67.71,Penalty Area,0,0,Off Target
Issam Jebali,Tunisia,112.0,44.9,0.4656446,Saved,Open Play,Right Foot,Lob,,True,,,42,1,3857254,9.38,31.49,Central (12m),0,1,Saved
Ellyes Joris Skhiri,Tunisia,99.8,40.9,0.059586592,Off T,Open Play,Left Foot,Half Volley,True,,,,42,1,3857254,20.22,2.55,Edge of Box,0,0,Off Target
Issam Jebali,Tunisia,112.1,47.5,0.11338296,Wayward,Open Play,Head,Normal,,,,True,45,2,3857254,10.89,43.51,Central (12m),0,0,Off Target
Youssef Msakni,Tunisia,114.7,48.7,0.07208876,Off T,Open Play,Right Foot,Volley,True,,,,45,2,3857254,10.19,58.65,Central (12m),0,0,Off Target
Mohamed Dräger,Tunisia,92.2,49.3,0.020917216,Blocked,Open Play,Right Foot,Normal,,,,,50,2,3857254,29.31,18.5,Edge of Box,0,0,Blocked
Ellyes Joris Skhiri,Tunisia,99.5,39.6,0.041405495,Blocked,Open Play,Right Foot,Volley,True,,,,52,2,3857254,20.5,1.12,Edge of Box,0,0,Blocked
Dylan Daniel Mahmoud Bronn,Tunisia,103.9,36.4,0.059058707,Blocked,Open Play,Right Foot,Half Volley,,,,,52,2,3857254,16.5,12.6,Penalty Area,0,0,Blocked
Kasper Dolberg,Denmark,117.0,35.0,0.25651878,Wayward,Open Play,Head,Normal,,,,,56,2,3857254,5.83,59.04,Six Yard Box,0,0,Off Target
Christian Dannemann Eriksen,Denmark,99.2,36.8,0.08509644,Saved,Open Play,Left Foot,Normal,,,,,68,2,3857254,21.04,8.75,Edge of Box,0,1,Saved
Andreas Christensen,Denmark,117.4,37.0,0.27134958,Wayward,Open Play,Head,Normal,,,,True,69,2,3857254,3.97,49.09,Six Yard Box,0,0,Off Target
Andreas Evald Cornelius,Denmark,118.2,43.9,0.5683119,Post,Open Play,Head,Normal,,,,,69,2,3857254,4.3,65.22,Six Yard Box,0,0,Post
Mathias Jensen,Denmark,102.5,24.2,0.02872357,Off T,Open Play,Right Foot,Normal,,,,,75,2,3857254,23.58,42.08,Edge of Box,0,0,Off Target
Andreas Evald Cornelius,Denmark,114.4,36.8,0.14539434,Saved,Open Play,Head,Normal,,,,True,91,2,3857254,6.45,29.74,Central (12m),0,1,Saved
Joakim Mæhle,Denmark,95.0,30.2,0.028684001,Blocked,Open Play,Right Foot,Normal,,,,,91,2,3857254,26.85,21.41,Edge of Box,0,0,Blocked
Andreas Evald Cornelius,Denmark,108.8,46.4,0.022084296,Saved,Open Play,Head,Normal,,,,True,96,2,3857254,12.9,29.74,Penalty Area,0,1,Saved
Robert Lewandowski,Poland,110.6,37.2,0.056964528,Blocked,Open Play,Head,Normal,,,,True,6,1,3857265,9.81,16.59,Central (12m),0,0,Blocked
Héctor Alfredo Moreno Herrera,Mexico,114.5,42.4,0.1766503,Off T,Open Play,Head,Normal,,,,True,11,1,3857265,6.0,23.57,Central (12m),0,0,Off Target
Ernesto Alexis Vega Rojas,Mexico,113.2,34.6,0.098180205,Off T,Open Play,Head,Normal,,,,True,25,1,3857265,8.68,38.45,Central (12m),0,0,Off Target
Ernesto Alexis Vega Rojas,Mexico,108.5,23.7,0.025630916,Blocked,Open Play,Left Foot,Volley,True,,,,43,1,3857265,19.95,54.8,Penalty Area,0,0,Blocked
Jorge Eduardo Sánchez Ramos,Mexico,110.1,60.7,0.0069717234,Saved,Open Play,Right Foot,Normal,True,,,,44,1,3857265,22.95,64.44,Edge of Box,0,1,Saved
Luis Gerardo Chávez Magallón,Mexico,92.1,56.9,0.008207667,Blocked,Open Play,Left Foot,Normal,,,,True,46,1,3857265,32.62,31.2,Long Range,0,0,Blocked
Hirving Rodrigo Lozano Bahena,Mexico,93.9,25.2,0.02413981,Saved,Open Play,Right Foot,Normal,,,,,51,2,3857265,30.0,29.56,Long Range,0,1,Saved
Robert Lewandowski,Poland,108.1,40.0,0.7835,Saved,Penalty,Right Foot,Normal,,,,,57,2,3857265,11.9,0.0,Central (12m),0,1,Saved
Jakub Kamiński,Poland,113.4,48.8,0.10166888,Blocked,Open Play,Right Foot,Normal,True,,,,57,2,3857265,11.0,53.13,Central (12m),0,0,Blocked
Ernesto Alexis Vega Rojas,Mexico,107.9,29.9,0.0609232,Blocked,Open Play,Right Foot,Normal,,,,,59,2,3857265,15.76,39.85,Penalty Area,0,0,Blocked
Henry Josué Martín Mex,Mexico,106.7,35.1,0.06434309,Saved,Open Play,Head,Normal,,True,,,63,2,3857265,14.17,20.22,Penalty Area,0,1,Saved
Ernesto Alexis Vega Rojas,Mexico,102.7,60.6,0.009746956,Off T,Open Play,Right Foot,Normal,,,,,65,2,3857265,26.9,49.98,Edge of Box,0,0,Off Target
Ernesto Alexis Vega Rojas,Mexico,93.0,24.5,0.014301864,Off T,Open Play,Right Foot,Half Volley,True,,,,79,2,3857265,31.13,29.86,Long Range,0,0,Off Target
Jakub Piotr Kiwior,Poland,113.3,41.7,0.12449861,Wayward,Open Play,Head,Normal,,,,True,81,2,3857265,6.91,14.24,Central (12m),0,0,Off Target
Jakub Kamiński,Poland,109.4,24.8,0.04959144,Saved,Open Play,Left Foot,Normal,True,,,True,93,2,3857265,18.53,55.11,Penalty Area,0,1,Saved
Grzegorz Krychowiak,Poland,90.9,48.7,0.02170277,Off T,Open Play,Right Foot,Normal,,,,,95,2,3857265,30.37,16.65,Long Range,0,0,Off Target
Carlos Uriel Antuna Romero,Mexico,101.9,56.4,0.0400392,Saved,Open Play,Left Foot,Normal,,,,True,95,2,3857265,24.42,42.18,Edge of Box,0,1,Saved
Ismaïla Sarr,Senegal,113.5,52.4,0.07323868,Off T,Open Play,Right Foot,Normal,,,,True,3,1,3857301,14.0,62.34,Penalty Area,0,0,Off Target
Nampalys Mendy,Senegal,93.8,39.3,0.025409508,Off T,Open Play,Right Foot,Half Volley,,,,,8,1,3857301,26.21,1.53,Edge of Box,0,0,Off Target
Akram Hassan Afif,Qatar,92.5,41.5,0.019990891,Off T,Open Play,Right Foot,Half Volley,True,,,,14,1,3857301,27.54,3.12,Edge of Box,0,0,Off Target
Krépin Diatta,Senegal,111.2,26.7,0.039485876,Saved,Open Play,Left Foot,Normal,,,,True,15,1,3857301,15.95,56.51,Penalty Area,0,1,Saved
Famara Diedhiou,Senegal,112.9,38.6,0.14633009,Off T,Open Play,Head,Normal,,,,,16,1,3857301,7.24,11.15,Central (12m),0,0,Off Target
Idrissa Gana Gueye,Senegal,95.4,52.7,0.029332913,Off T,Open Play,Right Foot,Normal,True,,,,23,1,3857301,27.68,27.31,Edge of Box,0,0,Off Target
Abdelkarim Hassan Al Haj Fadlalla,Qatar,93.6,20.3,0.009041326,Blocked,Open Play,Left Foot,Normal,,,,,25,1,3857301,32.94,36.73,Long Range,0,0,Blocked
Boulaye Dia,Senegal,107.2,33.3,0.23054633,Goal,Open Play,Right Foot,Normal,True,,,,40,1,3857301,14.45,27.63,Penalty Area,1,1,Goal
Famara Diedhiou,Senegal,112.5,48.1,0.038498666,Goal,Open Play,Head,Normal,,,,,47,2,3857301,11.04,47.2,Central (12m),1,1,Goal
Abdelkarim Hassan Al Haj Fadlalla,Qatar,111.6,39.3,0.16305494,Blocked,Open Play,Right Foot,Half Volley,True,,,,54,2,3857301,8.43,4.76,Central (12m),0,0,Blocked
Ismaïla Sarr,Senegal,112.1,27.2,0.030363984,Blocked,Open Play,Left Foot,Half Volley,,,,,56,2,3857301,15.04,58.32,Penalty Area,0,0,Blocked
Famara Diedhiou,Senegal,108.8,48.6,0.05329144,Blocked,Open Play,Right Foot,Half Volley,True,,,True,58,2,3857301,14.12,37.52,Penalty Area,0,0,Blocked
Abdelkarim Hassan Al Haj Fadlalla,Qatar,89.5,22.9,0.006098259,Off T,Open Play,Right Foot,Normal,,,,,60,2,3857301,34.97,29.28,Long Range,0,0,Off Target
Almoez Ali Zainalabiddin Abdulla,Qatar,102.6,34.4,0.21404111,Saved,Open Play,Left Foot,Normal,,,,,62,2,3857301,18.28,17.84,Penalty Area,0,1,Saved
Ismaeel Mohammad Mohammad,Qatar,113.2,40.5,0.3277431,Saved,Open Play,Other,Normal,,True,,,66,2,3857301,6.82,4.21,Central (12m),0,1,Saved
Nampalys Mendy,Senegal,107.3,53.4,0.067961,Off T,Open Play,Right Foot,Normal,,,,,68,2,3857301,18.46,46.54,Penalty Area,0,0,Off Target
Mohammed Muntari,Qatar,110.1,38.7,0.072239615,Goal,Open Play,Head,Normal,,,,True,77,2,3857301,9.98,7.48,Central (12m),1,1,Goal
Boulaye Dia,Senegal,107.1,38.8,0.052429575,Wayward,Open Play,Head,Normal,,,,True,80,2,3857301,12.96,5.31,Penalty Area,0,0,Off Target
Cheikh Ahmadou Bamba Mbacke Dieng,Senegal,107.8,45.3,0.11607656,Goal,Open Play,Right Foot,Normal,True,,,,83,2,3857301,13.3,23.48,Penalty Area,1,1,Goal
Abdelkarim Hassan Al Haj Fadlalla,Qatar,95.4,52.1,0.023370314,Off T,Open Play,Left Foot,Normal,True,,,,88,2,3857301,27.41,26.19,Edge of Box,0,0,Off Target
Mohammed Muntari,Qatar,110.5,39.5,0.06740542,Blocked,Open Play,Head,Normal,,,,True,89,2,3857301,9.51,3.01,Central (12m),0,0,Blocked
Almoez Ali Zainalabiddin Abdulla,Qatar,97.1,41.8,0.057101198,Off T,Open Play,Left Foot,Normal,,,,,93,2,3857301,22.97,4.49,Edge of Box,0,0,Off Target
Michy Batshuayi Tunga,Belgium,91.7,31.8,0.017552001,Saved,Open Play,Right Foot,Normal,,,,,0,1,3857268,29.46,16.16,Edge of Box,0,1,Saved
Stephen Antunes Eustáquio,Canada,109.8,50.0,0.0798905,Blocked,Open Play,Right Foot,Normal,,,,,1,1,3857268,14.28,44.43,Penalty Area,0,0,Blocked
Jonathan David,Canada,111.4,42.8,0.12589528,Blocked,Open Play,Right Foot,Half Volley,True,,,,6,1,3857268,9.04,18.03,Central (12m),0,0,Blocked
Tajon Buchanan,Canada,106.2,35.6,0.05664073,Blocked,Open Play,Right Foot,Half Volley,,,,,7,1,3857268,14.48,17.68,Penalty Area,0,0,Blocked
Alphonso Davies,Canada,108.1,40.1,0.7835,Saved,Penalty,Left Foot,Normal,,,,,10,1,3857268,11.9,0.48,Central (12m),0,1,Saved
Jonathan David,Canada,110.4,34.6,0.20472932,Off T,Open Play,Right Foot,Volley,True,,,,10,1,3857268,11.01,29.36,Central (12m),0,0,Off Target
Richie Laryea,Canada,105.0,56.4,0.033730526,Off T,Open Play,Left Foot,Normal,,,,True,12,1,3857268,22.23,47.55,Edge of Box,0,0,Off Target
Jonathan David,Canada,107.7,45.9,0.08619453,Blocked,Open Play,Left Foot,Normal,,,,,12,1,3857268,13.64,25.63,Penalty Area,0,0,Blocked
David Junior Hoilett,Canada,104.9,53.9,0.04071268,Off T,Open Play,Left Foot,Normal,,,,,15,1,3857268,20.52,42.63,Edge of Box,0,0,Off Target
Michy Batshuayi Tunga,Belgium,112.3,50.2,0.04664896,Blocked,Open Play,Right Foot,Normal,,,,,22,1,3857268,12.78,52.95,Penalty Area,0,0,Blocked
Atiba Hutchinson,Canada,98.1,44.7,0.04634635,Off T,Open Play,Right Foot,Normal,True,,,,26,1,3857268,22.4,12.11,Edge of Box,0,0,Off Target
Alistair Johnston,Canada,108.1,56.3,0.033541974,Saved,Open Play,Right Foot,Normal,,,,,29,1,3857268,20.18,53.87,Edge of Box,0,1,Saved
Jonathan David,Canada,104.4,37.5,0.08845105,Blocked,Open Play,Right Foot,Normal,,,,,30,1,3857268,15.8,9.1,Penalty Area,0,0,Blocked
Jonathan David,Canada,111.1,34.1,0.088843234,Off T,Open Play,Head,Normal,,,,,31,1,3857268,10.68,33.54,Central (12m),0,0,Off Target
Michy Batshuayi Tunga,Belgium,111.8,51.3,0.08121458,Off T,Open Play,Right Foot,Volley,True,,,,32,1,3857268,13.96,54.03,Penalty Area,0,0,Off Target
Michy Batshuayi Tunga,Belgium,109.0,36.1,0.24992359,Goal,Open Play,Left Foot,Half Volley,True,,,,43,1,3857268,11.67,19.52,Central (12m),1,1,Goal
Tajon Buchanan,Canada,112.6,42.5,0.29588586,Off T,Open Play,Left Foot,Half Volley,True,,,True,46,1,3857268,7.81,18.67,Central (12m),0,0,Off Target
Stephen Antunes Eustáquio,Canada,100.5,38.5,0.048581414,Blocked,Open Play,Right Foot,Half Volley,True,,,,48,1,3857268,19.56,4.4,Penalty Area,0,0,Blocked
Jonathan David,Canada,111.7,36.9,0.120068476,Off T,Open Play,Head,Normal,,,,True,47,2,3857268,8.86,20.48,Central (12m),0,0,Off Target
Stephen Antunes Eustáquio,Canada,97.8,52.7,0.03604073,Off T,Open Play,Right Foot,Normal,,,,,49,2,3857268,25.58,29.77,Edge of Box,0,0,Off Target
Tajon Buchanan,Canada,98.3,34.5,0.0587075,Off T,Open Play,Right Foot,Normal,True,,,,62,2,3857268,22.39,14.22,Edge of Box,0,0,Off Target
Richie Laryea,Canada,101.7,54.6,0.022910038,Off T,Open Play,Right Foot,Normal,,,,,66,2,3857268,23.41,38.58,Edge of Box,0,0,Off Target
Michy Batshuayi Tunga,Belgium,103.9,43.0,0.0897183,Blocked,Open Play,Right Foot,Normal,True,,,,66,2,3857268,16.38,10.56,Penalty Area,0,0,Blocked
Jonathan David,Canada,103.1,38.1,0.04574546,Blocked,Open Play,Left Foot,Normal,,,,,76,2,3857268,17.01,6.41,Penalty Area,0,0,Blocked
Cyle Larin,Canada,108.2,44.1,0.07200206,Saved,Open Play,Head,Normal,,,,,79,2,3857268,12.49,19.16,Penalty Area,0,1,Saved
Leander Dendoncker,Belgium,112.5,43.5,0.08894938,Off T,Open Play,Head,Normal,,,,True,84,2,3857268,8.28,25.02,Central (12m),0,0,Off Target
Kevin De Bruyne,Belgium,96.6,39.5,0.061057936,Off T,Open Play,Right Foot,Normal,,,,,85,2,3857268,23.41,1.22,Edge of Box,0,0,Off Target
Cyle Larin,Canada,111.7,37.5,0.111036494,Off T,Open Play,Head,Normal,,,,True,85,2,3857268,8.67,16.76,Central (12m),0,0,Off Target
Thomas Meunier,Belgium,98.0,55.5,0.025805552,Blocked,Open Play,Right Foot,Normal,,,,,90,2,3857268,26.91,35.17,Edge of Box,0,0,Blocked
Kevin De Bruyne,Belgium,114.3,59.2,0.009170555,Saved,Open Play,Right Foot,Normal,,,,,90,2,3857268,20.03,73.47,Edge of Box,0,1,Saved
Cyle Larin,Canada,111.1,36.1,0.06675813,Blocked,Open Play,Head,Normal,,,,True,91,2,3857268,9.72,23.66,Central (12m),0,0,Blocked
Silvan Widmer,Switzerland,114.9,30.0,0.05117428,Off T,Open Play,Right Foot,Volley,True,,,,5,1,3857269,11.23,62.98,Central (12m),0,0,Off Target
Vinícius José Paixão de Oliveira Júnior,Brazil,112.1,34.0,0.21638125,Saved,Open Play,Right Foot,Volley,True,,,,26,1,3857269,9.92,37.22,Central (12m),0,1,Saved
Carlos Henrique Casimiro,Brazil,94.3,39.7,0.023129713,Wayward,Open Play,Right Foot,Half Volley,True,,,,27,1,3857269,25.7,0.67,Edge of Box,0,0,Off Target
Raphael Dias Belloli,Brazil,90.1,46.2,0.02201561,Saved,Open Play,Left Foot,Normal,,,,,30,1,3857269,30.54,11.71,Long Range,0,1,Saved
Richarlison de Andrade,Brazil,104.2,41.2,0.022230485,Blocked,Open Play,Head,Normal,,,,True,31,1,3857269,15.85,4.34,Penalty Area,0,0,Blocked
Éder Gabriel Militão,Brazil,93.2,45.0,0.02857021,Blocked,Open Play,Right Foot,Normal,,,,,36,1,3857269,27.26,10.57,Edge of Box,0,0,Blocked
Thiago Emiliano da Silva,Brazil,115.0,43.5,0.14148508,Blocked,Open Play,Head,Normal,,,,True,43,1,3857269,6.1,34.99,Central (12m),0,0,Blocked
Djibril Sow,Switzerland,112.6,48.8,0.087867536,Blocked,Open Play,Right Foot,Normal,True,,,,52,2,3857269,11.5,49.94,Central (12m),0,0,Blocked
Ruben Vargas,Switzerland,104.3,26.2,0.029704679,Blocked,Open Play,Right Foot,Normal,,,,,53,2,3857269,20.9,41.31,Edge of Box,0,0,Blocked
Manuel Obafemi Akanji,Switzerland,103.5,43.9,0.028123023,Wayward,Open Play,Head,Normal,,,,,54,2,3857269,16.95,13.3,Penalty Area,0,0,Off Target
Djibril Sow,Switzerland,99.4,37.0,0.0625126,Blocked,Open Play,Right Foot,Normal,True,,,,59,2,3857269,20.82,8.29,Edge of Box,0,0,Blocked
Edimilson Fernandes,Switzerland,97.4,42.8,0.029247057,Blocked,Open Play,Right Foot,Normal,,,,,59,2,3857269,22.77,7.06,Edge of Box,0,0,Blocked
Marcos Aoás Corrêa,Brazil,110.6,37.4,0.07814184,Wayward,Open Play,Head,Normal,,,,True,69,2,3857269,9.75,15.46,Central (12m),0,0,Off Target
Richarlison de Andrade,Brazil,107.0,26.5,0.038312852,Blocked,Open Play,Left Foot,Normal,True,,,,71,2,3857269,18.74,46.08,Penalty Area,0,0,Blocked
Bruno Guimarães Rodriguez Moura,Brazil,102.2,47.4,0.021188514,Saved,Open Play,Head,Normal,,,,,80,2,3857269,19.28,22.57,Penalty Area,0,1,Saved
Carlos Henrique Casimiro,Brazil,106.3,29.4,0.068805926,Goal,Open Play,Right Foot,Half Volley,True,,,,82,2,3857269,17.32,37.73,Penalty Area,1,1,Goal
Rodrygo Silva de Goes,Brazil,109.7,25.4,0.04824855,Saved,Open Play,Right Foot,Normal,,,,,86,2,3857269,17.87,54.8,Penalty Area,0,1,Saved
Antony Matheus dos Santos,Brazil,102.1,56.6,0.020722246,Off T,Open Play,Left Foot,Normal,,,,,86,2,3857269,24.41,42.84,Edge of Box,0,0,Off Target
Rodrygo Silva de Goes,Brazil,105.8,41.8,0.19349767,Blocked,Open Play,Right Foot,Normal,True,,,,93,2,3857269,14.31,7.22,Penalty Area,0,0,Blocked
Rodrigo Javier De Paul,Argentina,101.6,53.3,0.02377054,Blocked,Open Play,Right Foot,Half Volley,True,,,,4,1,3869321,22.7,35.86,Edge of Box,0,0,Blocked
Lionel Andrés Messi Cuccittini,Argentina,96.6,50.3,0.037832856,Off T,Open Play,Left Foot,Normal,,,,,21,1,3869321,25.57,23.76,Edge of Box,0,0,Off Target
Steven Bergwijn,Netherlands,101.6,32.9,0.089517,Off T,Open Play,Left Foot,Half Volley,,,,,23,1,3869321,19.72,21.1,Penalty Area,0,0,Off Target
Rodrigo Javier De Paul,Argentina,97.6,42.3,0.049762752,Saved,Open Play,Right Foot,Normal,True,,,True,32,1,3869321,22.52,5.86,Edge of Box,0,1,Saved
Nahuel Molina Lucero,Argentina,109.1,42.4,0.43442267,Goal,Open Play,Right Foot,Normal,,True,,,34,1,3869321,11.16,12.42,Central (12m),1,1,Goal
Lionel Andrés Messi Cuccittini,Argentina,104.0,32.2,0.03387043,Saved,Open Play,Right Foot,Normal,,,,True,39,1,3869321,17.8,25.99,Penalty Area,0,1,Saved
Lionel Andrés Messi Cuccittini,Argentina,96.0,33.3,0.07608311,Off T,Free Kick,Left Foot,Normal,,,,,62,2,3869321,24.92,15.6,Edge of Box,0,0,Off Target
Lionel Andrés Messi Cuccittini,Argentina,108.0,40.0,0.7835,Goal,Penalty,Left Foot,Normal,,,,,72,2,3869321,12.0,0.0,Penalty Area,1,1,Goal
Wout Weghorst,Netherlands,108.7,46.4,0.047416847,Goal,Open Play,Head,Normal,,,,,82,2,3869321,12.99,29.53,Penalty Area,1,1,Goal
Steven Berghuis,Netherlands,104.6,53.3,0.032538008,Blocked,Open Play,Left Foot,Half Volley,True,,,,84,2,3869321,20.35,40.82,Edge of Box,0,0,Blocked
Denzel Dumfries,Netherlands,113.5,52.9,0.047394842,Off T,Open Play,Right Foot,Half Volley,True,,,,89,2,3869321,14.45,63.26,Penalty Area,0,0,Off Target
Steven Berghuis,Netherlands,97.2,37.9,0.08017064,Blocked,Free Kick,Left Foot,Normal,,,,,92,2,3869321,22.9,5.26,Edge of Box,0,0,Blocked
Wout Weghorst,Netherlands,111.8,39.9,0.21959315,Goal,Open Play,Left Foot,Normal,,,,True,100,2,3869321,8.2,0.7,Central (12m),1,1,Goal
Lionel Andrés Messi Cuccittini,Argentina,101.1,53.3,0.035418287,Off T,Open Play,Left Foot,Normal,,,,True,109,4,3869321,23.11,35.13,Edge of Box,0,0,Off Target
Luuk de Jong,Netherlands,110.9,28.4,0.05290734,Blocked,Open Play,Left Foot,Volley,True,,,,112,4,3869321,14.74,51.89,Penalty Area,0,0,Blocked
Lautaro Javier Martínez,Argentina,109.5,45.9,0.2245604,Blocked,Open Play,Right Foot,Normal,True,,,,113,4,3869321,12.04,29.33,Penalty Area,0,0,Blocked
Enzo Fernandez,Argentina,94.2,43.8,0.032085553,Blocked,Open Play,Left Foot,Normal,,,,,114,4,3869321,26.08,8.38,Edge of Box,0,0,Blocked
Germán Alejandro Pezzella,Argentina,112.5,31.3,0.04452438,Off T,Open Play,Head,Normal,,,,True,115,4,3869321,11.49,49.24,Central (12m),0,0,Off Target
Lautaro Javier Martínez,Argentina,97.6,38.6,0.08241133,Saved,Open Play,Left Foot,Normal,True,,,True,118,4,3869321,22.44,3.58,Edge of Box,0,1,Saved
Lionel Andrés Messi Cuccittini,Argentina,96.6,41.6,0.04201436,Blocked,Open Play,Left Foot,Normal,,,,True,119,4,3869321,23.45,3.91,Edge of Box,0,0,Blocked
Enzo Fernandez,Argentina,97.2,49.3,0.038940463,Post,Open Play,Right Foot,Normal,,,,,120,4,3869321,24.62,22.19,Edge of Box,0,0,Post
Virgil van Dijk,Netherlands,108.1,40.1,0.7835,Saved,Penalty,Right Foot,Normal,,,,,120,5,3869321,11.9,0.48,Central (12m),0,1,Saved
Lionel Andrés Messi Cuccittini,Argentina,108.1,40.1,0.7835,Goal,Penalty,Left Foot,Normal,,,,,121,5,3869321,11.9,0.48,Central (12m),1,1,Goal
Steven Berghuis,Netherlands,108.1,40.1,0.7835,Saved,Penalty,Left Foot,Normal,,,,,121,5,3869321,11.9,0.48,Central (12m),0,1,Saved
Leandro Daniel Paredes,Argentina,108.1,40.1,0.7835,Goal,Penalty,Right Foot,Normal,,,,,122,5,3869321,11.9,0.48,Central (12m),1,1,Goal
Teun Koopmeiners,Netherlands,108.1,40.1,0.7835,Goal,Penalty,Left Foot,Normal,,,,,123,5,3869321,11.9,0.48,Central (12m),1,1,Goal
Gonzalo Ariel Montiel,Argentina,108.1,40.1,0.7835,Goal,Penalty,Right Foot,Normal,,,,,124,5,3869321,11.9,0.48,Central (12m),1,1,Goal
Wout Weghorst,Netherlands,108.1,40.1,0.7835,Goal,Penalty,Right Foot,Normal,,,,,124,5,3869321,11.9,0.48,Central (12m),1,1,Goal
Enzo Fernandez,Argentina,108.1,40.1,0.7835,Off T,Penalty,Right Foot,Normal,,True,,,126,5,3869321,11.9,0.48,Central (12m),0,0,Off Target
Luuk de Jong,Netherlands,108.1,40.1,0.7835,Goal,Penalty,Right Foot,Normal,,,,,126,5,3869321,11.9,0.48,Central (12m),1,1,Goal
Lautaro Javier Martínez,Argentina,108.1,40.1,0.7835,Goal,Penalty,Right Foot,Normal,,,,,127,5,3869321,11.9,0.48,Central (12m),1,1,Goal
Jamal Musiala,Germany,99.6,29.7,0.06331741,Saved,Open Play,Right Foot,Normal,,,,,1,1,3857292,22.85,26.79,Edge of Box,0,1,Saved
Leon Goretzka,Germany,109.5,48.0,0.15352516,Wayward,Open Play,Right Foot,Normal,True,,,,6,1,3857292,13.2,37.3,Penalty Area,0,0,Off Target
Thomas Müller,Germany,108.2,42.4,0.14610097,Off T,Open Play,Head,Diving Header,,True,,,8,1,3857292,12.04,11.5,Penalty Area,0,0,Off Target
Serge Gnabry,Germany,111.9,33.1,0.0895267,Goal,Open Play,Head,Normal,,,,,9,1,3857292,10.64,40.43,Central (12m),1,1,Goal
Leon Goretzka,Germany,113.1,35.8,0.18187125,Saved,Open Play,Head,Normal,,True,,,13,1,3857292,8.08,31.33,Central (12m),0,1,Saved
Thomas Müller,Germany,111.6,41.1,0.069567084,Wayward,Open Play,Head,Normal,,,,True,20,1,3857292,8.47,7.46,Central (12m),0,0,Off Target
Serge Gnabry,Germany,105.2,30.9,0.044056788,Blocked,Open Play,Right Foot,Normal,,,,,29,1,3857292,17.37,31.59,Penalty Area,0,0,Blocked
Joshua Kimmich,Germany,92.4,55.8,0.011488004,Saved,Open Play,Right Foot,Normal,,,,,34,1,3857292,31.8,29.79,Long Range,0,1,Saved
Jamal Musiala,Germany,105.7,33.6,0.16202919,Off T,Open Play,Right Foot,Normal,,,,,35,1,3857292,15.67,24.11,Penalty Area,0,0,Off Target
Serge Gnabry,Germany,106.4,28.9,0.06251996,Off T,Open Play,Right Foot,Normal,,,,,38,1,3857292,17.55,39.22,Penalty Area,0,0,Off Target
Keysher Fuller Spence,Costa Rica,107.3,51.1,0.14103858,Saved,Open Play,Right Foot,Half Volley,,True,,,41,1,3857292,16.87,41.15,Penalty Area,0,1,Saved
Leroy Sané,Germany,98.5,47.8,0.080942705,Off T,Open Play,Left Foot,Normal,,,,True,44,1,3857292,22.87,19.94,Edge of Box,0,0,Off Target
Leroy Sané,Germany,99.5,44.5,0.078109905,Blocked,Open Play,Left Foot,Normal,,,,,45,1,3857292,20.99,12.38,Edge of Box,0,0,Blocked
Keysher Fuller Spence,Costa Rica,108.9,54.5,0.050267275,Blocked,Open Play,Right Foot,Normal,True,,,,51,2,3857292,18.26,52.57,Penalty Area,0,0,Blocked
Yeltsin Ignacio Tejeda Valverde,Costa Rica,97.2,48.9,0.042256437,Saved,Open Play,Right Foot,Half Volley,,,,True,51,2,3857292,24.48,21.32,Edge of Box,0,1,Saved
Serge Gnabry,Germany,100.7,26.9,0.029866349,Blocked,Open Play,Right Foot,Normal,True,,,,54,2,3857292,23.33,34.17,Edge of Box,0,0,Blocked
Leroy Sané,Germany,91.0,39.6,0.02438984,Off T,Open Play,Left Foot,Normal,,,,,54,2,3857292,29.0,0.79,Edge of Box,0,0,Off Target
Kendall Jamaal Waston Manley,Costa Rica,108.9,45.4,0.099276,Saved,Open Play,Head,Diving Header,,,,,57,2,3857292,12.34,25.94,Penalty Area,0,1,Saved
Yeltsin Ignacio Tejeda Valverde,Costa Rica,114.3,38.1,0.4798206,Goal,Open Play,Right Foot,Normal,True,,,,57,2,3857292,6.01,18.43,Central (12m),1,1,Goal
Jamal Musiala,Germany,111.2,28.5,0.082946144,Post,Open Play,Left Foot,Normal,,,,,60,2,3857292,14.48,52.58,Penalty Area,0,0,Post
Jamal Musiala,Germany,117.3,31.5,0.1066145,Off T,Open Play,Right Foot,Volley,True,,,,60,2,3857292,8.92,72.38,Central (12m),0,0,Off Target
Thomas Müller,Germany,106.3,47.2,0.05438086,Blocked,Open Play,Right Foot,Normal,,,,,61,2,3857292,15.48,27.72,Penalty Area,0,0,Blocked
Antonio Rüdiger,Germany,114.5,44.2,0.41498688,Post,Open Play,Right Foot,Normal,True,,,True,61,2,3857292,6.92,37.37,Central (12m),0,0,Post
Jamal Musiala,Germany,100.6,27.6,0.037713535,Post,Open Play,Right Foot,Normal,,,,,66,2,3857292,23.02,32.59,Edge of Box,0,0,Post
Kai Havertz,Germany,107.3,35.1,0.110909514,Off T,Open Play,Right Foot,Half Volley,,,,,66,2,3857292,13.61,21.1,Penalty Area,0,0,Off Target
Juan Pablo Vargas Campos,Costa Rica,116.1,43.1,0.18427365,Saved,Open Play,Left Foot,Volley,True,,,,69,2,3857292,4.98,38.48,Six Yard Box,0,1,Saved
Kai Havertz,Germany,109.3,42.6,0.4749194,Goal,Open Play,Right Foot,Half Volley,,,,,72,2,3857292,11.01,13.66,Central (12m),1,1,Goal
Kai Havertz,Germany,102.8,36.0,0.14038351,Off T,Open Play,Left Foot,Normal,True,,,,73,2,3857292,17.66,13.09,Penalty Area,0,0,Off Target
Niclas Füllkrug,Germany,115.2,44.6,0.36338806,Saved,Open Play,Right Foot,Half Volley,True,,,,75,2,3857292,6.65,43.78,Central (12m),0,1,Saved
Jewison Bennette,Costa Rica,94.4,46.4,0.037811525,Off T,Open Play,Left Foot,Normal,,,,,79,2,3857292,26.39,14.04,Edge of Box,0,0,Off Target
Jamal Musiala,Germany,104.6,30.8,0.060394496,Off T,Open Play,Right Foot,Normal,,,,,83,2,3857292,17.94,30.85,Penalty Area,0,0,Off Target
Kai Havertz,Germany,113.1,37.6,0.31018513,Goal,Open Play,Left Foot,Half Volley,True,,,,84,2,3857292,7.31,19.18,Central (12m),1,1,Goal
Kai Havertz,Germany,110.4,27.0,0.11890341,Saved,Open Play,Left Foot,Normal,,True,,,85,2,3857292,16.16,53.56,Penalty Area,0,1,Saved
Mario Götze,Germany,107.0,43.6,0.066507556,Saved,Open Play,Head,Normal,,,,,85,2,3857292,13.49,15.48,Penalty Area,0,1,Saved
Niclas Füllkrug,Germany,114.8,42.5,0.510154,Goal,Open Play,Left Foot,Half Volley,True,,,,88,2,3857292,5.77,25.68,Six Yard Box,1,1,Goal
Niclas Füllkrug,Germany,101.1,39.1,0.046867393,Blocked,Open Play,Right Foot,Half Volley,,,,,94,2,3857292,18.92,2.73,Penalty Area,0,0,Blocked
Niclas Füllkrug,Germany,117.9,32.7,0.13407986,Off T,Open Play,Head,Normal,,True,,,95,2,3857292,7.6,73.95,Central (12m),0,0,Off Target
Jamal Musiala,Germany,107.5,40.3,0.085460834,Saved,Open Play,Left Foot,Normal,,,,,99,2,3857292,12.5,1.37,Penalty Area,0,1,Saved
Ritsu Doan,Japan,91.7,53.8,0.015573137,Wayward,Open Play,Left Foot,Half Volley,True,,,,2,1,3857295,31.49,26.0,Long Range,0,0,Off Target
Gerson Torres Barrantes,Costa Rica,90.1,47.7,0.01353695,Wayward,Open Play,Left Foot,Volley,True,,,,3,1,3857295,30.88,14.44,Long Range,0,0,Off Target
Francisco Javier Calvo Quesada,Costa Rica,91.0,26.8,0.014244432,Blocked,Open Play,Left Foot,Half Volley,True,,,,34,1,3857295,31.86,24.47,Long Range,0,0,Blocked
Joel Nathaniel Campbell Samuels,Costa Rica,101.0,29.1,0.051288527,Off T,Open Play,Left Foot,Normal,True,,,,34,1,3857295,21.9,29.84,Edge of Box,0,0,Off Target
Wataru Endo,Japan,100.1,51.7,0.03132781,Blocked,Open Play,Left Foot,Normal,,,,,37,1,3857295,23.08,30.45,Edge of Box,0,0,Blocked
Hidemasa Morita,Japan,101.4,30.9,0.09737273,Saved,Open Play,Right Foot,Normal,,,,,45,2,3857295,20.71,26.07,Edge of Box,0,1,Saved
Takuma Asano,Japan,104.1,50.2,0.051375452,Blocked,Open Play,Right Foot,Volley,True,,,,45,2,3857295,18.89,32.68,Penalty Area,0,0,Blocked
Wataru Endo,Japan,95.2,41.1,0.042255066,Blocked,Open Play,Right Foot,Normal,,,,True,47,2,3857295,24.82,2.54,Edge of Box,0,0,Blocked
Takuma Asano,Japan,107.6,37.5,0.08747226,Saved,Open Play,Head,Normal,,,,,47,2,3857295,12.65,11.4,Penalty Area,0,1,Saved
Ko Itakura,Japan,105.0,40.0,0.07774679,Blocked,Open Play,Left Foot,Normal,,,,,49,2,3857295,15.0,0.0,Penalty Area,0,0,Blocked
Wataru Endo,Japan,103.1,34.1,0.04122181,Blocked,Open Play,Right Foot,Normal,,,,,49,2,3857295,17.9,19.24,Penalty Area,0,0,Blocked
Yuki Soma,Japan,105.4,22.1,0.022210024,Wayward,Open Play,Right Foot,Normal,,,,,56,2,3857295,23.1,50.8,Edge of Box,0,0,Off Target
Yuki Soma,Japan,98.1,35.7,0.08557594,Off T,Free Kick,Right Foot,Normal,,,,,62,2,3857295,22.32,11.11,Edge of Box,0,0,Off Target
Daichi Kamada,Japan,101.2,43.2,0.10029054,Blocked,Free Kick,Right Foot,Normal,,,,,71,2,3857295,19.07,9.66,Penalty Area,0,0,Blocked
Yuki Soma,Japan,95.7,44.3,0.027111016,Blocked,Open Play,Right Foot,Half Volley,,,,,71,2,3857295,24.68,10.03,Edge of Box,0,0,Blocked
Keysher Fuller Spence,Costa Rica,102.6,47.5,0.120298475,Goal,Open Play,Left Foot,Normal,,,,,80,2,3857295,18.95,23.32,Penalty Area,1,1,Goal
Daichi Kamada,Japan,108.0,37.6,0.09400092,Saved,Open Play,Right Foot,Normal,True,,,,87,2,3857295,12.24,11.31,Penalty Area,0,1,Saved
Alexis Mac Allister,Argentina,92.4,30.0,0.024542088,Saved,Open Play,Right Foot,Normal,,,,,4,1,3869685,29.36,19.92,Edge of Box,0,1,Saved
Rodrigo Javier De Paul,Argentina,99.2,47.9,0.062813334,Blocked,Open Play,Right Foot,Normal,,,,,7,1,3869685,22.25,20.8,Edge of Box,0,0,Blocked
Ángel Fabián Di María Hernández,Argentina,103.1,34.6,0.106800534,Off T,Open Play,Right Foot,Normal,True,,,,16,1,3869685,17.74,17.72,Penalty Area,0,0,Off Target
Lionel Andrés Messi Cuccittini,Argentina,108.0,40.0,0.7835,Goal,Penalty,Left Foot,Normal,,,,,22,1,3869685,12.0,0.0,Penalty Area,1,1,Goal
Alexis Mac Allister,Argentina,94.3,23.5,0.010577817,Wayward,Open Play,Right Foot,Half Volley,True,,,,31,1,3869685,30.54,32.7,Long Range,0,0,Off Target
Ángel Fabián Di María Hernández,Argentina,111.8,32.1,0.30340916,Goal,Open Play,Left Foot,Normal,True,,,,35,1,3869685,11.39,43.93,Central (12m),1,1,Goal
Rodrigo Javier De Paul,Argentina,103.3,52.3,0.040216275,Saved,Open Play,Right Foot,Volley,True,,,,48,2,3869685,20.74,36.37,Edge of Box,0,1,Saved
Julián Álvarez,Argentina,110.5,24.9,0.05953379,Saved,Open Play,Left Foot,Normal,,True,,,58,2,3869685,17.84,57.82,Penalty Area,0,1,Saved
Lionel Andrés Messi Cuccittini,Argentina,109.7,46.0,0.11555985,Off T,Open Play,Right Foot,Normal,,,,,59,2,3869685,11.92,30.22,Central (12m),0,0,Off Target
Randal Kolo Muani,France,113.4,34.6,0.09618377,Off T,Open Play,Head,Normal,,,,True,67,2,3869685,8.53,39.29,Central (12m),0,0,Off Target
Kylian Mbappé Lottin,France,102.5,27.9,0.050644457,Off T,Open Play,Right Foot,Normal,,,,,70,2,3869685,21.28,34.66,Edge of Box,0,0,Off Target
Enzo Fernandez,Argentina,98.9,32.2,0.041589838,Saved,Open Play,Right Foot,Normal,,,,,71,2,3869685,22.5,20.29,Edge of Box,0,1,Saved
Kylian Mbappé Lottin,France,108.0,40.0,0.7835,Goal,Penalty,Right Foot,Normal,,,,,79,2,3869685,12.0,0.0,Penalty Area,1,1,Goal
Kylian Mbappé Lottin,France,104.8,30.1,0.1017027,Goal,Open Play,Right Foot,Volley,True,,,,80,2,3869685,18.14,33.08,Penalty Area,1,1,Goal
Enzo Fernandez,Argentina,92.2,35.9,0.030159522,Blocked,Open Play,Right Foot,Normal,,,,,83,2,3869685,28.1,8.39,Edge of Box,0,0,Blocked
Kylian Mbappé Lottin,France,95.9,32.2,0.0324491,Blocked,Open Play,Right Foot,Normal,,,,,92,2,3869685,25.33,17.93,Edge of Box,0,0,Blocked
Adrien Rabiot,France,108.9,28.5,0.09333491,Saved,Open Play,Left Foot,Normal,True,,,,93,2,3869685,15.98,46.01,Penalty Area,0,1,Saved
Lionel Andrés Messi Cuccittini,Argentina,96.2,40.9,0.0430315,Saved,Open Play,Left Foot,Normal,,,,,96,2,3869685,23.82,2.17,Edge of Box,0,1,Saved
Alexis Mac Allister,Argentina,98.2,23.8,0.019259434,Off T,Open Play,Right Foot,Half Volley,True,,,,92,3,3869685,27.16,36.62,Edge of Box,0,0,Off Target
Youssouf Fofana,France,89.8,39.9,0.023031652,Blocked,Open Play,Right Foot,Normal,,,,,99,3,3869685,30.2,0.19,Long Range,0,0,Blocked
Lautaro Javier Martínez,Argentina,108.8,45.3,0.23260574,Blocked,Open Play,Right Foot,Normal,,,,,104,3,3869685,12.39,25.32,Penalty Area,0,0,Blocked
Gonzalo Ariel Montiel,Argentina,96.3,49.4,0.020604363,Blocked,Open Play,Right Foot,Half Volley,True,,,,104,3,3869685,25.5,21.63,Edge of Box,0,0,Blocked
Lautaro Javier Martínez,Argentina,105.1,33.5,0.14029205,Off T,Open Play,Left Foot,Half Volley,,,,,105,3,3869685,16.26,23.57,Penalty Area,0,0,Off Target
Lionel Andrés Messi Cuccittini,Argentina,103.6,55.8,0.024784861,Saved,Open Play,Left Foot,Half Volley,True,,,,106,4,3869685,22.77,43.93,Edge of Box,0,1,Saved
Lautaro Javier Martínez,Argentina,114.4,52.0,0.10407211,Saved,Open Play,Right Foot,Normal,,True,,,107,4,3869685,13.24,64.98,Penalty Area,0,1,Saved
Lionel Andrés Messi Cuccittini,Argentina,116.6,43.0,0.48840353,Goal,Open Play,Right Foot,Half Volley,True,,,,107,4,3869685,4.53,41.42,Six Yard Box,1,1,Goal
Kylian Mbappé Lottin,France,101.4,26.6,0.03075741,Blocked,Open Play,Right Foot,Normal,,,,,115,4,3869685,22.92,35.77,Edge of Box,0,0,Blocked
Kylian Mbappé Lottin,France,108.0,40.0,0.7835,Goal,Penalty,Right Foot,Normal,,,,,117,4,3869685,12.0,0.0,Penalty Area,1,1,Goal
Randal Kolo Muani,France,103.7,45.1,0.27751395,Saved,Open Play,Right Foot,Half Volley,True,,,,122,4,3869685,17.08,17.37,Penalty Area,0,1,Saved
Lautaro Javier Martínez,Argentina,110.8,41.6,0.10655013,Off T,Open Play,Head,Normal,,,,,122,4,3869685,9.34,9.87,Central (12m),0,0,Off Target
Kylian Mbappé Lottin,France,108.1,40.1,0.7835,Goal,Penalty,Right Foot,Normal,,,,,120,5,3869685,11.9,0.48,Central (12m),1,1,Goal
Lionel Andrés Messi Cuccittini,Argentina,108.1,40.1,0.7835,Goal,Penalty,Left Foot,Normal,,,,,121,5,3869685,11.9,0.48,Central (12m),1,1,Goal
Kingsley Coman,France,108.1,40.1,0.7835,Saved,Penalty,Right Foot,Normal,,,,,121,5,3869685,11.9,0.48,Central (12m),0,1,Saved
Paulo Bruno Exequiel Dybala,Argentina,108.1,40.1,0.7835,Goal,Penalty,Left Foot,Normal,,,,,122,5,3869685,11.9,0.48,Central (12m),1,1,Goal
Aurélien Djani Tchouaméni,France,108.1,40.1,0.7835,Off T,Penalty,Right Foot,Normal,,True,,,123,5,3869685,11.9,0.48,Central (12m),0,0,Off Target
Leandro Daniel Paredes,Argentina,108.1,40.1,0.7835,Goal,Penalty,Right Foot,Normal,,,,,124,5,3869685,11.9,0.48,Central (12m),1,1,Goal
Randal Kolo Muani,France,108.1,40.1,0.7835,Goal,Penalty,Right Foot,Normal,,,,,125,5,3869685,11.9,0.48,Central (12m),1,1,Goal
Gonzalo Ariel Montiel,Argentina,108.1,40.1,0.7835,Goal,Penalty,Right Foot,Normal,,,,,125,5,3869685,11.9,0.48,Central (12m),1,1,Goal
Joško Gvardiol,Croatia,108.8,38.0,0.1243582,Goal,Open Play,Head,Diving Header,,,,,6,1,3869684,11.38,10.12,Central (12m),1,1,Goal
Achraf Dari,Morocco,115.6,39.0,0.4178385,Goal,Open Play,Head,Normal,,True,,,8,1,3869684,4.51,12.8,Six Yard Box,1,1,Goal
Mislav Oršić,Croatia,99.5,23.8,0.02730659,Off T,Open Play,Right Foot,Normal,,,,,9,1,3869684,26.13,38.32,Edge of Box,0,0,Off Target
Josip Stanišić,Croatia,94.4,41.3,0.040524755,Off T,Open Play,Right Foot,Normal,True,,,,13,1,3869684,25.63,2.91,Edge of Box,0,0,Off Target
Mislav Oršić,Croatia,104.9,38.8,0.11308218,Blocked,Open Play,Right Foot,Normal,,,,,17,1,3869684,15.15,4.54,Penalty Area,0,0,Blocked
Andrej Kramarić,Croatia,111.3,34.8,0.13429043,Saved,Open Play,Head,Normal,,,,,17,1,3869684,10.14,30.87,Central (12m),0,1,Saved
Luka Modrić,Croatia,101.2,49.5,0.07012748,Saved,Open Play,Left Foot,Normal,,,,,23,1,3869684,21.06,26.81,Edge of Box,0,1,Saved
Sofiane Boufal,Morocco,112.4,29.5,0.08611878,Off T,Open Play,Left Foot,Volley,True,,,,32,1,3869684,12.96,54.1,Penalty Area,0,0,Off Target
Youssef En-Nesyri,Morocco,117.8,48.9,0.04761149,Off T,Open Play,Head,Normal,,,,True,36,1,3869684,9.17,76.12,Central (12m),0,0,Off Target
Hakim Ziyech,Morocco,90.6,53.5,0.014617449,Off T,Open Play,Left Foot,Normal,,,,,39,1,3869684,32.35,24.66,Long Range,0,0,Off Target
Mislav Oršić,Croatia,106.5,21.3,0.013095795,Goal,Open Play,Right Foot,Normal,True,,,,41,1,3869684,23.06,54.17,Edge of Box,1,1,Goal
Marko Livaja,Croatia,90.5,39.5,0.02019975,Blocked,Open Play,Right Foot,Normal,,,,,46,1,3869684,29.5,0.97,Edge of Box,0,0,Blocked
Mislav Oršić,Croatia,100.8,24.2,0.028195048,Blocked,Open Play,Right Foot,Normal,,,,,46,2,3869684,24.87,39.45,Edge of Box,0,0,Blocked
Mislav Oršić,Croatia,87.5,26.6,0.0065055056,Off T,Open Play,Right Foot,Normal,True,,,,54,2,3869684,35.15,22.41,Long Range,0,0,Off Target
Youssef En-Nesyri,Morocco,110.6,40.5,0.072652236,Blocked,Open Play,Head,Normal,,,,True,64,2,3869684,9.41,3.04,Central (12m),0,0,Blocked
Nikola Vlašić,Croatia,90.9,36.9,0.03597725,Off T,Open Play,Right Foot,Normal,,,,,70,2,3869684,29.26,6.08,Edge of Box,0,0,Off Target
Youssef En-Nesyri,Morocco,115.5,48.3,0.16040824,Saved,Open Play,Left Foot,Half Volley,,True,,,74,2,3869684,9.44,61.53,Central (12m),0,1,Saved
Mateo Kovačić,Croatia,110.3,29.2,0.23560598,Off T,Open Play,Left Foot,Normal,,,,,86,2,3869684,14.52,48.07,Penalty Area,0,0,Off Target
Youssef En-Nesyri,Morocco,110.9,36.5,0.057190012,Blocked,Open Play,Head,Normal,,,,True,89,2,3869684,9.75,21.04,Central (12m),0,0,Blocked
Hakim Ziyech,Morocco,89.6,46.9,0.021768013,Off T,Open Play,Left Foot,Normal,,,,,90,2,3869684,31.17,12.79,Long Range,0,0,Off Target
Youssef En-Nesyri,Morocco,113.6,43.4,0.1132524,Off T,Open Play,Head,Normal,,,,True,95,2,3869684,7.25,27.98,Central (12m),0,0,Off Target
Granit Xhaka,Switzerland,96.0,38.8,0.036565553,Blocked,Open Play,Left Foot,Half Volley,True,,,,0,1,3857256,24.03,2.86,Edge of Box,0,0,Blocked
Breel-Donald Embolo,Switzerland,113.1,40.7,0.35328916,Saved,Open Play,Left Foot,Half Volley,True,,,,0,1,3857256,6.94,5.79,Central (12m),0,1,Saved
Granit Xhaka,Switzerland,103.8,41.9,0.06952749,Saved,Open Play,Right Foot,Half Volley,True,,,,0,1,3857256,16.31,6.69,Penalty Area,0,1,Saved
Nikola Milenković,Serbia,112.2,36.8,0.08160872,Off T,Open Play,Head,Normal,,,,,4,1,3857256,8.43,22.31,Central (12m),0,0,Off Target
Andrija Živković,Serbia,97.8,51.5,0.030001678,Post,Open Play,Left Foot,Normal,,,,,10,1,3857256,25.0,27.38,Edge of Box,0,0,Post
Dušan Vlahović,Serbia,115.4,38.6,0.5168786,Saved,Open Play,Other,Normal,,True,,,10,1,3857256,4.81,16.93,Six Yard Box,0,1,Saved
Remo Freuler,Switzerland,107.8,35.9,0.09611784,Blocked,Open Play,Left Foot,Half Volley,True,,,,13,1,3857256,12.87,18.58,Penalty Area,0,0,Blocked
Xherdan Shaqiri,Switzerland,107.5,50.6,0.06969889,Goal,Open Play,Left Foot,Normal,True,,,,19,1,3857256,16.39,40.3,Penalty Area,1,1,Goal
Granit Xhaka,Switzerland,97.3,33.7,0.04476528,Saved,Open Play,Left Foot,Normal,True,,,,21,1,3857256,23.56,15.51,Edge of Box,0,1,Saved
Dušan Vlahović,Serbia,109.6,35.4,0.08628477,Saved,Open Play,Head,Normal,,True,,,22,1,3857256,11.37,23.86,Central (12m),0,1,Saved
Aleksandar Mitrović,Serbia,108.3,38.6,0.06371751,Goal,Open Play,Head,Normal,,,,,25,1,3857256,11.78,6.82,Central (12m),1,1,Goal
Xherdan Shaqiri,Switzerland,107.7,49.2,0.3934682,Off T,Open Play,Left Foot,Normal,,True,,True,29,1,3857256,15.36,36.8,Penalty Area,0,0,Off Target
Dušan Vlahović,Serbia,106.2,31.8,0.15928414,Goal,Open Play,Left Foot,Normal,True,,,,34,1,3857256,16.05,30.72,Penalty Area,1,1,Goal
Ruben Vargas,Switzerland,101.0,47.3,0.0683221,Blocked,Open Play,Right Foot,Normal,True,,,,37,1,3857256,20.35,21.02,Edge of Box,0,0,Blocked
Breel-Donald Embolo,Switzerland,114.4,36.9,0.72697556,Goal,Open Play,Right Foot,Normal,True,,True,,43,1,3857256,6.4,28.97,Central (12m),1,1,Goal
Aleksandar Mitrović,Serbia,101.7,33.7,0.056521177,Wayward,Open Play,Right Foot,Volley,True,,,,47,1,3857256,19.35,19.0,Penalty Area,0,0,Off Target
Remo Freuler,Switzerland,107.2,41.2,0.15381548,Goal,Open Play,Left Foot,Half Volley,True,,,,47,2,3857256,12.86,5.36,Penalty Area,1,1,Goal
Fabian Lukas Schär,Switzerland,110.7,30.5,0.07925899,Blocked,Open Play,Right Foot,Volley,True,,,,56,2,3857256,13.29,45.61,Penalty Area,0,0,Blocked
Breel-Donald Embolo,Switzerland,116.1,39.3,0.6647709,Off T,Open Play,Right Foot,Half Volley,True,,,,56,2,3857256,3.96,10.18,Six Yard Box,0,0,Off Target
Dušan Tadić,Serbia,107.4,31.7,0.061684445,Off T,Open Play,Left Foot,Half Volley,,,,,60,2,3857256,15.09,33.37,Penalty Area,0,0,Off Target
Aleksandar Mitrović,Serbia,106.2,25.8,0.03203667,Blocked,Open Play,Right Foot,Normal,,,,,70,2,3857256,19.8,45.82,Penalty Area,0,0,Blocked
Luka Jović,Serbia,102.2,43.2,0.02594082,Blocked,Open Play,Head,Normal,,,,True,72,2,3857256,18.09,10.19,Penalty Area,0,0,Blocked
Manuel Obafemi Akanji,Switzerland,99.4,52.7,0.030122569,Off T,Open Play,Right Foot,Normal,True,,,,81,2,3857256,24.2,31.65,Edge of Box,0,0,Off Target
Christian Fassnacht,Switzerland,105.3,28.9,0.31681746,Saved,Open Play,Right Foot,Normal,,,,,88,2,3857256,18.42,37.06,Penalty Area,0,1,Saved
Luka Jović,Serbia,105.0,39.8,0.03223471,Off T,Open Play,Head,Normal,,,,True,91,2,3857256,15.0,0.76,Penalty Area,0,0,Off Target
Nemanja Radonjić,Serbia,105.7,51.3,0.042810295,Off T,Open Play,Left Foot,Half Volley,True,,,,99,2,3857256,18.23,38.32,Penalty Area,0,0,Off Target
Alejandro Darío Gómez,Argentina,98.2,20.1,0.011147299,Off T,Open Play,Right Foot,Normal,,,,,16,1,3869151,29.52,42.39,Edge of Box,0,0,Off Target
Harry Souttar,Australia,111.9,44.0,0.06809473,Blocked,Open Play,Head,Normal,,,,True,28,1,3869151,9.03,26.28,Central (12m),0,0,Blocked
Lionel Andrés Messi Cuccittini,Argentina,104.2,48.9,0.06663833,Goal,Open Play,Left Foot,Normal,,,,,34,1,3869151,18.13,29.39,Penalty Area,1,1,Goal
Lionel Andrés Messi Cuccittini,Argentina,99.8,38.5,0.04517154,Saved,Open Play,Left Foot,Normal,,,,,49,2,3869151,20.26,4.25,Edge of Box,0,1,Saved
Julián Álvarez,Argentina,110.4,50.3,0.28060678,Goal,Open Play,Right Foot,Normal,,,,,56,2,3869151,14.08,47.01,Penalty Area,1,1,Goal
Lionel Andrés Messi Cuccittini,Argentina,95.4,33.6,0.032841697,Off T,Open Play,Left Foot,Normal,,,,,65,2,3869151,25.42,14.58,Edge of Box,0,0,Off Target
Nicolás Alejandro Tagliafico,Argentina,103.2,24.9,0.05181273,Off T,Open Play,Left Foot,Normal,,,,,74,2,3869151,22.59,41.95,Edge of Box,0,0,Off Target
Craig Goodwin,Australia,98.2,22.6,0.013616442,Blocked,Open Play,Left Foot,Half Volley,True,,,,76,2,3869151,27.89,38.6,Edge of Box,0,0,Blocked
Aziz Eraltay Behich,Australia,110.6,33.2,0.07721693,Blocked,Open Play,Right Foot,Normal,,,,,80,2,3869151,11.6,35.88,Central (12m),0,0,Blocked
Ajdin Hrustic,Australia,100.0,52.7,0.033247408,Off T,Open Play,Left Foot,Normal,,,,True,80,2,3869151,23.69,32.42,Edge of Box,0,0,Off Target
Lautaro Javier Martínez,Argentina,108.3,52.3,0.051439364,Off T,Open Play,Right Foot,Normal,True,,,,87,2,3869151,16.98,46.43,Penalty Area,0,0,Off Target
Lautaro Javier Martínez,Argentina,107.6,31.9,0.24890411,Off T,Open Play,Right Foot,Normal,True,,,,88,2,3869151,14.81,33.15,Penalty Area,0,0,Off Target
Lautaro Javier Martínez,Argentina,109.1,31.8,0.37209997,Saved,Open Play,Left Foot,Normal,,,,,92,2,3869151,13.64,36.95,Penalty Area,0,1,Saved
Lionel Andrés Messi Cuccittini,Argentina,104.6,52.2,0.055600196,Off T,Open Play,Left Foot,Normal,,,,,92,2,3869151,19.65,38.39,Penalty Area,0,0,Off Target
Exequiel Alejandro Palacios,Argentina,103.6,50.1,0.046685893,Blocked,Open Play,Right Foot,Normal,,,,,93,2,3869151,19.26,31.63,Penalty Area,0,0,Blocked
Lionel Andrés Messi Cuccittini,Argentina,102.2,40.0,0.032042325,Blocked,Open Play,Left Foot,Normal,,,,True,93,2,3869151,17.8,0.0,Penalty Area,0,0,Blocked
Lautaro Javier Martínez,Argentina,108.3,30.8,0.076142184,Saved,Open Play,Left Foot,Normal,,,,,93,2,3869151,14.88,38.18,Penalty Area,0,1,Saved
Lionel Andrés Messi Cuccittini,Argentina,106.4,37.0,0.110446885,Wayward,Open Play,Left Foot,Half Volley,True,,,,94,2,3869151,13.93,12.44,Penalty Area,0,0,Off Target
Garang Kuol,Australia,113.1,49.4,0.23394231,Saved,Open Play,Right Foot,Normal,,,,,96,2,3869151,11.66,53.72,Central (12m),0,1,Saved
Riley McGree,Australia,94.6,46.6,0.038979717,Blocked,Open Play,Left Foot,Normal,,,,,2,1,3857257,26.24,14.57,Edge of Box,0,0,Blocked
Jesper Lindstrøm,Denmark,110.1,43.9,0.09599891,Blocked,Open Play,Right Foot,Normal,True,,,,10,1,3857257,10.64,21.5,Central (12m),0,0,Blocked
Mathias Jensen,Denmark,112.7,56.3,0.019605601,Saved,Open Play,Right Foot,Normal,,True,,,10,1,3857257,17.86,65.87,Penalty Area,0,1,Saved
Andreas Skov Olsen,Denmark,104.7,50.7,0.10059545,Off T,Open Play,Right Foot,Normal,,,,,13,1,3857257,18.67,34.97,Penalty Area,0,0,Off Target
Riley McGree,Australia,101.3,59.0,0.010740947,Saved,Open Play,Left Foot,Half Volley,,,,,21,1,3857257,26.66,45.46,Edge of Box,0,1,Saved
Andreas Skov Olsen,Denmark,109.6,50.5,0.09373255,Saved,Open Play,Right Foot,Normal,True,,,,24,1,3857257,14.78,45.27,Penalty Area,0,1,Saved
Christian Dannemann Eriksen,Denmark,102.9,25.6,0.035615563,Off T,Open Play,Right Foot,Normal,,,,,28,1,3857257,22.36,40.1,Edge of Box,0,0,Off Target
Mitchell Thomas Duke,Australia,102.5,36.7,0.037495814,Saved,Open Play,Head,Normal,,,,,31,1,3857257,17.81,10.68,Penalty Area,0,1,Saved
Mitchell Thomas Duke,Australia,98.3,20.9,0.010397313,Saved,Open Play,Right Foot,Normal,,,,,40,1,3857257,28.91,41.35,Edge of Box,0,1,Saved
Aziz Eraltay Behich,Australia,100.2,34.1,0.049681988,Blocked,Open Play,Right Foot,Half Volley,True,,,,46,2,3857257,20.66,16.59,Edge of Box,0,0,Blocked
Jackson Irvine,Australia,109.6,30.8,0.17342122,Off T,Open Play,Left Foot,Half Volley,True,,,,47,2,3857257,13.89,41.5,Penalty Area,0,0,Off Target
Andreas Skov Olsen,Denmark,107.2,52.9,0.046983063,Blocked,Open Play,Left Foot,Normal,,,,,51,2,3857257,18.17,45.22,Penalty Area,0,0,Blocked
Mathew Leckie,Australia,105.7,31.5,0.11353828,Goal,Open Play,Left Foot,Normal,,,,,59,2,3857257,16.64,30.73,Penalty Area,1,1,Goal
Andreas Skov Olsen,Denmark,103.1,49.3,0.070518844,Blocked,Open Play,Left Foot,Normal,,,,True,68,2,3857257,19.29,28.82,Penalty Area,0,0,Blocked
Joachim Andersen,Denmark,113.9,52.3,0.020115681,Off T,Open Play,Head,Normal,,,,True,68,2,3857257,13.73,63.62,Penalty Area,0,0,Off Target
Alexander Hartmann Bah,Denmark,99.4,54.5,0.019515881,Blocked,Open Play,Right Foot,Half Volley,True,,,,76,2,3857257,25.19,35.14,Edge of Box,0,0,Blocked
Kasper Dolberg,Denmark,105.2,39.6,0.049264465,Saved,Open Play,Left Foot,Backheel,True,,,,76,2,3857257,14.81,1.55,Penalty Area,0,1,Saved
Jesper Lindstrøm,Denmark,97.5,38.2,0.048889678,Blocked,Open Play,Right Foot,Normal,,,,,81,2,3857257,22.57,4.57,Edge of Box,0,0,Blocked
Keanu Baccus,Australia,97.7,47.5,0.035468098,Blocked,Open Play,Right Foot,Normal,,,,,84,2,3857257,23.53,18.59,Edge of Box,0,0,Blocked
Alexander Hartmann Bah,Denmark,108.6,57.0,0.03670106,Off T,Open Play,Right Foot,Normal,True,,,,87,2,3857257,20.47,56.15,Edge of Box,0,0,Off Target
Kasper Dolberg,Denmark,117.6,33.5,0.08217044,Saved,Open Play,Right Foot,Backheel,True,,,,94,2,3857257,6.93,69.73,Central (12m),0,1,Saved
Andreas Evald Cornelius,Denmark,116.6,51.6,0.017447446,Off T,Open Play,Head,Normal,,,,,94,2,3857257,12.09,73.66,Penalty Area,0,0,Off Target
Neymar da Silva Santos Junior,Brazil,119.2,0.7,0.00018,Saved,Corner,Right Foot,Normal,,True,,,12,1,3857258,39.31,88.83,Long Range,0,1,Saved
Neymar da Silva Santos Junior,Brazil,91.6,29.2,0.020173745,Blocked,Open Play,Right Foot,Normal,,,,,20,1,3857258,30.38,20.82,Long Range,0,0,Blocked
Carlos Henrique Casimiro,Brazil,84.3,34.2,0.0075366697,Saved,Open Play,Right Foot,Normal,,,,,20,1,3857258,36.17,9.23,Long Range,0,1,Saved
Raphael Dias Belloli,Brazil,105.3,49.2,0.119197816,Saved,Open Play,Left Foot,Half Volley,,,,True,34,1,3857258,17.34,32.04,Penalty Area,0,1,Saved
Filip Mladenović,Serbia,113.6,28.9,0.026318645,Off T,Open Play,Head,Normal,,,,True,36,1,3857258,12.81,60.03,Penalty Area,0,0,Off Target
Vinícius José Paixão de Oliveira Júnior,Brazil,113.2,27.0,0.09814694,Off T,Open Play,Right Foot,Half Volley,,True,,,40,1,3857258,14.67,62.39,Penalty Area,0,0,Off Target
Raphael Dias Belloli,Brazil,105.9,47.3,0.4224228,Saved,Open Play,Left Foot,Normal,,,,,45,2,3857258,15.88,27.37,Penalty Area,0,1,Saved
Neymar da Silva Santos Junior,Brazil,99.1,27.0,0.06281959,Blocked,Free Kick,Right Foot,Normal,,,,,49,2,3857258,24.61,31.88,Edge of Box,0,0,Blocked
Thiago Emiliano da Silva,Brazil,113.1,34.1,0.06673048,Blocked,Open Play,Head,Normal,,,,,50,2,3857258,9.08,40.53,Central (12m),0,0,Blocked
Richarlison de Andrade,Brazil,115.8,29.3,0.0399856,Blocked,Open Play,Right Foot,Half Volley,,,,,50,2,3857258,11.49,68.57,Central (12m),0,0,Blocked
Danilo Luiz da Silva,Brazil,95.9,54.2,0.016877638,Wayward,Open Play,Right Foot,Volley,True,,,,53,2,3857258,27.97,30.51,Edge of Box,0,0,Off Target
Neymar da Silva Santos Junior,Brazil,107.5,38.9,0.11246919,Off T,Open Play,Left Foot,Half Volley,True,,,,54,2,3857258,12.55,5.03,Penalty Area,0,0,Off Target
Alex Sandro Lobo Silva,Brazil,88.0,32.0,0.021819543,Post,Open Play,Left Foot,Normal,,,,,59,2,3857258,32.98,14.04,Long Range,0,0,Post
Vinícius José Paixão de Oliveira Júnior,Brazil,105.0,20.1,0.009459062,Off T,Open Play,Right Foot,Normal,,,,,59,2,3857258,24.92,52.99,Edge of Box,0,0,Off Target
Vinícius José Paixão de Oliveira Júnior,Brazil,110.0,26.9,0.07986015,Saved,Open Play,Right Foot,Normal,True,,,,61,2,3857258,16.48,52.64,Penalty Area,0,1,Saved
Richarlison de Andrade,Brazil,114.5,41.8,0.568145,Goal,Open Play,Right Foot,Volley,True,,,,61,2,3857258,5.79,18.12,Six Yard Box,1,1,Goal
Vinícius José Paixão de Oliveira Júnior,Brazil,109.1,28.2,0.14253756,Off T,Open Play,Left Foot,Normal,,,,,66,2,3857258,16.06,47.27,Penalty Area,0,0,Off Target
Strahinja Pavlović,Serbia,111.8,38.5,0.098937765,Off T,Open Play,Head,Normal,,,,True,68,2,3857258,8.34,10.37,Central (12m),0,0,Off Target
Darko Lazović,Serbia,95.6,50.9,0.018288644,Off T,Open Play,Right Foot,Half Volley,True,,,,69,2,3857258,26.72,24.07,Edge of Box,0,0,Off Target
Richarlison de Andrade,Brazil,107.1,39.6,0.07569885,Goal,Open Play,Right Foot,Volley,,,,,72,2,3857258,12.91,1.78,Penalty Area,1,1,Goal
Carlos Henrique Casimiro,Brazil,86.3,31.2,0.010592449,Blocked,Open Play,Right Foot,Normal,True,,,True,76,2,3857258,34.83,14.63,Long Range,0,0,Blocked
Carlos Henrique Casimiro,Brazil,98.1,35.2,0.06218912,Post,Open Play,Right Foot,Normal,True,,,,80,2,3857258,22.42,12.36,Edge of Box,0,0,Post
Rodrygo Silva de Goes,Brazil,98.8,27.3,0.03669105,Saved,Open Play,Right Foot,Normal,True,,,,81,2,3857258,24.71,30.92,Edge of Box,0,1,Saved
Frederico Rodrigues Santos,Brazil,95.6,43.5,0.088970646,Saved,Open Play,Left Foot,Normal,,,,,82,2,3857258,24.65,8.16,Edge of Box,0,1,Saved
Nikola Milenković,Serbia,99.3,59.6,0.011090157,Blocked,Open Play,Right Foot,Normal,,,,,84,2,3857258,28.51,43.44,Edge of Box,0,0,Blocked
Rodrygo Silva de Goes,Brazil,101.5,30.6,0.051727816,Off T,Open Play,Right Foot,Normal,,,,,86,2,3857258,20.75,26.94,Edge of Box,0,0,Off Target
Antony Matheus dos Santos,Brazil,99.4,59.1,0.009657804,Off T,Open Play,Left Foot,Normal,,,,,87,2,3857258,28.09,42.84,Edge of Box,0,0,Off Target
Nemanja Radonjić,Serbia,93.8,21.5,0.008691933,Blocked,Open Play,Right Foot,Normal,,,,True,97,2,3857258,32.07,35.23,Long Range,0,0,Blocked
Fran Karačić,Australia,90.9,41.2,0.015131147,Blocked,Open Play,Right Foot,Volley,True,,,True,5,1,3857288,29.12,2.36,Edge of Box,0,0,Blocked
Mohamed Dräger,Tunisia,92.0,42.5,0.029703999,Off T,Open Play,Right Foot,Normal,,,,,20,1,3857288,28.11,5.1,Edge of Box,0,0,Off Target
Mitchell Thomas Duke,Australia,110.1,32.5,0.04459479,Goal,Open Play,Head,Normal,,,,,22,1,3857288,12.42,37.15,Penalty Area,1,1,Goal
Mitchell Thomas Duke,Australia,110.7,34.3,0.03948435,Blocked,Open Play,Head,Normal,,,,,26,1,3857288,10.91,31.5,Central (12m),0,0,Blocked
Jackson Irvine,Australia,114.3,48.2,0.07543106,Off T,Open Play,Right Foot,Backheel,True,,,,33,1,3857288,9.99,55.2,Central (12m),0,0,Off Target
Youssef Msakni,Tunisia,102.8,54.8,0.031703874,Blocked,Open Play,Right Foot,Normal,,,,,37,1,3857288,22.69,40.71,Edge of Box,0,0,Blocked
Mohamed Dräger,Tunisia,109.2,48.4,0.21984866,Blocked,Open Play,Right Foot,Normal,True,,,,40,1,3857288,13.68,37.87,Penalty Area,0,0,Blocked
Mitchell Thomas Duke,Australia,104.9,40.6,0.040856346,Saved,Open Play,Head,Normal,,,,True,43,1,3857288,15.11,2.28,Penalty Area,0,1,Saved
Fran Karačić,Australia,106.4,54.9,0.035070673,Blocked,Open Play,Left Foot,Half Volley,True,,,,43,1,3857288,20.17,47.61,Edge of Box,0,0,Blocked
Fran Karačić,Australia,87.2,52.2,0.0052714557,Wayward,Open Play,Right Foot,Volley,True,,,,45,1,3857288,35.0,20.4,Long Range,0,0,Off Target
Youssef Msakni,Tunisia,111.0,45.5,0.23484555,Off T,Open Play,Right Foot,Normal,True,,,,47,1,3857288,10.55,31.43,Central (12m),0,0,Off Target
Mitchell Thomas Duke,Australia,107.3,39.8,0.06400663,Wayward,Open Play,Head,Normal,,,,,56,2,3857288,12.7,0.9,Penalty Area,0,0,Off Target
Ferjani Sassi,Tunisia,91.2,52.7,0.020219443,Off T,Open Play,Right Foot,Normal,,,,,60,2,3857288,31.48,23.8,Long Range,0,0,Off Target
Youssef Msakni,Tunisia,101.8,31.8,0.058604978,Blocked,Open Play,Right Foot,Normal,True,,,,65,2,3857288,19.96,24.25,Penalty Area,0,0,Blocked
Youssef Msakni,Tunisia,108.1,25.0,0.026706748,Saved,Open Play,Left Foot,Normal,True,,,,71,2,3857288,19.15,51.57,Penalty Area,0,1,Saved
Youssef Msakni,Tunisia,95.6,42.2,0.048467197,Saved,Open Play,Right Foot,Normal,,,,,71,2,3857288,24.5,5.15,Edge of Box,0,1,Saved
Aaron Mooy,Australia,95.6,44.1,0.039191317,Off T,Open Play,Right Foot,Half Volley,True,,,,73,2,3857288,24.74,9.54,Edge of Box,0,0,Off Target
Youssef Msakni,Tunisia,110.1,38.0,0.10262261,Off T,Open Play,Head,Normal,,,,True,74,2,3857288,10.1,11.42,Central (12m),0,0,Off Target
Montassar Omar Talbi,Tunisia,89.6,34.9,0.012159805,Saved,Open Play,Right Foot,Volley,True,,,,83,2,3857288,30.82,9.52,Long Range,0,1,Saved
Taha Yassine Khenissi,Tunisia,98.4,54.6,0.012915949,Blocked,Open Play,Right Foot,Normal,,,,,85,2,3857288,26.07,34.06,Edge of Box,0,0,Blocked
Naïm Sliti,Tunisia,109.8,47.4,0.1403044,Blocked,Open Play,Left Foot,Normal,,,,,86,2,3857288,12.6,35.96,Penalty Area,0,0,Blocked
Wahbi Khazri,Tunisia,109.9,49.4,0.09264534,Saved,Open Play,Left Foot,Normal,True,,,,87,2,3857288,13.8,42.94,Penalty Area,0,1,Saved
Wahbi Khazri,Tunisia,108.4,24.1,0.021421792,Blocked,Open Play,Right Foot,Normal,,,,,91,2,3857288,19.68,53.89,Penalty Area,0,0,Blocked
Idrissa Gana Gueye,Senegal,106.9,45.7,0.21271749,Off T,Open Play,Right Foot,Normal,,,,,2,1,3857267,14.29,23.51,Penalty Area,0,0,Off Target
Boulaye Dia,Senegal,109.3,51.9,0.16839646,Off T,Open Play,Right Foot,Normal,True,,,,7,1,3857267,16.0,48.04,Penalty Area,0,0,Off Target
Enner Remberto Valencia Lastra,Ecuador,86.9,40.9,0.021615954,Blocked,Free Kick,Right Foot,Normal,,,,,9,1,3857267,33.11,1.56,Long Range,0,0,Blocked
Enner Remberto Valencia Lastra,Ecuador,95.9,37.7,0.02803523,Blocked,Open Play,Right Foot,Half Volley,True,,,,9,1,3857267,24.21,5.45,Edge of Box,0,0,Blocked
Ismaïla Sarr,Senegal,99.2,40.2,0.042373266,Blocked,Open Play,Right Foot,Half Volley,,,,,10,1,3857267,20.8,0.55,Edge of Box,0,0,Blocked
Iliman Ndiaye,Senegal,99.7,52.9,0.02889044,Off T,Open Play,Left Foot,Normal,,,,,11,1,3857267,24.05,32.43,Edge of Box,0,0,Off Target
Ismaïla Sarr,Senegal,104.1,25.5,0.023828069,Blocked,Open Play,Right Foot,Normal,,,,,23,1,3857267,21.52,42.36,Edge of Box,0,0,Blocked
Pape Gueye,Senegal,93.0,36.3,0.025696881,Blocked,Open Play,Left Foot,Normal,,,,,24,1,3857267,27.25,7.8,Edge of Box,0,0,Blocked
Abdou Diallo,Senegal,107.9,41.9,0.035411544,Wayward,Open Play,Head,Normal,,,,,24,1,3857267,12.25,8.92,Penalty Area,0,0,Off Target
Pathé Ismaël Ciss,Senegal,108.1,33.6,0.03057826,Off T,Open Play,Head,Normal,,,,,36,1,3857267,13.51,28.27,Penalty Area,0,0,Off Target
Ismaïla Sarr,Senegal,108.0,40.0,0.7835,Goal,Penalty,Right Foot,Normal,,,,,43,1,3857267,12.0,0.0,Penalty Area,1,1,Goal
Iliman Ndiaye,Senegal,107.3,46.7,0.04522632,Blocked,Open Play,Left Foot,Half Volley,,,,,46,1,3857267,14.36,27.81,Penalty Area,0,0,Blocked
José Adoni Cifuentes Charcopa,Ecuador,93.8,51.3,0.025271386,Saved,Open Play,Right Foot,Normal,,,,,48,2,3857267,28.53,23.33,Edge of Box,0,1,Saved
Michael Steveen Estrada Martínez,Ecuador,106.7,38.8,0.042533338,Off T,Open Play,Head,Normal,,,,,56,2,3857267,13.35,5.16,Penalty Area,0,0,Off Target
Felix Eduardo Torres Caicedo,Ecuador,113.7,42.7,0.15397952,Wayward,Open Play,Head,Normal,,,,,66,2,3857267,6.85,23.2,Central (12m),0,0,Off Target
Moisés Isaac Caicedo Corozo,Ecuador,117.2,35.6,0.5894187,Goal,Open Play,Right Foot,Volley,True,,True,,66,2,3857267,5.22,57.53,Six Yard Box,1,1,Goal
Kalidou Koulibaly,Senegal,114.3,46.0,0.23427999,Goal,Open Play,Right Foot,Volley,True,,,,69,2,3857267,8.28,46.47,Central (12m),1,1,Goal
Gonzalo Jordy Plata Jiménez,Ecuador,107.0,42.8,0.058988493,Saved,Open Play,Left Foot,Half Volley,,,,,75,2,3857267,13.3,12.15,Penalty Area,0,1,Saved
Boulaye Dia,Senegal,101.3,54.6,0.04455093,Off T,Open Play,Right Foot,Normal,True,,,,81,2,3857267,23.72,37.98,Edge of Box,0,0,Off Target
Pape Gueye,Senegal,102.6,54.8,0.03201506,Saved,Open Play,Right Foot,Normal,,,,,87,2,3857267,22.84,40.38,Edge of Box,0,1,Saved
Jeremy Leonel Sarmiento Morante,Ecuador,105.3,32.1,0.02928531,Saved,Open Play,Head,Normal,,,,,88,2,3857267,16.69,28.25,Penalty Area,0,1,Saved
Jackson Gabriel Porozo Vernaza,Ecuador,105.9,34.3,0.052534856,Off T,Open Play,Head,Normal,,,,,93,2,3857267,15.21,22.01,Penalty Area,0,0,Off Target
Matías Vecino Falero,Uruguay,109.5,28.6,0.052239094,Saved,Open Play,Head,Normal,,,,,12,1,3857287,15.5,47.35,Penalty Area,0,1,Saved
Federico Santiago Valverde Dipetta,Uruguay,103.9,35.4,0.05187739,Off T,Open Play,Left Foot,Half Volley,,,,True,18,1,3857287,16.74,15.95,Penalty Area,0,0,Off Target
Ui-Jo Hwang,South Korea,108.9,42.7,0.323128,Off T,Open Play,Right Foot,Normal,True,,,,33,1,3857287,11.42,13.67,Central (12m),0,0,Off Target
In-Beom Hwang,South Korea,89.7,57.6,0.007071261,Off T,Open Play,Right Foot,Normal,,,,,38,1,3857287,35.04,30.15,Long Range,0,0,Off Target
Diego Roberto Godín Leal,Uruguay,110.0,40.4,0.054689027,Post,Open Play,Head,Normal,,,,True,42,1,3857287,10.01,2.29,Central (12m),0,0,Post
José María Giménez de Vargas,Uruguay,103.5,35.9,0.046385217,Off T,Open Play,Head,Normal,,,,,45,1,3857287,17.0,13.95,Penalty Area,0,0,Off Target
Min Jae Kim,South Korea,111.5,46.1,0.046898182,Wayward,Open Play,Other,Normal,,,,,52,2,3857287,10.46,35.67,Central (12m),0,0,Off Target
Rodrigo Bentancur Colmán,Uruguay,101.3,38.3,0.052523207,Blocked,Open Play,Right Foot,Normal,,,,,54,2,3857287,18.78,5.19,Penalty Area,0,0,Blocked
Federico Santiago Valverde Dipetta,Uruguay,90.5,27.4,0.014167523,Wayward,Open Play,Right Foot,Half Volley,True,,,,68,2,3857287,32.08,23.13,Long Range,0,0,Off Target
Edinson Roberto Cavani Gómez,Uruguay,106.6,47.5,0.03804607,Blocked,Open Play,Right Foot,Normal,,,,,68,2,3857287,15.36,29.24,Penalty Area,0,0,Blocked
Kang-In Lee,South Korea,94.5,54.2,0.023162797,Blocked,Open Play,Left Foot,Normal,,,,,74,2,3857287,29.19,29.11,Edge of Box,0,0,Blocked
Gue-Sung Cho,South Korea,93.4,42.0,0.036145955,Off T,Open Play,Left Foot,Half Volley,,,,,76,2,3857287,26.68,4.3,Edge of Box,0,0,Off Target
Darwin Gabriel Núñez Ribeiro,Uruguay,100.6,28.3,0.028178101,Off T,Open Play,Right Foot,Normal,,,,,80,2,3857287,22.66,31.09,Edge of Box,0,0,Off Target
Edinson Roberto Cavani Gómez,Uruguay,110.5,39.7,0.06689449,Off T,Open Play,Head,Normal,,,,,86,2,3857287,9.5,1.81,Central (12m),0,0,Off Target
Federico Santiago Valverde Dipetta,Uruguay,95.7,22.6,0.012294213,Post,Open Play,Right Foot,Normal,,,,,88,2,3857287,29.89,35.6,Edge of Box,0,0,Post
Heung-Min Son,South Korea,93.8,36.6,0.0335565,Off T,Open Play,Left Foot,Normal,,,,,89,2,3857287,26.42,7.39,Edge of Box,0,0,Off Target
In-Beom Hwang,South Korea,94.9,26.7,0.023029828,Off T,Open Play,Left Foot,Normal,,,,,93,2,3857287,28.41,27.92,Edge of Box,0,0,Off Target
João Félix Sequeira,Portugal,106.8,44.2,0.0989785,Saved,Open Play,Head,Diving Header,,,,,3,1,3869486,13.85,17.65,Penalty Area,0,1,Saved
Youssef En-Nesyri,Morocco,112.7,39.4,0.117904566,Off T,Open Play,Head,Normal,,,,,5,1,3869486,7.32,4.7,Central (12m),0,0,Off Target
Raphaël Adelino José Guerreiro,Portugal,105.6,23.6,0.019215545,Blocked,Open Play,Left Foot,Volley,True,,,,12,1,3869486,21.82,48.72,Edge of Box,0,0,Blocked
Hakim Ziyech,Morocco,96.1,60.9,0.008206696,Off T,Open Play,Left Foot,Normal,,,,,17,1,3869486,31.75,41.17,Long Range,0,0,Off Target
Youssef En-Nesyri,Morocco,106.7,39.8,0.043849364,Off T,Open Play,Head,Normal,,,,,25,1,3869486,13.3,0.86,Penalty Area,0,0,Off Target
João Félix Sequeira,Portugal,100.9,27.7,0.027014187,Blocked,Open Play,Right Foot,Half Volley,,,,,30,1,3869486,22.72,32.78,Edge of Box,0,0,Blocked
Selim Amallah,Morocco,108.7,31.3,0.06053267,Off T,Open Play,Left Foot,Half Volley,True,,,,34,1,3869486,14.26,37.59,Penalty Area,0,0,Off Target
Sofiane Boufal,Morocco,97.0,27.8,0.03503226,Saved,Open Play,Right Foot,Normal,,,,,34,1,3869486,26.04,27.94,Edge of Box,0,1,Saved
João Félix Sequeira,Portugal,102.2,35.4,0.060545366,Off T,Open Play,Right Foot,Half Volley,True,,,,38,1,3869486,18.38,14.49,Penalty Area,0,0,Off Target
Youssef En-Nesyri,Morocco,112.6,39.7,0.20030825,Goal,Open Play,Head,Normal,,,,True,41,1,3869486,7.41,2.32,Central (12m),1,1,Goal
Bruno Miguel Borges Fernandes,Portugal,108.0,62.3,0.0067060287,Post,Open Play,Right Foot,Half Volley,True,,,,44,1,3869486,25.32,61.71,Edge of Box,0,0,Post
Yahia Attiyat allah,Morocco,107.6,26.3,0.082217455,Off T,Open Play,Left Foot,Normal,True,,,,46,1,3869486,18.48,47.85,Penalty Area,0,0,Off Target
Azzedine Ounahi,Morocco,93.4,44.2,0.032880384,Off T,Open Play,Right Foot,Normal,True,,,,55,2,3869486,26.93,8.97,Edge of Box,0,0,Off Target
Gonçalo Matias Ramos,Portugal,108.7,40.0,0.10594022,Off T,Open Play,Head,Normal,,,,,57,2,3869486,11.3,0.0,Central (12m),0,0,Off Target
João Félix Sequeira,Portugal,109.7,29.4,0.026895314,Blocked,Open Play,Head,Normal,,,,True,60,2,3869486,14.78,45.82,Penalty Area,0,0,Blocked
Bruno Miguel Borges Fernandes,Portugal,101.0,35.5,0.057325892,Off T,Open Play,Right Foot,Normal,,,,True,63,2,3869486,19.53,13.32,Penalty Area,0,0,Off Target
Bernardo Mota Veiga de Carvalho e Silva,Portugal,109.8,35.9,0.10927713,Wayward,Open Play,Right Foot,Normal,True,,,,70,2,3869486,10.99,21.9,Central (12m),0,0,Off Target
João Félix Sequeira,Portugal,102.0,57.1,0.025960794,Saved,Open Play,Left Foot,Normal,True,,,,81,2,3869486,24.83,43.53,Edge of Box,0,1,Saved
Cristiano Ronaldo dos Santos Aveiro,Portugal,101.8,53.7,0.05699573,Saved,Open Play,Right Foot,Normal,True,,,True,90,2,3869486,22.78,36.97,Edge of Box,0,1,Saved
Zakaria Aboukhlal,Morocco,101.1,45.9,0.39109123,Saved,Open Play,Right Foot,Lob,,True,,,95,2,3869486,19.8,17.34,Penalty Area,0,1,Saved
Kléper Laveran Lima Ferreira,Portugal,114.1,44.5,0.14926605,Off T,Open Play,Head,Normal,,,,True,96,2,3869486,7.42,37.33,Central (12m),0,0,Off Target
Luis Gerardo Chávez Magallón,Mexico,91.7,51.5,0.021919996,Off T,Open Play,Left Foot,Normal,True,,,,1,1,3857260,30.55,22.11,Long Range,0,0,Off Target
Saleh Khalid Al Shehri,Saudi Arabia,92.9,41.7,0.02182735,Saved,Open Play,Left Foot,Volley,,,,,2,1,3857260,27.15,3.59,Edge of Box,0,1,Saved
Ernesto Alexis Vega Rojas,Mexico,101.6,38.9,0.3665275,Saved,Open Play,Right Foot,Normal,True,,,,2,1,3857260,18.43,3.42,Penalty Area,0,1,Saved
Mohammed Kanoo,Saudi Arabia,113.0,54.1,0.047937077,Off T,Open Play,Right Foot,Half Volley,,True,,,7,1,3857260,15.74,63.6,Penalty Area,0,0,Off Target
Mohammed Kanoo,Saudi Arabia,96.3,33.5,0.073429175,Off T,Free Kick,Right Foot,Normal,,,,,12,1,3857260,24.58,15.34,Edge of Box,0,0,Off Target
Luis Gerardo Chávez Magallón,Mexico,92.7,40.4,0.01981399,Saved,Open Play,Left Foot,Volley,True,,,,22,1,3857260,27.3,0.84,Edge of Box,0,1,Saved
Orbelín Pineda Alvarado,Mexico,104.0,44.6,0.0489465,Saved,Open Play,Right Foot,Normal,True,,,,24,1,3857260,16.65,16.04,Penalty Area,0,1,Saved
Orbelín Pineda Alvarado,Mexico,115.8,34.5,0.30787364,Wayward,Open Play,Head,Diving Header,,,,,26,1,3857260,6.92,52.63,Central (12m),0,0,Off Target
Luis Gerardo Chávez Magallón,Mexico,89.6,28.9,0.016814427,Blocked,Open Play,Left Foot,Normal,,,,,34,1,3857260,32.36,20.06,Long Range,0,0,Blocked
Jesús Daniel Gallardo Vasconcelos,Mexico,106.8,43.3,0.06430086,Off T,Open Play,Right Foot,Half Volley,True,,,,35,1,3857260,13.61,14.04,Penalty Area,0,0,Off Target
Luis Gerardo Chávez Magallón,Mexico,84.6,49.2,0.0066389865,Blocked,Free Kick,Left Foot,Normal,,,,,40,1,3857260,36.58,14.57,Long Range,0,0,Blocked
Orbelín Pineda Alvarado,Mexico,102.0,45.2,0.062194254,Blocked,Open Play,Left Foot,Normal,,,,,40,1,3857260,18.74,16.11,Penalty Area,0,0,Blocked
Ernesto Alexis Vega Rojas,Mexico,106.1,29.3,0.04950449,Blocked,Open Play,Right Foot,Normal,,,,,44,1,3857260,17.54,37.59,Penalty Area,0,0,Blocked
Luis Gerardo Chávez Magallón,Mexico,92.9,30.0,0.015146091,Blocked,Open Play,Left Foot,Half Volley,,,,,44,1,3857260,28.89,20.25,Edge of Box,0,0,Blocked
Ali Al Hassan,Saudi Arabia,110.1,45.6,0.10154356,Off T,Open Play,Head,Diving Header,,,,,50,1,3857260,11.37,29.49,Central (12m),0,0,Off Target
Luis Gerardo Chávez Magallón,Mexico,85.5,41.2,0.018109906,Saved,Open Play,Left Foot,Normal,,,,,46,2,3857260,34.52,1.99,Long Range,0,1,Saved
Hirving Rodrigo Lozano Bahena,Mexico,102.7,19.2,0.0068189544,Blocked,Open Play,Right Foot,Normal,,,,,46,2,3857260,27.05,50.25,Edge of Box,0,0,Blocked
Henry Josué Martín Mex,Mexico,116.7,40.2,0.28809994,Goal,Open Play,Left Foot,Volley,True,,,,46,2,3857260,3.31,3.47,Six Yard Box,1,1,Goal
Sultan Abdullah Salim Al Ghannam,Saudi Arabia,115.8,46.7,0.21450256,Off T,Open Play,Right Foot,Volley,True,,,,49,2,3857260,7.91,57.92,Central (12m),0,0,Off Target
Luis Gerardo Chávez Magallón,Mexico,86.7,41.3,0.024289701,Goal,Free Kick,Left Foot,Normal,,,,,51,2,3857260,33.33,2.24,Long Range,1,1,Goal
Sultan Abdullah Salim Al Ghannam,Saudi Arabia,114.8,52.4,0.030311959,Off T,Open Play,Head,Normal,,True,,,54,2,3857260,13.45,67.25,Penalty Area,0,0,Off Target
Henry Josué Martín Mex,Mexico,112.0,40.0,0.09122391,Wayward,Open Play,Head,Normal,,,,True,58,2,3857260,8.0,0.0,Central (12m),0,0,Off Target
Abdulelah Al Amri,Saudi Arabia,109.1,45.1,0.037819926,Off T,Open Play,Head,Normal,,,,,61,2,3857260,12.03,25.07,Penalty Area,0,0,Off Target
Hirving Rodrigo Lozano Bahena,Mexico,97.5,31.3,0.05300886,Saved,Open Play,Right Foot,Normal,,,,,66,2,3857260,24.12,21.14,Edge of Box,0,1,Saved
Firas Tariq Nasser Al Albirakan,Saudi Arabia,101.4,25.4,0.013105479,Blocked,Open Play,Left Foot,Half Volley,True,,,,66,2,3857260,23.65,38.13,Edge of Box,0,0,Blocked
Henry Josué Martín Mex,Mexico,108.8,34.9,0.22500646,Off T,Open Play,Left Foot,Volley,True,,,,69,2,3857260,12.31,24.48,Penalty Area,0,0,Off Target
Luis Gerardo Chávez Magallón,Mexico,87.3,40.5,0.027150616,Saved,Free Kick,Left Foot,Normal,,,,,72,2,3857260,32.7,0.88,Long Range,0,1,Saved
Orbelín Pineda Alvarado,Mexico,100.5,32.9,0.08600338,Off T,Open Play,Right Foot,Normal,,,,,75,2,3857260,20.75,20.01,Edge of Box,0,0,Off Target
Carlos Uriel Antuna Romero,Mexico,109.4,35.9,0.26870292,Blocked,Open Play,Right Foot,Normal,True,,,,77,2,3857260,11.37,21.15,Central (12m),0,0,Blocked
Edson Omar Álvarez Velázquez,Mexico,85.8,42.8,0.013687578,Saved,Open Play,Right Foot,Half Volley,,,,,77,2,3857260,34.31,4.68,Long Range,0,1,Saved
Salem Mohammed Al Dawsari,Saudi Arabia,89.2,40.3,0.019886926,Off T,Open Play,Right Foot,Normal,,,,,80,2,3857260,30.8,0.56,Long Range,0,0,Off Target
Luis Gerardo Chávez Magallón,Mexico,101.0,46.0,0.057560198,Blocked,Open Play,Left Foot,Normal,True,,,,82,2,3857260,19.92,17.53,Penalty Area,0,0,Blocked
Rogelio Gabriel Funes Mori,Mexico,98.8,37.4,0.06664524,Blocked,Open Play,Right Foot,Normal,True,,,,88,2,3857260,21.36,6.99,Edge of Box,0,0,Blocked
Hirving Rodrigo Lozano Bahena,Mexico,92.9,31.8,0.05359905,Saved,Free Kick,Right Foot,Normal,,,,,91,2,3857260,28.31,16.83,Edge of Box,0,1,Saved
Hirving Rodrigo Lozano Bahena,Mexico,101.9,28.3,0.06253588,Off T,Open Play,Right Foot,Normal,,,,,93,2,3857260,21.55,32.88,Edge of Box,0,0,Off Target
Salem Mohammed Al Dawsari,Saudi Arabia,110.9,45.2,0.51574713,Goal,Open Play,Right Foot,Normal,,True,,,94,2,3857260,10.48,29.74,Central (12m),1,1,Goal
Krystian Bielik,Poland,100.7,41.3,0.061495427,Blocked,Open Play,Left Foot,Normal,True,,,,4,1,3857264,19.34,3.85,Penalty Area,0,0,Blocked
Lionel Andrés Messi Cuccittini,Argentina,99.0,37.7,0.050872557,Saved,Open Play,Right Foot,Normal,,,,,6,1,3857264,21.13,6.25,Edge of Box,0,1,Saved
Ángel Fabián Di María Hernández,Argentina,94.3,40.5,0.034158513,Blocked,Open Play,Left Foot,Normal,,,,,8,1,3857264,25.7,1.11,Edge of Box,0,0,Blocked
Lionel Andrés Messi Cuccittini,Argentina,111.7,25.8,0.053250678,Saved,Open Play,Left Foot,Normal,,,,,9,1,3857264,16.45,59.69,Penalty Area,0,1,Saved
Marcos Javier Acuña,Argentina,107.0,27.9,0.05141401,Off T,Open Play,Right Foot,Half Volley,,,,,16,1,3857264,17.76,42.95,Penalty Area,0,0,Off Target
Kamil Glik,Poland,105.9,43.5,0.06557972,Wayward,Open Play,Right Foot,Backheel,True,,,,21,1,3857264,14.53,13.94,Penalty Area,0,0,Off Target
Julián Álvarez,Argentina,110.8,47.7,0.1493578,Blocked,Open Play,Right Foot,Normal,True,,,,27,1,3857264,12.0,39.93,Central (12m),0,0,Blocked
Marcos Javier Acuña,Argentina,102.9,22.5,0.024708062,Off T,Open Play,Left Foot,Normal,,,,,27,1,3857264,24.47,45.66,Edge of Box,0,0,Off Target
Ángel Fabián Di María Hernández,Argentina,119.6,79.2,0.00018,Saved,Corner,Left Foot,Normal,,True,,,32,1,3857264,39.2,89.42,Long Range,0,1,Saved
Enzo Fernandez,Argentina,91.6,39.7,0.024548035,Off T,Open Play,Right Foot,Normal,,,,,34,1,3857264,28.4,0.61,Edge of Box,0,0,Off Target
Julián Álvarez,Argentina,110.4,27.6,0.19083758,Saved,Open Play,Left Foot,Normal,,True,,,35,1,3857264,15.68,52.25,Penalty Area,0,1,Saved
Lionel Andrés Messi Cuccittini,Argentina,108.1,40.1,0.7835,Saved,Penalty,Left Foot,Normal,,,,,38,1,3857264,11.9,0.48,Central (12m),0,1,Saved
Julián Álvarez,Argentina,102.4,27.0,0.03720347,Saved,Open Play,Right Foot,Normal,,,,,42,1,3857264,21.88,36.45,Edge of Box,0,1,Saved
Rodrigo Javier De Paul,Argentina,112.2,40.3,0.3152717,Saved,Open Play,Other,Normal,,,,,42,1,3857264,7.81,2.2,Central (12m),0,1,Saved
Ángel Fabián Di María Hernández,Argentina,106.7,58.4,0.010134568,Saved,Open Play,Left Foot,Normal,,,,,43,1,3857264,22.7,54.14,Edge of Box,0,1,Saved
Alexis Mac Allister,Argentina,106.0,46.7,0.107545994,Goal,Open Play,Right Foot,Normal,True,,,,45,2,3857264,15.52,25.57,Penalty Area,1,1,Goal
Kamil Glik,Poland,108.8,43.5,0.04381306,Off T,Open Play,Head,Normal,,,,True,49,2,3857264,11.73,17.35,Central (12m),0,0,Off Target
Michał Skóraś,Poland,101.1,56.9,0.026707038,Blocked,Open Play,Left Foot,Normal,,,,,52,2,3857264,25.35,41.8,Edge of Box,0,0,Blocked
Lionel Andrés Messi Cuccittini,Argentina,105.8,28.4,0.06119443,Wayward,Open Play,Left Foot,Normal,,,,,52,2,3857264,18.34,39.25,Penalty Area,0,0,Off Target
Lionel Andrés Messi Cuccittini,Argentina,109.4,50.7,0.058334265,Wayward,Open Play,Left Foot,Normal,,,,True,55,2,3857264,15.06,45.27,Penalty Area,0,0,Off Target
Julián Álvarez,Argentina,107.7,41.5,0.15200824,Blocked,Open Play,Left Foot,Normal,,,,,55,2,3857264,12.39,6.95,Penalty Area,0,0,Blocked
Alexis Mac Allister,Argentina,106.0,46.0,0.13009955,Saved,Open Play,Left Foot,Normal,True,,,,60,2,3857264,15.23,23.2,Penalty Area,0,1,Saved
Lionel Andrés Messi Cuccittini,Argentina,107.2,25.9,0.023947677,Blocked,Open Play,Left Foot,Normal,,,,,63,2,3857264,19.04,47.77,Penalty Area,0,0,Blocked
Julián Álvarez,Argentina,106.0,33.5,0.10054177,Goal,Open Play,Right Foot,Normal,,,,,66,2,3857264,15.44,24.9,Penalty Area,1,1,Goal
Lionel Andrés Messi Cuccittini,Argentina,106.5,35.1,0.13232325,Saved,Open Play,Left Foot,Normal,True,,,,70,2,3857264,14.36,19.95,Penalty Area,0,1,Saved
Julián Álvarez,Argentina,106.1,52.6,0.18145993,Off T,Open Play,Right Foot,Normal,,True,,,72,2,3857264,18.76,42.19,Penalty Area,0,0,Off Target
Lautaro Javier Martínez,Argentina,109.4,52.2,0.17955275,Off T,Open Play,Right Foot,Normal,,True,,,85,2,3857264,16.16,49.01,Penalty Area,0,0,Off Target
Nicolás Alejandro Tagliafico,Argentina,108.2,30.2,0.22421487,Saved,Open Play,Left Foot,Lob,True,,,,91,2,3857264,15.34,39.71,Penalty Area,0,1,Saved
César Jasib Montes Castro,Mexico,107.6,38.6,0.0988946,Off T,Open Play,Left Foot,Volley,True,,,True,9,1,3857289,12.48,6.44,Penalty Area,0,0,Off Target
Lautaro Javier Martínez,Argentina,112.7,39.5,0.13799548,Off T,Open Play,Head,Normal,,,,True,39,1,3857289,7.32,3.92,Central (12m),0,0,Off Target
Ernesto Alexis Vega Rojas,Mexico,92.4,35.8,0.05948228,Saved,Free Kick,Right Foot,Normal,,,,,44,1,3857289,27.92,8.65,Edge of Box,0,1,Saved
Ernesto Alexis Vega Rojas,Mexico,92.8,23.0,0.0077116457,Off T,Open Play,Right Foot,Half Volley,,,,,49,1,3857289,32.08,32.01,Long Range,0,0,Off Target
Hirving Rodrigo Lozano Bahena,Mexico,93.5,36.8,0.040303126,Blocked,Open Play,Right Foot,Normal,,,,,47,2,3857289,26.69,6.89,Edge of Box,0,0,Blocked
Lionel Andrés Messi Cuccittini,Argentina,94.8,41.9,0.067327775,Off T,Free Kick,Left Foot,Normal,,,,,50,2,3857289,25.27,4.31,Edge of Box,0,0,Off Target
Lionel Andrés Messi Cuccittini,Argentina,94.9,37.4,0.033919714,Goal,Open Play,Left Foot,Normal,,,,,63,2,3857289,25.23,5.91,Edge of Box,1,1,Goal
Nahuel Molina Lucero,Argentina,101.5,49.2,0.050896797,Off T,Open Play,Right Foot,Half Volley,True,,,,69,2,3857289,20.66,26.44,Edge of Box,0,0,Off Target
Enzo Fernandez,Argentina,106.5,22.8,0.035064373,Goal,Open Play,Right Foot,Normal,,,,,86,2,3857289,21.87,51.87,Edge of Box,1,1,Goal
Breel-Donald Embolo,Switzerland,104.1,27.2,0.06137733,Blocked,Open Play,Left Foot,Normal,,,,,4,1,3869254,20.41,38.84,Edge of Box,0,0,Blocked
Gonçalo Matias Ramos,Portugal,111.3,27.5,0.10102074,Goal,Open Play,Left Foot,Normal,,,,,16,1,3869254,15.23,55.16,Penalty Area,1,1,Goal
Otávio Edmilson da Silva Monteiro,Portugal,101.4,36.8,0.032515083,Saved,Open Play,Right Foot,Half Volley,True,,,,21,1,3869254,18.87,9.76,Penalty Area,0,1,Saved
Gonçalo Matias Ramos,Portugal,100.7,32.2,0.072023906,Saved,Open Play,Right Foot,Normal,True,,,,21,1,3869254,20.82,22.01,Edge of Box,0,1,Saved
Xherdan Shaqiri,Switzerland,87.2,46.1,0.023890225,Saved,Free Kick,Left Foot,Normal,,,,,29,1,3869254,33.36,10.54,Long Range,0,1,Saved
Kléper Laveran Lima Ferreira,Portugal,114.3,40.0,0.12779379,Goal,Open Play,Head,Normal,,,,True,32,1,3869254,5.7,0.0,Six Yard Box,1,1,Goal
Remo Freuler,Switzerland,115.9,44.0,0.2948616,Saved,Open Play,Head,Normal,,,,,37,1,3869254,5.73,44.29,Six Yard Box,0,1,Saved
Fabian Lukas Schär,Switzerland,99.9,53.7,0.024413843,Off T,Open Play,Right Foot,Volley,,,,,37,1,3869254,24.32,34.28,Edge of Box,0,0,Off Target
Gonçalo Matias Ramos,Portugal,107.5,33.4,0.31703457,Saved,Open Play,Left Foot,Normal,True,,,,42,1,3869254,14.14,27.83,Penalty Area,0,1,Saved
Raphaël Adelino José Guerreiro,Portugal,96.0,25.0,0.021823613,Off T,Open Play,Left Foot,Normal,,,,,47,1,3869254,28.3,32.01,Edge of Box,0,0,Off Target
Gonçalo Matias Ramos,Portugal,114.4,35.1,0.09938955,Wayward,Open Play,Head,Normal,,,,True,48,2,3869254,7.44,41.19,Central (12m),0,0,Off Target
Gonçalo Matias Ramos,Portugal,115.8,44.4,0.5086819,Goal,Open Play,Left Foot,Normal,True,,,,50,2,3869254,6.08,46.33,Central (12m),1,1,Goal
João Félix Sequeira,Portugal,103.5,26.4,0.043932665,Blocked,Open Play,Left Foot,Normal,,,,True,52,2,3869254,21.38,39.5,Edge of Box,0,0,Blocked
Kléper Laveran Lima Ferreira,Portugal,110.8,35.6,0.05800441,Wayward,Open Play,Head,Normal,,,,True,53,2,3869254,10.2,25.56,Central (12m),0,0,Off Target
Raphaël Adelino José Guerreiro,Portugal,110.9,32.4,0.35848966,Goal,Open Play,Left Foot,Normal,,,,True,54,2,3869254,11.86,39.87,Central (12m),1,1,Goal
Manuel Obafemi Akanji,Switzerland,118.7,35.4,0.6688656,Goal,Open Play,Right Foot,Volley,True,,True,,57,2,3869254,4.78,74.22,Six Yard Box,1,1,Goal
Xherdan Shaqiri,Switzerland,101.7,63.9,0.007870479,Wayward,Open Play,Left Foot,Normal,,,,,65,2,3869254,30.1,52.56,Long Range,0,0,Off Target
Gonçalo Matias Ramos,Portugal,112.6,45.8,0.46699882,Goal,Open Play,Right Foot,Lob,,True,,True,66,2,3869254,9.4,38.09,Central (12m),1,1,Goal
Denis Lemi Zakaria Lako Lado,Switzerland,97.5,36.4,0.04188712,Blocked,Open Play,Right Foot,Normal,,,,,70,2,3869254,22.79,9.09,Edge of Box,0,0,Blocked
Cristiano Ronaldo dos Santos Aveiro,Portugal,88.9,44.9,0.028790973,Blocked,Free Kick,Right Foot,Normal,,,,,75,2,3869254,31.48,8.95,Long Range,0,0,Blocked
Breel-Donald Embolo,Switzerland,102.1,39.2,0.032889098,Blocked,Open Play,Right Foot,Overhead Kick,,,,True,79,2,3869254,17.92,2.56,Penalty Area,0,0,Blocked
Granit Xhaka,Switzerland,113.2,34.5,0.0836758,Off T,Open Play,Head,Normal,,,,True,80,2,3869254,8.75,38.97,Central (12m),0,0,Off Target
Noah Okafor,Switzerland,108.4,23.1,0.032096077,Blocked,Open Play,Right Foot,Normal,,,,,84,2,3869254,20.5,55.53,Edge of Box,0,0,Blocked
Rafael Alexandre Conceição Leão,Portugal,105.0,21.7,0.010257767,Goal,Open Play,Right Foot,Normal,,,,True,91,2,3869254,23.66,50.66,Edge of Box,1,1,Goal
Rúben Santos Gato Alves Dias,Portugal,108.0,41.9,0.03750256,Blocked,Open Play,Head,Normal,,,,,93,2,3869254,12.15,9.0,Penalty Area,0,0,Blocked
John Stones,England,113.5,45.4,0.08366814,Off T,Open Play,Other,Normal,,,,,20,1,3869118,8.45,39.72,Central (12m),0,0,Off Target
Boulaye Dia,Senegal,108.6,42.7,0.05336251,Blocked,Open Play,Right Foot,Volley,True,,,,21,1,3869118,11.72,13.32,Central (12m),0,0,Blocked
Ismaïla Sarr,Senegal,115.7,40.5,0.629174,Off T,Open Play,Right Foot,Half Volley,True,,,,22,1,3869118,4.33,6.63,Six Yard Box,0,0,Off Target
Boulaye Dia,Senegal,112.8,28.9,0.0358749,Saved,Open Play,Left Foot,Normal,True,,,,31,1,3869118,13.23,57.03,Penalty Area,0,1,Saved
Jordan Brian Henderson,England,107.6,38.0,0.13174866,Goal,Open Play,Left Foot,Normal,True,,,,38,1,3869118,12.56,9.16,Penalty Area,1,1,Goal
Harry Kane,England,110.0,39.3,0.18422936,Off T,Open Play,Right Foot,Normal,True,,,,40,1,3869118,10.02,4.0,Central (12m),0,0,Off Target
Harry Kane,England,104.3,50.7,0.20664306,Goal,Open Play,Right Foot,Normal,,,,True,47,1,3869118,19.0,34.28,Penalty Area,1,1,Goal
Pape Matar Sarr,Senegal,92.8,35.2,0.018660808,Off T,Open Play,Left Foot,Half Volley,True,,,,49,2,3869118,27.62,10.01,Edge of Box,0,0,Off Target
Bukayo Saka,England,107.7,53.4,0.03518777,Off T,Open Play,Right Foot,Normal,,,,,53,2,3869118,18.19,47.45,Penalty Area,0,0,Off Target
Harry Kane,England,90.5,27.1,0.015214441,Saved,Open Play,Right Foot,Normal,,,,,55,2,3869118,32.2,23.62,Long Range,0,1,Saved
Bukayo Saka,England,111.0,35.9,0.21738943,Goal,Open Play,Left Foot,Normal,True,,,True,56,2,3869118,9.89,24.49,Central (12m),1,1,Goal
Pape Matar Sarr,Senegal,89.0,36.2,0.013223637,Blocked,Open Play,Right Foot,Normal,,,,,68,2,3869118,31.23,6.99,Long Range,0,0,Blocked
Pape Matar Sarr,Senegal,87.8,49.9,0.021199826,Off T,Free Kick,Right Foot,Normal,,,,,73,2,3869118,33.69,17.09,Long Range,0,0,Off Target
Ismaïla Sarr,Senegal,111.6,39.3,0.107544675,Off T,Open Play,Head,Normal,,,,,83,2,3869118,8.43,4.76,Central (12m),0,0,Off Target
Pape Gueye,Senegal,96.7,52.4,0.027956013,Blocked,Open Play,Left Foot,Normal,,,,,86,2,3869118,26.39,28.02,Edge of Box,0,0,Blocked
Pape Matar Sarr,Senegal,93.1,38.3,0.032847784,Off T,Open Play,Right Foot,Normal,True,,,,88,2,3869118,26.95,3.62,Edge of Box,0,0,Off Target
Marcus Rashford,England,117.8,45.9,0.1459426,Off T,Open Play,Right Foot,Half Volley,True,,,True,90,2,3869118,6.3,69.55,Central (12m),0,0,Off Target
Cheikh Ahmadou Bamba Mbacke Dieng,Senegal,94.0,54.7,0.03296228,Blocked,Free Kick,Right Foot,Normal,,,,,92,2,3869118,29.87,29.48,Edge of Box,0,0,Blocked
Dejan Lovren,Croatia,115.0,27.7,0.014029023,Off T,Open Play,Head,Normal,,,,True,15,1,3869519,13.28,67.88,Penalty Area,0,0,Off Target
Enzo Fernandez,Argentina,93.1,36.9,0.027808638,Saved,Open Play,Right Foot,Normal,,,,,24,1,3869519,27.08,6.57,Edge of Box,0,1,Saved
Ivan Perišić,Croatia,106.9,23.2,0.034139045,Off T,Open Play,Right Foot,Lob,,,,,30,1,3869519,21.3,52.05,Edge of Box,0,0,Off Target
Lionel Andrés Messi Cuccittini,Argentina,108.0,40.0,0.7835,Goal,Penalty,Left Foot,Normal,,,,,33,1,3869519,12.0,0.0,Penalty Area,1,1,Goal
Julián Álvarez,Argentina,112.7,37.4,0.36172354,Goal,Open Play,Right Foot,Volley,,True,,,38,1,3869519,7.75,19.6,Central (12m),1,1,Goal
Rodrigo Javier De Paul,Argentina,95.6,51.4,0.027667157,Blocked,Open Play,Right Foot,Normal,,,,,40,1,3869519,26.93,25.04,Edge of Box,0,0,Blocked
Alexis Mac Allister,Argentina,113.5,32.8,0.0684051,Saved,Open Play,Head,Normal,,,,,41,1,3869519,9.7,47.92,Central (12m),0,1,Saved
Luka Modrić,Croatia,92.9,46.3,0.026162526,Blocked,Open Play,Right Foot,Normal,,,,,44,1,3869519,27.82,13.09,Edge of Box,0,0,Blocked
Mario Pašalić,Croatia,119.4,45.8,0.07864248,Off T,Open Play,Right Foot,Half Volley,True,,,,44,1,3869519,5.83,84.09,Six Yard Box,0,0,Off Target
Leandro Daniel Paredes,Argentina,85.0,44.8,0.014370957,Saved,Open Play,Right Foot,Normal,,,,,48,2,3869519,35.33,7.81,Long Range,0,1,Saved
Lionel Andrés Messi Cuccittini,Argentina,112.7,30.1,0.10581502,Saved,Open Play,Left Foot,Normal,,,,True,57,2,3869519,12.3,53.6,Penalty Area,0,1,Saved
Mislav Oršić,Croatia,98.4,22.8,0.021008598,Blocked,Open Play,Right Foot,Normal,,,,,57,2,3869519,27.61,38.53,Edge of Box,0,0,Blocked
Dejan Lovren,Croatia,112.7,40.1,0.09374543,Blocked,Open Play,Head,Normal,,,,True,61,2,3869519,7.3,0.78,Central (12m),0,0,Blocked
Julián Álvarez,Argentina,113.3,45.4,0.33366448,Goal,Open Play,Right Foot,Normal,True,,,,68,2,3869519,8.61,38.87,Central (12m),1,1,Goal
Ivan Perišić,Croatia,82.3,43.9,0.00752127,Saved,Free Kick,Left Foot,Normal,,,,,72,2,3869519,37.9,5.91,Long Range,0,1,Saved
Ivan Perišić,Croatia,85.8,21.3,0.0058680973,Off T,Open Play,Left Foot,Normal,,,,,74,2,3869519,38.98,28.67,Long Range,0,0,Off Target
Mislav Oršić,Croatia,108.0,21.9,0.011610668,Off T,Open Play,Right Foot,Normal,,,,,77,2,3869519,21.72,56.46,Edge of Box,0,0,Off Target
Alexis Mac Allister,Argentina,107.1,46.7,0.14140838,Off T,Open Play,Right Foot,Volley,True,,,,82,2,3869519,14.54,27.45,Penalty Area,0,0,Off Target
Lovro Majer,Croatia,96.0,35.4,0.044770177,Saved,Open Play,Left Foot,Half Volley,,,,,88,2,3869519,24.44,10.85,Edge of Box,0,1,Saved
Nikola Vlašić,Croatia,103.6,52.3,0.049129687,Off T,Open Play,Left Foot,Normal,,,,,92,2,3869519,20.5,36.87,Edge of Box,0,0,Off Target
Dejan Lovren,Croatia,89.3,36.5,0.02342664,Off T,Open Play,Left Foot,Normal,,,,,94,2,3869519,30.9,6.5,Long Range,0,0,Off Target
Philip Foden,England,100.2,40.0,0.022691524,Blocked,Open Play,Left Foot,Half Volley,,,,,3,1,3869354,19.8,0.0,Penalty Area,0,0,Blocked
Olivier Giroud,France,110.3,38.2,0.21537142,Saved,Open Play,Head,Diving Header,,,,,10,1,3869354,9.87,10.51,Central (12m),0,1,Saved
Aurélien Djani Tchouaméni,France,92.5,43.5,0.027870113,Goal,Open Play,Right Foot,Normal,,,,,16,1,3869354,27.72,7.25,Edge of Box,1,1,Goal
Luke Shaw,England,98.0,53.2,0.05589417,Saved,Free Kick,Left Foot,Normal,,,,,20,1,3869354,25.66,30.96,Edge of Box,0,1,Saved
Harry Kane,England,113.6,52.2,0.07522586,Saved,Open Play,Right Foot,Normal,True,,,,21,1,3869354,13.78,62.32,Penalty Area,0,1,Saved
Jude Bellingham,England,117.3,35.7,0.21807538,Blocked,Open Play,Head,Normal,,,,True,21,1,3869354,5.08,57.88,Six Yard Box,0,0,Blocked
Harry Kane,England,96.7,57.1,0.018916143,Saved,Open Play,Right Foot,Normal,,,,,28,1,3869354,28.9,36.28,Edge of Box,0,1,Saved
Kylian Mbappé Lottin,France,107.9,32.9,0.06798863,Off T,Open Play,Left Foot,Half Volley,True,,,,38,1,3869354,14.03,30.4,Penalty Area,0,0,Off Target
Jude Bellingham,England,101.1,48.0,0.046397094,Saved,Open Play,Right Foot,Half Volley,True,,,,46,2,3869354,20.52,22.94,Edge of Box,0,1,Saved
Harry Maguire,England,116.2,30.9,0.048588943,Blocked,Open Play,Head,Normal,,,,True,47,2,3869354,9.86,67.34,Central (12m),0,0,Blocked
Jordan Brian Henderson,England,101.1,56.4,0.017202334,Blocked,Open Play,Right Foot,Half Volley,True,,,,51,2,3869354,25.02,40.95,Edge of Box,0,0,Blocked
Harry Kane,England,108.1,40.1,0.7835,Goal,Penalty,Right Foot,Normal,,,,,53,2,3869354,11.9,0.48,Central (12m),1,1,Goal
Adrien Rabiot,France,95.6,43.2,0.06667264,Saved,Open Play,Left Foot,Half Volley,True,,,,54,2,3869354,24.61,7.47,Edge of Box,0,1,Saved
Bukayo Saka,England,103.2,47.6,0.07073746,Saved,Open Play,Right Foot,Normal,,,,True,59,2,3869354,18.44,24.34,Penalty Area,0,1,Saved
Ousmane Dembélé,France,99.5,53.8,0.030820057,Blocked,Open Play,Left Foot,Normal,,,,,60,2,3869354,24.71,33.95,Edge of Box,0,0,Blocked
Harry Kane,England,99.1,53.8,0.029508974,Saved,Open Play,Left Foot,Normal,,,,,61,2,3869354,25.04,33.44,Edge of Box,0,1,Saved
Harry Maguire,England,109.1,35.0,0.07199757,Post,Open Play,Head,Normal,,,,,69,2,3869354,11.99,24.64,Central (12m),0,0,Post
Luke Shaw,England,108.4,21.7,0.006951497,Blocked,Open Play,Left Foot,Normal,,,,,70,2,3869354,21.67,57.63,Edge of Box,0,0,Blocked
Olivier Giroud,France,112.9,47.0,0.075690374,Off T,Open Play,Head,Normal,,True,,True,74,2,3869354,9.97,44.59,Central (12m),0,0,Off Target
Olivier Giroud,France,111.3,40.5,0.20829616,Saved,Open Play,Left Foot,Volley,True,,,,76,2,3869354,8.71,3.29,Central (12m),0,1,Saved
Olivier Giroud,France,114.7,36.4,0.14665264,Goal,Open Play,Head,Normal,,,,True,77,2,3869354,6.41,34.19,Central (12m),1,1,Goal
Harry Kane,England,108.1,40.1,0.7835,Off T,Penalty,Right Foot,Normal,,True,,,83,2,3869354,11.9,0.48,Central (12m),0,0,Off Target
Mason Mount,England,89.5,44.7,0.024138648,Off T,Open Play,Right Foot,Normal,,,,,88,2,3869354,30.86,8.76,Long Range,0,0,Off Target
Marcus Rashford,England,97.5,34.1,0.07922588,Off T,Free Kick,Right Foot,Normal,,,,,100,2,3869354,23.26,14.69,Edge of Box,0,0,Off Target
Kylian Mbappé Lottin,France,108.5,47.3,0.09459595,Blocked,Open Play,Left Foot,Normal,,,,True,4,1,3869552,13.62,32.41,Penalty Area,0,0,Blocked
Theo Bernard François Hernández,France,115.7,31.5,0.0979349,Goal,Open Play,Left Foot,Half Volley,True,,,,4,1,3869552,9.53,63.17,Central (12m),1,1,Goal
Azzedine Ounahi,Morocco,95.5,26.2,0.01924696,Saved,Open Play,Right Foot,Normal,,,,,9,1,3869552,28.12,29.39,Edge of Box,0,1,Saved
Hakim Ziyech,Morocco,106.4,54.6,0.06111174,Off T,Open Play,Right Foot,Normal,,,,,16,1,3869552,19.95,47.03,Penalty Area,0,0,Off Target
Olivier Giroud,France,105.4,26.8,0.09802507,Post,Open Play,Left Foot,Normal,,,,,16,1,3869552,19.68,42.12,Penalty Area,0,0,Post
Achraf Hakimi Mouh,Morocco,95.3,53.3,0.020597277,Blocked,Open Play,Right Foot,Normal,,,,,25,1,3869552,28.05,28.3,Edge of Box,0,0,Blocked
Aurélien Djani Tchouaméni,France,96.0,32.9,0.040336993,Blocked,Open Play,Right Foot,Normal,True,,,,32,1,3869552,25.03,16.48,Edge of Box,0,0,Blocked
Olivier Giroud,France,111.9,44.5,0.060999498,Blocked,Open Play,Head,Normal,,,,True,34,1,3869552,9.27,29.05,Central (12m),0,0,Blocked
Youssouf Fofana,France,104.3,46.5,0.061363008,Off T,Open Play,Left Foot,Half Volley,True,,,,34,1,3869552,16.99,22.49,Penalty Area,0,0,Off Target
Kylian Mbappé Lottin,France,111.7,30.9,0.15100354,Blocked,Open Play,Right Foot,Normal,,,,,35,1,3869552,12.32,47.63,Penalty Area,0,0,Blocked
Olivier Giroud,France,105.8,42.5,0.2635025,Off T,Open Play,Left Foot,Normal,True,,,,35,1,3869552,14.42,9.98,Penalty Area,0,0,Off Target
Raphaël Varane,France,113.7,47.9,0.07554505,Off T,Open Play,Right Foot,Volley,True,,,,39,1,3869552,10.1,51.43,Central (12m),0,0,Off Target
Jawad El Yamiq,Morocco,107.2,33.9,0.06408756,Saved to Post,Open Play,Right Foot,Overhead Kick,True,,,,43,1,3869552,14.18,25.48,Penalty Area,0,0,Saved
Sofiane Boufal,Morocco,96.7,37.2,0.035300843,Off T,Open Play,Right Foot,Half Volley,True,,,,43,1,3869552,23.47,6.85,Edge of Box,0,0,Off Target
Jules Koundé,France,94.0,50.6,0.01766911,Blocked,Open Play,Right Foot,Half Volley,,,,True,46,2,3869552,28.08,22.18,Edge of Box,0,0,Blocked
Yahia Attiyat allah,Morocco,109.8,35.1,0.24936919,Wayward,Open Play,Right Foot,Half Volley,True,,,,52,2,3869552,11.32,25.66,Central (12m),0,0,Off Target
Sofyan Amrabat,Morocco,92.5,36.0,0.020691318,Off T,Open Play,Right Foot,Normal,,,,,53,2,3869552,27.79,8.28,Edge of Box,0,0,Off Target
Marcus Thuram,France,114.5,45.5,0.115658596,Off T,Open Play,Head,Normal,,,,True,70,2,3869552,7.78,45.0,Central (12m),0,0,Off Target
Youssouf Fofana,France,111.6,27.3,0.040043775,Off T,Open Play,Left Foot,Normal,,,,,73,2,3869552,15.23,56.52,Penalty Area,0,0,Off Target
Kylian Mbappé Lottin,France,107.2,29.8,0.033641826,Blocked,Open Play,Right Foot,Normal,,,,True,78,2,3869552,16.37,38.55,Penalty Area,0,0,Blocked
Randal Kolo Muani,France,115.6,43.8,0.8521293,Goal,Open Play,Right Foot,Normal,True,,True,,78,2,3869552,5.81,40.82,Six Yard Box,1,1,Goal
Zakaria Aboukhlal,Morocco,107.1,41.0,0.024939176,Wayward,Open Play,Head,Normal,,,,True,85,2,3869552,12.94,4.43,Penalty Area,0,0,Off Target
Abdessamad Ezzalzouli,Morocco,106.9,32.9,0.05950738,Blocked,Open Play,Right Foot,Normal,,,,,92,2,3869552,14.9,28.46,Penalty Area,0,0,Blocked
Azzedine Ounahi,Morocco,103.0,48.2,0.06379096,Blocked,Open Play,Right Foot,Normal,,,,,92,2,3869552,18.87,25.75,Penalty Area,0,0,Blocked
Azzedine Ounahi,Morocco,98.1,48.0,0.03807111,Blocked,Open Play,Left Foot,Normal,,,,,93,2,3869552,23.32,20.07,Edge of Box,0,0,Blocked
Azzedine Ounahi,Morocco,108.6,44.6,0.067406826,Blocked,Open Play,Right Foot,Half Volley,,,,,93,2,3869552,12.29,21.97,Penalty Area,0,0,Blocked
Abderrazak Hamdallah,Morocco,115.9,37.4,0.50624365,Blocked,Open Play,Other,Normal,,,,,93,2,3869552,4.85,32.38,Six Yard Box,0,0,Blocked
Vinícius José Paixão de Oliveira Júnior,Brazil,98.8,20.8,0.008460451,Saved,Open Play,Right Foot,Normal,,,,,4,1,3869420,28.6,42.17,Edge of Box,0,1,Saved
Ivan Perišić,Croatia,112.2,43.2,0.19016835,Off T,Open Play,Right Foot,Half Volley,True,,,,12,1,3869420,8.43,22.31,Central (12m),0,0,Off Target
Andrej Kramarić,Croatia,99.5,27.0,0.026674595,Blocked,Open Play,Right Foot,Normal,,,,,18,1,3869420,24.27,32.38,Edge of Box,0,0,Blocked
Vinícius José Paixão de Oliveira Júnior,Brazil,103.0,34.8,0.06970771,Blocked,Open Play,Right Foot,Normal,True,,,,19,1,3869420,17.78,17.01,Penalty Area,0,0,Blocked
Neymar da Silva Santos Junior,Brazil,107.2,24.9,0.025347186,Saved,Open Play,Right Foot,Normal,,,,,20,1,3869420,19.8,49.71,Penalty Area,0,1,Saved
Carlos Henrique Casimiro,Brazil,96.4,49.8,0.030699778,Blocked,Open Play,Right Foot,Normal,True,,,,22,1,3869420,25.55,22.55,Edge of Box,0,0,Blocked
Ivan Perišić,Croatia,100.8,20.7,0.012010745,Off T,Open Play,Right Foot,Normal,,,,,29,1,3869420,27.22,45.15,Edge of Box,0,0,Off Target
Neymar da Silva Santos Junior,Brazil,100.9,17.2,0.008240742,Saved,Free Kick,Right Foot,Normal,,,,,41,1,3869420,29.74,50.05,Edge of Box,0,1,Saved
Ivan Perišić,Croatia,111.9,41.4,0.11005159,Wayward,Open Play,Head,Normal,,,,True,50,2,3869420,8.22,9.81,Central (12m),0,0,Off Target
Neymar da Silva Santos Junior,Brazil,112.6,29.0,0.16692519,Saved,Open Play,Left Foot,Normal,True,,,,54,2,3869420,13.26,56.07,Penalty Area,0,1,Saved
Carlos Henrique Casimiro,Brazil,89.1,28.8,0.026057322,Blocked,Free Kick,Right Foot,Normal,,,,,65,2,3869420,32.87,19.92,Long Range,0,0,Blocked
Lucas Tolentino Coelho de Lima,Brazil,111.6,34.5,0.26807922,Saved,Open Play,Left Foot,Half Volley,True,,,,65,2,3869420,10.04,33.22,Central (12m),0,1,Saved
Éder Gabriel Militão,Brazil,101.4,53.7,0.04353941,Blocked,Open Play,Right Foot,Normal,,,,,66,2,3869420,23.1,36.37,Edge of Box,0,0,Blocked
Andrej Kramarić,Croatia,101.2,57.3,0.030721588,Blocked,Open Play,Left Foot,Normal,,,,,70,2,3869420,25.55,42.62,Edge of Box,0,0,Blocked
Neymar da Silva Santos Junior,Brazil,114.1,28.2,0.12963046,Saved,Open Play,Left Foot,Normal,True,,,,75,2,3869420,13.19,63.43,Penalty Area,0,1,Saved
Lucas Tolentino Coelho de Lima,Brazil,104.6,32.8,0.092192985,Saved,Open Play,Left Foot,Normal,True,,,,79,2,3869420,17.0,25.06,Penalty Area,0,1,Saved
Richarlison de Andrade,Brazil,109.4,41.0,0.067200735,Off T,Open Play,Head,Normal,,,,True,81,2,3869420,10.65,5.39,Central (12m),0,0,Off Target
Nikola Vlašić,Croatia,107.0,54.2,0.026884926,Blocked,Open Play,Right Foot,Normal,,,,,84,2,3869420,19.25,47.53,Penalty Area,0,0,Blocked
Éder Gabriel Militão,Brazil,102.5,50.1,0.04975106,Blocked,Open Play,Right Foot,Normal,True,,,,85,2,3869420,20.21,29.99,Edge of Box,0,0,Blocked
Éder Gabriel Militão,Brazil,104.7,46.8,0.06132018,Blocked,Open Play,Left Foot,Half Volley,True,,,,85,2,3869420,16.74,23.96,Penalty Area,0,0,Blocked
Antony Matheus dos Santos,Brazil,94.6,56.8,0.013999131,Saved,Open Play,Left Foot,Normal,,,,,93,2,3869420,30.45,33.48,Long Range,0,1,Saved
Pedro Guilherme Abreu dos Santos,Brazil,112.9,49.4,0.057022728,Wayward,Open Play,Head,Normal,,,,,91,3,3869420,11.78,52.94,Central (12m),0,0,Off Target
Pedro Guilherme Abreu dos Santos,Brazil,107.2,38.8,0.113875866,Saved,Open Play,Right Foot,Volley,True,,,,100,3,3869420,12.86,5.36,Penalty Area,0,1,Saved
Marcelo Brozović,Croatia,103.7,46.4,0.12467693,Off T,Open Play,Right Foot,Normal,True,,,,102,3,3869420,17.51,21.44,Penalty Area,0,0,Off Target
Danilo Luiz da Silva,Brazil,96.9,22.6,0.0154907415,Off T,Open Play,Right Foot,Normal,,,,,104,3,3869420,28.92,36.99,Edge of Box,0,0,Off Target
Neymar da Silva Santos Junior,Brazil,116.5,47.2,0.4674385,Goal,Open Play,Right Foot,Normal,,,,,105,3,3869420,8.01,64.08,Central (12m),1,1,Goal
Bruno Petković,Croatia,103.2,38.6,0.09977819,Goal,Open Play,Left Foot,Normal,True,,,,116,4,3869420,16.86,4.76,Penalty Area,1,1,Goal
Lovro Majer,Croatia,91.5,55.0,0.01192189,Off T,Open Play,Left Foot,Normal,,,,,119,4,3869420,32.21,27.76,Long Range,0,0,Off Target
Carlos Henrique Casimiro,Brazil,114.0,31.0,0.10135116,Saved,Open Play,Left Foot,Half Volley,True,,,,121,4,3869420,10.82,56.31,Central (12m),0,1,Saved
Nikola Vlašić,Croatia,108.0,40.0,0.7835,Goal,Penalty,Right Foot,Normal,,,,,120,5,3869420,12.0,0.0,Penalty Area,1,1,Goal
Rodrygo Silva de Goes,Brazil,107.9,40.0,0.7835,Saved,Penalty,Right Foot,Normal,,,,,120,5,3869420,12.1,0.0,Penalty Area,0,1,Saved
Lovro Majer,Croatia,108.0,40.0,0.7835,Goal,Penalty,Left Foot,Normal,,,,,121,5,3869420,12.0,0.0,Penalty Area,1,1,Goal
Carlos Henrique Casimiro,Brazil,108.0,40.0,0.7835,Goal,Penalty,Right Foot,Normal,,,,,122,5,3869420,12.0,0.0,Penalty Area,1,1,Goal
Luka Modrić,Croatia,108.0,40.0,0.7835,Goal,Penalty,Right Foot,Normal,,,,,123,5,3869420,12.0,0.0,Penalty Area,1,1,Goal
Pedro Guilherme Abreu dos Santos,Brazil,108.0,40.0,0.7835,Goal,Penalty,Right Foot,Normal,,,,,123,5,3869420,12.0,0.0,Penalty Area,1,1,Goal
Mislav Oršić,Croatia,108.0,40.0,0.7835,Goal,Penalty,Right Foot,Normal,,,,,124,5,3869420,12.0,0.0,Penalty Area,1,1,Goal
Marcos Aoás Corrêa,Brazil,108.0,40.0,0.7835,Post,Penalty,Right Foot,Normal,,True,,,125,5,3869420,12.0,0.0,Penalty Area,0,0,Post
Achraf Hakimi Mouh,Morocco,93.4,27.5,0.041958537,Off T,Free Kick,Right Foot,Normal,,,,,11,1,3869220,29.39,25.17,Edge of Box,0,0,Off Target
Marco Asensio Willemsen,Spain,115.0,25.0,0.025564773,Off T,Open Play,Left Foot,Half Volley,,True,,,25,1,3869220,15.81,71.57,Penalty Area,0,0,Off Target
Noussair Mazraoui,Morocco,89.4,37.7,0.023416335,Saved,Open Play,Left Foot,Normal,,,,,32,1,3869220,30.69,4.3,Long Range,0,1,Saved
Nayef Aguerd,Morocco,113.2,43.7,0.25141555,Off T,Open Play,Head,Normal,,,,,41,1,3869220,7.74,28.55,Central (12m),0,0,Off Target
Daniel Olmo Carvajal,Spain,110.2,12.6,0.0073576192,Saved,Open Play,Right Foot,Normal,True,,,,54,2,3869220,29.1,70.32,Edge of Box,0,1,Saved
Daniel Olmo Carvajal,Spain,97.2,31.3,0.031760626,Off T,Open Play,Right Foot,Half Volley,True,,,,77,2,3869220,24.4,20.89,Edge of Box,0,0,Off Target
Álvaro Borja Morata Martín,Spain,118.8,50.9,0.017266534,Wayward,Open Play,Right Foot,Normal,True,,,,81,2,3869220,10.97,83.72,Central (12m),0,0,Off Target
Walid Cheddira,Morocco,110.6,40.8,0.119254045,Saved Off Target,Open Play,Right Foot,Half Volley,True,,,,85,2,3869220,9.43,4.86,Central (12m),0,0,Saved
Álvaro Borja Morata Martín,Spain,115.3,51.1,0.049165204,Off T,Open Play,Head,Normal,,True,,,90,2,3869220,12.05,67.05,Penalty Area,0,0,Off Target
Aymeric Laporte,Spain,107.7,38.8,0.04145577,Blocked,Open Play,Head,Normal,,,,,95,2,3869220,12.36,5.57,Penalty Area,0,0,Blocked
Alejandro Balde Martínez,Spain,112.5,28.9,0.077706024,Blocked,Open Play,Left Foot,Normal,,,,,99,3,3869220,13.4,55.95,Penalty Area,0,0,Blocked
Rodrigo Hernández Cascante,Spain,79.9,46.8,0.0056476467,Off T,Open Play,Right Foot,Normal,,,,,102,3,3869220,40.67,9.62,Long Range,0,0,Off Target
Walid Cheddira,Morocco,109.7,47.1,0.1301347,Saved,Open Play,Left Foot,Normal,,,,True,103,3,3869220,12.51,34.58,Penalty Area,0,1,Saved
Marcos Llorente Moreno,Spain,100.3,53.3,0.024551911,Blocked,Open Play,Right Foot,Half Volley,True,,,,106,3,3869220,23.77,34.02,Edge of Box,0,0,Blocked
Abdelhamid Sabiri,Morocco,60.0,39.7,0.004195439,Off T,Open Play,Right Foot,Lob,True,,,,105,4,3869220,60.0,0.29,Long Range,0,0,Off Target
Sergio Busquets i Burgos,Spain,102.6,47.1,0.0709334,Blocked,Open Play,Left Foot,Normal,,,,,120,4,3869220,18.79,22.2,Penalty Area,0,0,Blocked
Carlos Soler Barragán,Spain,104.3,44.4,0.039505202,Blocked,Open Play,Head,Normal,,,,,121,4,3869220,16.3,15.66,Penalty Area,0,0,Blocked
Pablo Sarabia García,Spain,117.8,48.1,0.10407615,Post,Open Play,Right Foot,Volley,True,,,,122,4,3869220,8.39,74.8,Central (12m),0,0,Post
Abdelhamid Sabiri,Morocco,108.0,40.0,0.7835,Goal,Penalty,Right Foot,Normal,,,,,120,5,3869220,12.0,0.0,Penalty Area,1,1,Goal
Pablo Sarabia García,Spain,108.0,40.0,0.7835,Post,Penalty,Left Foot,Normal,,True,,,121,5,3869220,12.0,0.0,Penalty Area,0,0,Post
Hakim Ziyech,Morocco,108.0,40.0,0.7835,Goal,Penalty,Left Foot,Normal,,,,,121,5,3869220,12.0,0.0,Penalty Area,1,1,Goal
Carlos Soler Barragán,Spain,108.0,40.0,0.7835,Saved,Penalty,Right Foot,Normal,,,,,122,5,3869220,12.0,0.0,Penalty Area,0,1,Saved
Badr Banoun,Morocco,108.0,40.0,0.7835,Saved,Penalty,Right Foot,Normal,,,,,123,5,3869220,12.0,0.0,Penalty Area,0,1,Saved
Sergio Busquets i Burgos,Spain,108.0,40.0,0.7835,Saved,Penalty,Right Foot,Normal,,,,,124,5,3869220,12.0,0.0,Penalty Area,0,1,Saved
Achraf Hakimi Mouh,Morocco,108.0,40.0,0.7835,Goal,Penalty,Right Foot,Normal,,,,,125,5,3869220,12.0,0.0,Penalty Area,1,1,Goal
Shogo Taniguchi,Japan,112.6,38.8,0.11361285,Off T,Open Play,Head,Normal,,,,True,2,1,3869219,7.5,9.21,Central (12m),0,0,Off Target
Ivan Perišić,Croatia,116.7,29.0,0.05943511,Saved,Open Play,Right Foot,Normal,,True,,,7,1,3869219,11.48,73.3,Central (12m),0,1,Saved
Andrej Kramarić,Croatia,114.5,38.3,0.17775308,Blocked,Open Play,Left Foot,Half Volley,,,,True,7,1,3869219,5.76,17.18,Six Yard Box,0,0,Blocked
Joško Gvardiol,Croatia,101.1,43.6,0.061746918,Off T,Open Play,Left Foot,Normal,True,,,,23,1,3869219,19.24,10.78,Penalty Area,0,0,Off Target
Daichi Kamada,Japan,114.1,28.8,0.08994952,Wayward,Open Play,Right Foot,Normal,,,,,40,1,3869219,12.66,62.22,Penalty Area,0,0,Off Target
Daizen Maeda,Japan,113.5,44.3,0.45874894,Goal,Open Play,Left Foot,Half Volley,True,,,True,42,1,3869219,7.79,33.49,Central (12m),1,1,Goal
Daichi Kamada,Japan,94.7,38.3,0.03904812,Off T,Open Play,Right Foot,Normal,,,,,45,2,3869219,25.36,3.84,Edge of Box,0,0,Off Target
Mateo Kovačić,Croatia,100.1,47.1,0.02993381,Off T,Open Play,Right Foot,Volley,True,,,,48,2,3869219,21.13,19.64,Edge of Box,0,0,Off Target
Hidemasa Morita,Japan,98.2,36.8,0.041140273,Wayward,Open Play,Right Foot,Half Volley,True,,,,49,2,3869219,22.03,8.35,Edge of Box,0,0,Off Target
Ivan Perišić,Croatia,106.0,34.1,0.02684295,Goal,Open Play,Head,Normal,,,,,54,2,3869219,15.19,22.85,Penalty Area,1,1,Goal
Wataru Endo,Japan,94.4,52.9,0.019910807,Saved,Open Play,Right Foot,Normal,,,,,56,2,3869219,28.67,26.74,Edge of Box,0,1,Saved
Wataru Endo,Japan,90.0,41.9,0.020528734,Blocked,Open Play,Right Foot,Normal,,,,True,59,2,3869219,30.06,3.62,Long Range,0,0,Blocked
Hidemasa Morita,Japan,97.8,36.3,0.052081473,Blocked,Open Play,Right Foot,Normal,True,,,,59,2,3869219,22.51,9.46,Edge of Box,0,0,Blocked
Ritsu Doan,Japan,100.4,43.7,0.056113943,Saved,Open Play,Left Foot,Normal,,,,,59,2,3869219,19.95,10.69,Penalty Area,0,1,Saved
Luka Modrić,Croatia,96.3,48.9,0.031055314,Saved,Open Play,Right Foot,Half Volley,,,,,62,2,3869219,25.32,20.58,Edge of Box,0,1,Saved
Ivan Perišić,Croatia,95.5,48.2,0.018378427,Blocked,Open Play,Left Foot,Normal,,,,,65,2,3869219,25.84,18.51,Edge of Box,0,0,Blocked
Andrej Kramarić,Croatia,98.9,23.8,0.018472007,Blocked,Open Play,Right Foot,Normal,,,,,65,2,3869219,26.6,37.52,Edge of Box,0,0,Blocked
Ante Budimir,Croatia,109.5,45.1,0.10111922,Off T,Open Play,Head,Normal,,,,,65,2,3869219,11.67,25.91,Central (12m),0,0,Off Target
Mario Pašalić,Croatia,107.5,44.5,0.035465226,Off T,Open Play,Head,Normal,,,,,73,2,3869219,13.29,19.8,Penalty Area,0,0,Off Target
Ivan Perišić,Croatia,98.1,30.4,0.030077945,Blocked,Open Play,Left Foot,Normal,,,,,76,2,3869219,23.91,23.67,Edge of Box,0,0,Blocked
Mario Pašalić,Croatia,110.5,42.8,0.052599985,Off T,Open Play,Head,Normal,,,,True,85,2,3869219,9.9,16.42,Central (12m),0,0,Off Target
Shogo Taniguchi,Japan,114.6,49.3,0.0608747,Off T,Open Play,Head,Normal,,,,,91,3,3869219,10.75,59.86,Central (12m),0,0,Off Target
Ivan Perišić,Croatia,107.2,34.1,0.07439702,Blocked,Open Play,Right Foot,Half Volley,True,,,,100,3,3869219,14.09,24.75,Penalty Area,0,0,Blocked
Borna Barišić,Croatia,95.1,31.3,0.015196718,Blocked,Open Play,Left Foot,Volley,True,,,,100,3,3869219,26.38,19.26,Edge of Box,0,0,Blocked
Kaoru Mitoma,Japan,99.8,34.6,0.054134306,Saved,Open Play,Right Foot,Normal,,,,,104,3,3869219,20.91,14.97,Edge of Box,0,1,Saved
Wataru Endo,Japan,95.7,37.1,0.02615668,Blocked,Open Play,Right Foot,Volley,True,,,,104,3,3869219,24.47,6.81,Edge of Box,0,0,Blocked
Takumi Minamino,Japan,102.6,40.3,0.03667642,Blocked,Open Play,Right Foot,Volley,True,,,,104,3,3869219,17.4,0.99,Penalty Area,0,0,Blocked
Marko Livaja,Croatia,112.8,47.7,0.047236525,Saved,Open Play,Head,Normal,,,,True,113,4,3869219,10.54,46.92,Central (12m),0,1,Saved
Mislav Oršić,Croatia,106.8,19.7,0.009676031,Blocked,Open Play,Right Foot,Normal,,,,,120,4,3869219,24.21,56.97,Edge of Box,0,0,Blocked
Lovro Majer,Croatia,99.8,33.0,0.06501122,Off T,Open Play,Right Foot,Normal,True,,,,120,4,3869219,21.38,19.11,Edge of Box,0,0,Off Target
Takumi Minamino,Japan,108.1,40.1,0.7835,Saved,Penalty,Right Foot,Normal,,,,,120,5,3869219,11.9,0.48,Central (12m),0,1,Saved
Nikola Vlašić,Croatia,108.1,40.1,0.7835,Goal,Penalty,Right Foot,Normal,,,,,120,5,3869219,11.9,0.48,Central (12m),1,1,Goal
Kaoru Mitoma,Japan,108.1,40.1,0.7835,Saved,Penalty,Right Foot,Normal,,,,,121,5,3869219,11.9,0.48,Central (12m),0,1,Saved
Marcelo Brozović,Croatia,108.1,40.1,0.7835,Goal,Penalty,Right Foot,Normal,,,,,121,5,3869219,11.9,0.48,Central (12m),1,1,Goal
Takuma Asano,Japan,108.1,40.1,0.7835,Goal,Penalty,Right Foot,Normal,,,,,122,5,3869219,11.9,0.48,Central (12m),1,1,Goal
Marko Livaja,Croatia,108.1,40.1,0.7835,Post,Penalty,Right Foot,Normal,,True,,,123,5,3869219,11.9,0.48,Central (12m),0,0,Post
Maya Yoshida,Japan,108.1,40.1,0.7835,Saved,Penalty,Right Foot,Normal,,,,,123,5,3869219,11.9,0.48,Central (12m),0,1,Saved
Mario Pašalić,Croatia,108.1,40.1,0.7835,Goal,Penalty,Right Foot,Normal,,,,,124,5,3869219,11.9,0.48,Central (12m),1,1,Goal
Neymar da Silva Santos Junior,Brazil,111.3,44.4,0.083826184,Wayward,Open Play,Right Foot,Normal,True,,,,6,1,3869253,9.75,26.83,Central (12m),0,0,Off Target
Vinícius José Paixão de Oliveira Júnior,Brazil,110.0,29.9,0.13057186,Goal,Open Play,Right Foot,Normal,,,,,6,1,3869253,14.21,45.29,Penalty Area,1,1,Goal
Neymar da Silva Santos Junior,Brazil,108.0,40.0,0.7835,Goal,Penalty,Right Foot,Normal,,,,,12,1,3869253,12.0,0.0,Penalty Area,1,1,Goal
Hee-Chan Hwang,South Korea,90.4,28.0,0.016991004,Saved,Open Play,Right Foot,Normal,,,,,16,1,3869253,31.94,22.07,Long Range,0,1,Saved
In-Beom Hwang,South Korea,91.7,46.4,0.026666574,Off T,Open Play,Left Foot,Normal,,,,,16,1,3869253,29.01,12.74,Edge of Box,0,0,Off Target
Hee-Chan Hwang,South Korea,82.7,33.0,0.0058221314,Saved,Open Play,Right Foot,Normal,,,,,24,1,3869253,37.95,10.63,Long Range,0,1,Saved
Richarlison de Andrade,Brazil,110.7,43.3,0.5379008,Goal,Open Play,Left Foot,Normal,,True,,,28,1,3869253,9.87,19.54,Central (12m),1,1,Goal
Raphael Dias Belloli,Brazil,94.7,30.7,0.02589997,Off T,Open Play,Left Foot,Normal,,,,,30,1,3869253,26.96,20.18,Edge of Box,0,0,Off Target
Hee-Chan Hwang,South Korea,119.3,30.8,0.017834108,Saved,Open Play,Right Foot,Normal,,True,,,31,1,3869253,9.23,85.65,Central (12m),0,1,Saved
Carlos Henrique Casimiro,Brazil,93.6,43.2,0.029429397,Off T,Open Play,Right Foot,Normal,True,,,,33,1,3869253,26.59,6.91,Edge of Box,0,0,Off Target
Lucas Tolentino Coelho de Lima,Brazil,110.0,44.8,0.08633457,Goal,Open Play,Right Foot,Volley,True,,,True,35,1,3869253,11.09,25.64,Central (12m),1,1,Goal
Lucas Tolentino Coelho de Lima,Brazil,112.0,49.2,0.2577265,Saved,Open Play,Left Foot,Normal,True,,,,45,1,3869253,12.19,48.99,Penalty Area,0,1,Saved
Richarlison de Andrade,Brazil,110.3,51.6,0.2681848,Saved,Open Play,Right Foot,Normal,,,,,48,1,3869253,15.12,50.1,Penalty Area,0,1,Saved
Neymar da Silva Santos Junior,Brazil,111.4,42.3,0.26870713,Off T,Open Play,Other,Normal,,,,True,48,1,3869253,8.9,14.97,Central (12m),0,0,Off Target
Raphael Dias Belloli,Brazil,104.3,51.7,0.04634087,Saved,Open Play,Left Foot,Normal,,,,,45,2,3869253,19.58,36.69,Penalty Area,0,1,Saved
Heung-Min Son,South Korea,105.3,27.9,0.1490943,Saved,Open Play,Right Foot,Normal,,,,,46,2,3869253,19.04,39.46,Penalty Area,0,1,Saved
Raphael Dias Belloli,Brazil,110.4,50.6,0.080992505,Saved,Open Play,Left Foot,Normal,,,,,53,2,3869253,14.3,47.83,Penalty Area,0,1,Saved
Vinícius José Paixão de Oliveira Júnior,Brazil,110.4,26.8,0.05640157,Off T,Open Play,Right Foot,Normal,,,,True,53,2,3869253,16.32,53.97,Penalty Area,0,0,Off Target
Raphael Dias Belloli,Brazil,91.0,34.0,0.04321825,Blocked,Free Kick,Left Foot,Normal,,,,,57,2,3869253,29.61,11.69,Edge of Box,0,0,Blocked
Raphael Dias Belloli,Brazil,114.6,51.1,0.16284284,Saved,Open Play,Right Foot,Normal,,True,,,61,2,3869253,12.34,64.06,Penalty Area,0,1,Saved
Hee-Chan Hwang,South Korea,106.8,51.7,0.04724954,Saved,Open Play,Right Foot,Half Volley,True,,,,67,2,3869253,17.64,41.55,Penalty Area,0,1,Saved
Seung-Ho Paik,South Korea,93.7,39.8,0.023081098,Goal,Open Play,Left Foot,Half Volley,,,,,75,2,3869253,26.3,0.44,Edge of Box,1,1,Goal
Daniel Alves da Silva,Brazil,111.1,53.1,0.027839905,Blocked,Open Play,Right Foot,Overhead Kick,True,,,,88,2,3869253,15.84,55.81,Penalty Area,0,0,Blocked
Gleison Bremer Silva Nascimento,Brazil,116.1,41.0,0.34439024,Saved,Open Play,Head,Normal,,,,,89,2,3869253,4.03,14.38,Six Yard Box,0,1,Saved
Hee-Chan Hwang,South Korea,112.9,53.6,0.058088522,Off T,Open Play,Right Foot,Half Volley,,True,,,89,2,3869253,15.34,62.43,Penalty Area,0,0,Off Target
Daniel Alves da Silva,Brazil,88.4,46.1,0.027316706,Off T,Open Play,Right Foot,Normal,,,,,92,2,3869253,32.18,10.93,Long Range,0,0,Off Target
Raphaël Varane,France,114.3,40.0,0.1462742,Off T,Open Play,Head,Normal,,,,True,3,1,3869152,5.7,0.0,Six Yard Box,0,0,Off Target
Ousmane Dembélé,France,116.0,51.8,0.040392082,Blocked,Open Play,Right Foot,Normal,,,,,10,1,3869152,12.46,71.27,Penalty Area,0,0,Blocked
Aurélien Djani Tchouaméni,France,87.8,30.9,0.017185243,Saved,Open Play,Right Foot,Normal,,,,,12,1,3869152,33.46,15.78,Long Range,0,1,Saved
Ousmane Dembélé,France,99.2,46.7,0.07651916,Saved,Open Play,Left Foot,Normal,,,,,16,1,3869152,21.85,17.85,Edge of Box,0,1,Saved
Robert Lewandowski,Poland,92.5,43.3,0.03323787,Off T,Open Play,Left Foot,Normal,,,,,20,1,3869152,27.7,6.84,Edge of Box,0,0,Off Target
Jules Koundé,France,94.5,56.1,0.01624438,Saved,Open Play,Right Foot,Normal,,,,,21,1,3869152,30.16,32.27,Long Range,0,1,Saved
Przemysław Frankowski,Poland,109.5,24.7,0.043646414,Blocked,Open Play,Right Foot,Normal,True,,,,24,1,3869152,18.56,55.54,Penalty Area,0,0,Blocked
Robert Lewandowski,Poland,94.8,26.6,0.042642463,Blocked,Free Kick,Right Foot,Normal,,,,,32,1,3869152,28.54,28.0,Edge of Box,0,0,Blocked
Matty Cash,Poland,99.1,56.2,0.023505978,Wayward,Open Play,Right Foot,Normal,True,,,,33,1,3869152,26.44,37.78,Edge of Box,0,0,Off Target
Kylian Mbappé Lottin,France,111.5,24.9,0.047962468,Saved,Open Play,Left Foot,Normal,,,,,34,1,3869152,17.33,60.62,Penalty Area,0,1,Saved
Olivier Giroud,France,105.2,44.5,0.046657436,Wayward,Open Play,Left Foot,Half Volley,True,,,,35,1,3869152,15.47,16.91,Penalty Area,0,0,Off Target
Piotr Zieliński,Poland,106.6,41.6,0.13905574,Saved,Open Play,Right Foot,Normal,True,,,,37,1,3869152,13.5,6.81,Penalty Area,0,1,Saved
Piotr Zieliński,Poland,111.4,43.9,0.2098723,Blocked,Open Play,Left Foot,Half Volley,True,,,,37,1,3869152,9.44,24.39,Central (12m),0,0,Blocked
Jakub Kamiński,Poland,114.1,50.5,0.07224382,Blocked,Open Play,Right Foot,Half Volley,True,,,,37,1,3869152,12.04,60.67,Penalty Area,0,0,Blocked
Olivier Giroud,France,105.6,32.3,0.28635955,Goal,Open Play,Left Foot,Normal,,,,,43,1,3869152,16.33,28.13,Penalty Area,1,1,Goal
Jakub Kamiński,Poland,108.8,51.7,0.03898995,Blocked,Open Play,Right Foot,Half Volley,,,,,45,1,3869152,16.2,46.25,Penalty Area,0,0,Blocked
Antoine Griezmann,France,106.9,63.2,0.008752431,Saved,Free Kick,Left Foot,Normal,,,,,47,2,3869152,26.64,60.55,Edge of Box,0,1,Saved
Theo Bernard François Hernández,France,98.0,38.5,0.032634486,Off T,Open Play,Right Foot,Volley,True,,,,47,2,3869152,22.05,3.9,Edge of Box,0,0,Off Target
Kylian Mbappé Lottin,France,102.0,26.7,0.02943752,Blocked,Open Play,Right Foot,Normal,,,,,55,2,3869152,22.38,36.46,Edge of Box,0,0,Blocked
Kylian Mbappé Lottin,France,110.2,26.3,0.054253228,Wayward,Open Play,Right Foot,Normal,True,,,,62,2,3869152,16.84,54.42,Penalty Area,0,0,Off Target
Olivier Giroud,France,115.8,46.8,0.12365263,Off T,Open Play,Left Foot,Volley,True,,,True,65,2,3869152,7.99,58.3,Central (12m),0,0,Off Target
Kamil Glik,Poland,114.0,32.0,0.041239407,Off T,Open Play,Head,Normal,,,,True,70,2,3869152,10.0,53.13,Central (12m),0,0,Off Target
Kylian Mbappé Lottin,France,104.8,28.6,0.08738103,Goal,Open Play,Right Foot,Normal,,,,,73,2,3869152,19.0,36.87,Penalty Area,1,1,Goal
Theo Bernard François Hernández,France,105.0,33.4,0.069959894,Off T,Open Play,Right Foot,Normal,,,,,80,2,3869152,16.39,23.75,Penalty Area,0,0,Off Target
Kylian Mbappé Lottin,France,106.2,25.2,0.042708755,Goal,Open Play,Right Foot,Normal,,,,,90,2,3869152,20.24,47.0,Edge of Box,1,1,Goal
Robert Lewandowski,Poland,105.6,48.7,0.061160102,Wayward,Open Play,Right Foot,Half Volley,True,,,True,91,2,3869152,16.82,31.14,Penalty Area,0,0,Off Target
Robert Lewandowski,Poland,113.0,40.0,0.10443308,Blocked,Open Play,Head,Normal,,,,True,93,2,3869152,7.0,0.0,Central (12m),0,0,Blocked
Robert Lewandowski,Poland,108.0,40.0,0.7835,Goal,Penalty,Right Foot,Normal,,,,,98,2,3869152,12.0,0.0,Penalty Area,1,1,Goal
Christian Pulisic,United States,107.1,34.9,0.3196895,Saved,Open Play,Left Foot,Half Volley,True,,,,2,1,3869117,13.87,21.57,Penalty Area,0,1,Saved
Memphis Depay,Netherlands,104.9,43.7,0.16183718,Goal,Open Play,Right Foot,Normal,True,,,,9,1,3869117,15.55,13.77,Penalty Area,1,1,Goal
Daley Blind,Netherlands,103.6,30.6,0.07337185,Off T,Open Play,Left Foot,Normal,True,,,,17,1,3869117,18.9,29.82,Penalty Area,0,0,Off Target
Memphis Depay,Netherlands,106.1,62.1,0.008920797,Off T,Open Play,Right Foot,Half Volley,True,,,,20,1,3869117,26.11,57.83,Edge of Box,0,0,Off Target
Timothy Weah,United States,97.5,53.3,0.028368456,Saved,Open Play,Right Foot,Half Volley,,,,,42,1,3869117,26.14,30.59,Edge of Box,0,1,Saved
Sergino Dest,United States,105.2,46.2,0.07418261,Blocked,Open Play,Right Foot,Normal,,,,,43,1,3869117,16.05,22.73,Penalty Area,0,0,Blocked
Daley Blind,Netherlands,107.6,38.5,0.2502288,Goal,Open Play,Right Foot,Normal,True,,,,45,1,3869117,12.49,6.9,Penalty Area,1,1,Goal
Weston McKennie,United States,109.1,36.5,0.03899759,Wayward,Open Play,Head,Normal,,,,True,48,2,3869117,11.45,17.8,Central (12m),0,0,Off Target
Tim Ream,United States,116.5,37.1,0.2582279,Saved,Open Play,Left Foot,Half Volley,,,,,48,2,3869117,4.55,39.64,Six Yard Box,0,1,Saved
Weston McKennie,United States,108.4,37.0,0.06857926,Wayward,Open Play,Head,Normal,,,,True,48,2,3869117,11.98,14.5,Central (12m),0,0,Off Target
Sergino Dest,United States,100.9,57.3,0.01609117,Wayward,Open Play,Left Foot,Normal,,,,,50,2,3869117,25.77,42.17,Edge of Box,0,0,Off Target
Christian Pulisic,United States,98.4,27.3,0.040512722,Saved,Open Play,Right Foot,Normal,,,,,52,2,3869117,25.06,30.45,Edge of Box,0,1,Saved
Weston McKennie,United States,102.1,35.0,0.053084504,Off T,Open Play,Left Foot,Half Volley,,,,,53,2,3869117,18.59,15.61,Penalty Area,0,0,Off Target
Cody Mathès Gakpo,Netherlands,100.0,50.7,0.053106464,Blocked,Open Play,Left Foot,Normal,,,,,60,2,3869117,22.68,28.15,Edge of Box,0,0,Blocked
Memphis Depay,Netherlands,98.6,47.0,0.046333984,Saved,Open Play,Right Foot,Normal,True,,,,60,2,3869117,22.52,18.11,Edge of Box,0,1,Saved
Timothy Weah,United States,99.1,51.0,0.04334448,Blocked,Open Play,Left Foot,Normal,,,,,62,2,3869117,23.62,27.76,Edge of Box,0,0,Blocked
Virgil van Dijk,Netherlands,111.8,41.3,0.08036702,Off T,Open Play,Head,Normal,,,,True,70,2,3869117,8.3,9.01,Central (12m),0,0,Off Target
Teun Koopmeiners,Netherlands,94.5,37.8,0.04472613,Saved,Open Play,Left Foot,Normal,,,,,70,2,3869117,25.59,4.93,Edge of Box,0,1,Saved
Memphis Depay,Netherlands,113.1,34.4,0.27671057,Saved,Open Play,Head,Diving Header,,True,,,70,2,3869117,8.89,39.06,Central (12m),0,1,Saved
Giovanni Reyna,United States,98.9,49.9,0.042619057,Off T,Open Play,Left Foot,Normal,,,,,73,2,3869117,23.31,25.14,Edge of Box,0,0,Off Target
Haji Wright,United States,115.2,55.6,0.046546377,Blocked,Open Play,Right Foot,Normal,,,,,74,2,3869117,16.32,72.9,Penalty Area,0,0,Blocked
Haji Wright,United States,115.1,45.2,0.3636808,Goal,Open Play,Right Foot,Normal,True,,,,75,2,3869117,7.14,46.7,Central (12m),1,1,Goal
Steven Bergwijn,Netherlands,109.5,32.8,0.25042096,Off T,Open Play,Right Foot,Normal,True,,,,77,2,3869117,12.73,34.44,Penalty Area,0,0,Off Target
Christian Pulisic,United States,99.5,25.3,0.031073315,Saved,Open Play,Left Foot,Normal,,,,,78,2,3869117,25.23,35.64,Edge of Box,0,1,Saved
Denzel Dumfries,Netherlands,113.5,44.3,0.23592436,Goal,Open Play,Left Foot,Volley,True,,,,80,2,3869117,7.79,33.49,Central (12m),1,1,Goal
Walker Zimmerman,United States,107.2,43.0,0.05674074,Off T,Open Play,Right Foot,Volley,,,,,85,2,3869117,13.15,13.19,Penalty Area,0,0,Off Target
Giovanni Reyna,United States,103.1,51.4,0.043403003,Blocked,Open Play,Left Foot,Normal,,,,,88,2,3869117,20.39,34.0,Edge of Box,0,0,Blocked
Yunus Dimoara Musah,United States,103.9,44.2,0.054460905,Blocked,Open Play,Right Foot,Half Volley,True,,,,93,2,3869117,16.64,14.62,Penalty Area,0,0,Blocked
Haji Wright,United States,111.3,40.2,0.072495155,Wayward,Open Play,Head,Normal,,,,True,94,2,3869117,8.7,1.32,Central (12m),0,0,Off Target
Mathías Olivera Miramontes,Uruguay,98.2,27.8,0.039672486,Off T,Open Play,Left Foot,Normal,,,,,2,1,3857270,24.98,29.23,Edge of Box,0,0,Off Target
William Silva de Carvalho,Portugal,104.9,30.5,0.048683427,Off T,Open Play,Right Foot,Volley,True,,,,2,1,3857270,17.84,32.18,Penalty Area,0,0,Off Target
Bruno Miguel Borges Fernandes,Portugal,90.8,53.9,0.014580331,Off T,Open Play,Right Foot,Normal,,,,,7,1,3857270,32.34,25.46,Long Range,0,0,Off Target
José María Giménez de Vargas,Uruguay,109.4,37.1,0.050594334,Off T,Open Play,Head,Normal,,,,,11,1,3857270,10.99,15.3,Central (12m),0,0,Off Target
João Félix Sequeira,Portugal,101.0,30.9,0.033737455,Blocked,Open Play,Right Foot,Normal,,,,,15,1,3857270,21.07,25.59,Edge of Box,0,0,Blocked
Cristiano Ronaldo dos Santos Aveiro,Portugal,96.0,23.4,0.026755862,Blocked,Free Kick,Right Foot,Normal,,,,,17,1,3857270,29.18,34.67,Edge of Box,0,0,Blocked
Rúben Diogo Da Silva Neves,Portugal,92.4,50.0,0.015326656,Blocked,Open Play,Right Foot,Half Volley,True,,,,19,1,3857270,29.36,19.92,Edge of Box,0,0,Blocked
Rodrigo Bentancur Colmán,Uruguay,106.8,41.3,0.49410823,Saved,Open Play,Right Foot,Normal,,True,,,31,1,3857270,13.26,5.62,Penalty Area,0,1,Saved
Cristiano Ronaldo dos Santos Aveiro,Portugal,99.4,24.7,0.029249214,Blocked,Open Play,Left Foot,Normal,,,,,34,1,3857270,25.66,36.6,Edge of Box,0,0,Blocked
João Félix Sequeira,Portugal,91.6,31.8,0.022321237,Blocked,Open Play,Right Foot,Normal,,,,,34,1,3857270,29.56,16.11,Edge of Box,0,0,Blocked
Rodrigo Bentancur Colmán,Uruguay,108.4,29.5,0.07433986,Wayward,Open Play,Right Foot,Normal,True,,,,35,1,3857270,15.65,42.15,Penalty Area,0,0,Off Target
Bruno Miguel Borges Fernandes,Portugal,93.1,33.0,0.028039778,Blocked,Open Play,Right Foot,Normal,,,,,36,1,3857270,27.8,14.59,Edge of Box,0,0,Blocked
João Félix Sequeira,Portugal,107.9,27.1,0.036293734,Off T,Open Play,Left Foot,Normal,,,,,51,2,3857270,17.69,46.83,Penalty Area,0,0,Off Target
Bruno Miguel Borges Fernandes,Portugal,99.4,14.6,0.0077694156,Goal,Open Play,Right Foot,Normal,,,,,53,2,3857270,32.7,50.96,Long Range,1,1,Goal
Cristiano Ronaldo dos Santos Aveiro,Portugal,84.9,19.1,0.007159395,Wayward,Open Play,Right Foot,Normal,,,,True,56,2,3857270,40.85,30.77,Long Range,0,0,Off Target
Edinson Roberto Cavani Gómez,Uruguay,102.9,39.7,0.07401822,Off T,Open Play,Right Foot,Volley,True,,,,57,2,3857270,17.1,1.01,Penalty Area,0,0,Off Target
Darwin Gabriel Núñez Ribeiro,Uruguay,92.8,43.6,0.03092143,Saved,Open Play,Right Foot,Normal,,,,,59,2,3857270,27.44,7.54,Edge of Box,0,1,Saved
Mathías Olivera Miramontes,Uruguay,108.1,33.8,0.041303303,Blocked,Open Play,Head,Normal,,,,True,64,2,3857270,13.42,27.52,Penalty Area,0,0,Blocked
Maximiliano Gómez González,Uruguay,99.2,43.2,0.047642853,Post,Open Play,Right Foot,Normal,True,,,,74,2,3857270,21.04,8.75,Edge of Box,0,0,Post
Luis Alberto Suárez Díaz,Uruguay,115.6,34.0,0.088375136,Off T,Open Play,Left Foot,Half Volley,,,,,77,2,3857270,7.44,53.75,Central (12m),0,0,Off Target
Giorgian Daniel De Arrascaeta Benedetti,Uruguay,109.3,50.0,0.2560759,Saved,Open Play,Right Foot,Normal,True,,,,78,2,3857270,14.65,43.06,Penalty Area,0,1,Saved
Rafael Alexandre Conceição Leão,Portugal,95.3,49.1,0.026902085,Off T,Open Play,Right Foot,Normal,,,,,82,2,3857270,26.32,20.22,Edge of Box,0,0,Off Target
Federico Santiago Valverde Dipetta,Uruguay,88.2,44.5,0.019629322,Off T,Open Play,Right Foot,Normal,,,,,85,2,3857270,32.12,8.05,Long Range,0,0,Off Target
Bruno Miguel Borges Fernandes,Portugal,108.0,40.0,0.7835,Goal,Penalty,Right Foot,Normal,,,,,92,2,3857270,12.0,0.0,Penalty Area,1,1,Goal
Bruno Miguel Borges Fernandes,Portugal,117.7,50.0,0.032710962,Saved,Open Play,Right Foot,Volley,True,,,,97,2,3857270,10.26,77.05,Central (12m),0,1,Saved
Bruno Miguel Borges Fernandes,Portugal,100.6,35.0,0.100704454,Post,Open Play,Right Foot,Half Volley,,,,,98,2,3857270,20.03,14.45,Edge of Box,0,0,Post
Daniel Olmo Carvajal,Spain,100.5,26.1,0.032144632,Saved to Post,Open Play,Right Foot,Normal,,,,,6,1,3857263,23.95,35.48,Edge of Box,0,0,Saved
Jordi Alba Ramos,Spain,96.6,23.3,0.021667236,Off T,Open Play,Right Foot,Normal,,,,,21,1,3857263,28.75,35.51,Edge of Box,0,0,Off Target
Serge Gnabry,Germany,102.8,56.6,0.028963488,Off T,Open Play,Left Foot,Normal,,,,,24,1,3857263,23.9,43.98,Edge of Box,0,0,Off Target
Ferrán Torres García,Spain,102.8,46.4,0.068952255,Blocked,Open Play,Left Foot,Normal,,,,,25,1,3857263,18.35,20.41,Penalty Area,0,0,Blocked
Antonio Rüdiger,Germany,89.6,25.9,0.0065071667,Off T,Open Play,Right Foot,Normal,,,,,29,1,3857263,33.51,24.88,Long Range,0,0,Off Target
Ferrán Torres García,Spain,109.8,54.6,0.04777013,Blocked,Open Play,Right Foot,Normal,,,,,35,1,3857263,17.81,55.06,Penalty Area,0,0,Blocked
Antonio Rüdiger,Germany,113.7,60.2,0.008851705,Saved,Open Play,Right Foot,Half Volley,,,,,44,1,3857263,21.16,72.68,Edge of Box,0,1,Saved
Joshua Kimmich,Germany,105.8,40.6,0.09558376,Saved,Open Play,Right Foot,Normal,True,,,,55,2,3857263,14.21,2.42,Penalty Area,0,1,Saved
Daniel Olmo Carvajal,Spain,85.8,31.1,0.0118638035,Saved,Open Play,Right Foot,Normal,,,,,58,2,3857263,35.34,14.59,Long Range,0,1,Saved
Álvaro Borja Morata Martín,Spain,113.2,34.3,0.31874228,Goal,Open Play,Right Foot,Normal,True,,,,61,2,3857263,8.87,39.97,Central (12m),1,1,Goal
Leon Goretzka,Germany,96.2,39.7,0.036448006,Blocked,Open Play,Right Foot,Normal,,,,,63,2,3857263,23.8,0.72,Edge of Box,0,0,Blocked
Marco Asensio Willemsen,Spain,101.7,45.4,0.13836038,Off T,Open Play,Left Foot,Normal,True,,,,64,2,3857263,19.08,16.44,Penalty Area,0,0,Off Target
Niclas Füllkrug,Germany,111.2,41.5,0.3730103,Wayward,Open Play,Right Foot,Normal,True,,,,72,2,3857263,8.93,9.67,Central (12m),0,0,Off Target
Jamal Musiala,Germany,110.1,50.1,0.28996226,Saved,Open Play,Right Foot,Normal,True,,,,72,2,3857263,14.14,45.57,Penalty Area,0,1,Saved
Serge Gnabry,Germany,104.9,23.6,0.024480116,Blocked,Open Play,Right Foot,Volley,,,,,72,2,3857263,22.29,47.36,Edge of Box,0,0,Blocked
Niclas Füllkrug,Germany,111.3,42.8,0.065169856,Off T,Open Play,Head,Normal,,,,,73,2,3857263,9.14,17.84,Central (12m),0,0,Off Target
Joshua Kimmich,Germany,98.9,25.7,0.053563386,Blocked,Free Kick,Right Foot,Normal,,,,,80,2,3857263,25.49,34.13,Edge of Box,0,0,Blocked
Niclas Füllkrug,Germany,110.8,51.9,0.16441207,Goal,Open Play,Right Foot,Normal,,True,,,82,2,3857263,15.04,52.29,Penalty Area,1,1,Goal
Aleksandar Mitrović,Serbia,110.4,33.0,0.06545554,Off T,Open Play,Head,Normal,,,,,5,1,3857259,11.88,36.1,Central (12m),0,0,Off Target
Aleksandar Mitrović,Serbia,114.4,54.2,0.016927462,Post,Open Play,Left Foot,Normal,,,,,10,1,3857259,15.26,68.48,Penalty Area,0,0,Post
Filip Kostić,Serbia,108.2,21.4,0.012009094,Off T,Open Play,Left Foot,Normal,,,,,10,1,3857259,22.03,57.61,Edge of Box,0,0,Off Target
Nicolas Alexis Julio N'Koulou Ndoubena,Cameroon,95.9,33.9,0.046143826,Off T,Open Play,Left Foot,Normal,True,,,,15,1,3857259,24.86,14.2,Edge of Box,0,0,Off Target
Aleksandar Mitrović,Serbia,108.9,38.6,0.063389905,Off T,Open Play,Right Foot,Half Volley,True,,,True,16,1,3857259,11.19,7.19,Central (12m),0,0,Off Target
Pierre Kunde Malong,Cameroon,108.1,60.1,0.009715966,Saved,Open Play,Right Foot,Half Volley,,True,,,18,1,3857259,23.36,59.37,Edge of Box,0,1,Saved
Pierre Kunde Malong,Cameroon,96.8,50.1,0.029523049,Blocked,Open Play,Right Foot,Normal,True,,,,19,1,3857259,25.3,23.53,Edge of Box,0,0,Blocked
Nicolas Alexis Julio N'Koulou Ndoubena,Cameroon,115.2,33.5,0.09064111,Blocked,Open Play,Head,Normal,,,,,28,1,3857259,8.08,53.56,Central (12m),0,0,Blocked
Jean-Charles Castelletto,Cameroon,118.5,43.2,0.8945071,Goal,Open Play,Right Foot,Volley,True,,True,,28,1,3857259,3.53,64.89,Six Yard Box,1,1,Goal
Pierre Kunde Malong,Cameroon,103.5,53.8,0.0845098,Saved,Open Play,Right Foot,Normal,,,,,42,1,3857259,21.51,39.91,Edge of Box,0,1,Saved
Pierre Kunde Malong,Cameroon,110.5,55.1,0.056867022,Off T,Open Play,Right Foot,Normal,True,,,,42,1,3857259,17.84,57.82,Penalty Area,0,0,Off Target
Strahinja Pavlović,Serbia,110.7,42.8,0.07892812,Goal,Open Play,Head,Normal,,,,,45,1,3857259,9.71,16.76,Central (12m),1,1,Goal
Sergej Milinković-Savić,Serbia,99.6,46.7,0.058657028,Goal,Open Play,Left Foot,Normal,,,,,47,1,3857259,21.47,18.18,Edge of Box,1,1,Goal
Aleksandar Mitrović,Serbia,98.4,45.9,0.08318807,Blocked,Open Play,Right Foot,Normal,,,,,50,1,3857259,22.39,15.28,Edge of Box,0,0,Blocked
Saša Lukić,Serbia,103.0,49.6,0.039666813,Blocked,Open Play,Right Foot,Half Volley,True,,,,51,1,3857259,19.52,29.45,Penalty Area,0,0,Blocked
Aleksandar Mitrović,Serbia,113.6,40.2,0.8974681,Goal,Open Play,Right Foot,Normal,True,,True,,52,2,3857259,6.4,1.79,Central (12m),1,1,Goal
Vincent Paté Aboubakar,Cameroon,106.5,47.6,0.05176351,Blocked,Open Play,Left Foot,Normal,,,,,59,2,3857259,15.49,29.38,Penalty Area,0,0,Blocked
Karl Brillant Toko Ekambi,Cameroon,106.4,24.5,0.02132554,Saved,Open Play,Right Foot,Normal,,,,,61,2,3857259,20.62,48.74,Edge of Box,0,1,Saved
Sergej Milinković-Savić,Serbia,96.4,47.8,0.10917903,Off T,Open Play,Right Foot,Lob,,,,True,62,2,3857259,24.86,18.29,Edge of Box,0,0,Off Target
Vincent Paté Aboubakar,Cameroon,104.4,49.0,0.28323865,Goal,Open Play,Right Foot,Lob,,,,,62,2,3857259,18.01,29.98,Penalty Area,1,1,Goal
Jean-Eric Maxim Choupo-Moting,Cameroon,111.0,37.0,0.46942416,Goal,Open Play,Left Foot,Normal,True,,,,65,2,3857259,9.49,18.43,Central (12m),1,1,Goal
Nikola Milenković,Serbia,110.5,45.7,0.0304652,Wayward,Open Play,Head,Normal,,,,True,69,2,3857259,11.08,30.96,Central (12m),0,0,Off Target
Aleksandar Mitrović,Serbia,110.1,55.7,0.10947208,Saved,Open Play,Right Foot,Normal,True,,,,75,2,3857259,18.56,57.77,Penalty Area,0,1,Saved
Sergej Milinković-Savić,Serbia,95.2,48.2,0.032438725,Off T,Open Play,Right Foot,Normal,,,,,77,2,3857259,26.12,18.3,Edge of Box,0,0,Off Target
Vincent Paté Aboubakar,Cameroon,94.0,24.8,0.025639288,Saved,Open Play,Right Foot,Normal,,,,,86,2,3857259,30.12,30.31,Long Range,0,1,Saved
Aleksandar Mitrović,Serbia,105.1,38.3,0.1134657,Off T,Open Play,Right Foot,Normal,True,,,,88,2,3857259,15.0,6.51,Penalty Area,0,0,Off Target
Georges-Kévin Nkoudou Mbida,Cameroon,103.3,13.7,0.0070103277,Saved,Free Kick,Right Foot,Normal,,,,,94,2,3857259,31.15,57.59,Long Range,0,1,Saved
Marko Grujić,Serbia,92.3,33.6,0.027356416,Saved,Open Play,Right Foot,Half Volley,,,,,94,2,3857259,28.43,13.01,Edge of Box,0,1,Saved
Michy Batshuayi Tunga,Belgium,110.0,29.6,0.13561569,Saved,Open Play,Left Foot,Normal,True,,,,4,1,3857283,14.43,46.12,Penalty Area,0,1,Saved
Kevin De Bruyne,Belgium,95.2,30.1,0.023734333,Blocked,Open Play,Right Foot,Half Volley,True,,,,15,1,3857283,26.7,21.76,Edge of Box,0,0,Blocked
Amadou Onana,Belgium,114.6,38.6,0.22733837,Off T,Open Play,Head,Normal,,,,,16,1,3857283,5.58,14.53,Six Yard Box,0,0,Off Target
Thomas Meunier,Belgium,101.1,27.4,0.050302412,Saved,Open Play,Right Foot,Normal,,,,,18,1,3857283,22.71,33.69,Edge of Box,0,1,Saved
Hakim Ziyech,Morocco,88.5,52.0,0.010982664,Off T,Open Play,Left Foot,Normal,,,,True,20,1,3857283,33.71,20.85,Long Range,0,0,Off Target
Selim Amallah,Morocco,106.0,49.7,0.054105066,Off T,Open Play,Right Foot,Volley,True,,,,27,1,3857283,17.03,34.72,Penalty Area,0,0,Off Target
Achraf Hakimi Mouh,Morocco,109.4,56.3,0.054164495,Off T,Open Play,Right Foot,Normal,,,,True,34,1,3857283,19.44,56.96,Penalty Area,0,0,Off Target
Kevin De Bruyne,Belgium,94.1,42.1,0.021631707,Blocked,Open Play,Left Foot,Normal,,,,True,34,1,3857283,25.98,4.64,Edge of Box,0,0,Blocked
Kevin De Bruyne,Belgium,112.6,6.7,0.007375095,Off T,Free Kick,Right Foot,Normal,,,,,38,1,3857283,34.11,77.47,Long Range,0,0,Off Target
Hakim Ziyech,Morocco,95.2,48.1,0.02991042,Saved,Open Play,Left Foot,Normal,,,,,49,2,3857283,26.09,18.09,Edge of Box,0,1,Saved
Eden Hazard,Belgium,104.9,58.7,0.009158539,Saved,Open Play,Right Foot,Normal,,,,,51,2,3857283,24.04,51.08,Edge of Box,0,1,Saved
Amadou Onana,Belgium,111.4,40.8,0.06452631,Off T,Open Play,Head,Normal,,,,True,51,2,3857283,8.64,5.31,Central (12m),0,0,Off Target
Sofiane Boufal,Morocco,106.6,22.0,0.01369968,Off T,Open Play,Right Foot,Normal,,,,,56,2,3857283,22.44,53.33,Edge of Box,0,0,Off Target
Noussair Mazraoui,Morocco,87.4,35.3,0.022188112,Off T,Open Play,Right Foot,Normal,True,,,,60,2,3857283,32.94,8.2,Long Range,0,0,Off Target
Dries Mertens,Belgium,97.9,37.7,0.065653466,Saved,Open Play,Right Foot,Normal,,,,,64,2,3857283,22.22,5.94,Edge of Box,0,1,Saved
Azzedine Ounahi,Morocco,87.6,38.2,0.023304239,Off T,Open Play,Right Foot,Normal,,,,,68,2,3857283,32.45,3.18,Long Range,0,0,Off Target
Romain Saïss,Morocco,118.0,36.4,0.56495196,Goal,Open Play,Other,Normal,,True,True,,72,2,3857283,4.12,60.95,Six Yard Box,1,1,Goal
Jan Vertonghen,Belgium,109.1,37.6,0.03727616,Off T,Open Play,Head,Normal,,,,True,81,2,3857283,11.16,12.42,Central (12m),0,0,Off Target
Abderrazak Hamdallah,Morocco,116.6,28.9,0.036752854,Saved,Open Play,Left Foot,Normal,,,,,90,2,3857283,11.61,72.97,Central (12m),0,1,Saved
Zakaria Aboukhlal,Morocco,110.3,46.8,0.18104906,Goal,Open Play,Right Foot,Normal,True,,,,91,2,3857283,11.85,35.03,Central (12m),1,1,Goal
Enner Remberto Valencia Lastra,Ecuador,108.1,40.1,0.7835,Goal,Penalty,Right Foot,Normal,,,,,15,1,3857286,11.9,0.48,Central (12m),1,1,Goal
Romario Andrés Ibarra Mina,Ecuador,96.5,46.4,0.057691004,Off T,Open Play,Right Foot,Normal,,,,True,28,1,3857286,24.36,15.23,Edge of Box,0,0,Off Target
Enner Remberto Valencia Lastra,Ecuador,109.6,38.0,0.08878088,Goal,Open Play,Head,Normal,,,,,30,1,3857286,10.59,10.89,Central (12m),1,1,Goal
Abdelkarim Hassan Al Haj Fadlalla,Qatar,88.4,22.4,0.0062173195,Off T,Open Play,Left Foot,Normal,,,,,32,1,3857286,36.17,29.12,Long Range,0,0,Off Target
Almoez Ali Zainalabiddin Abdulla,Qatar,113.0,43.7,0.21267414,Off T,Open Play,Head,Normal,,True,,,49,1,3857286,7.92,27.86,Central (12m),0,0,Off Target
Angelo Smit Preciado Quiñónez,Ecuador,91.7,61.5,0.0066099144,Off T,Open Play,Right Foot,Normal,,,,,51,2,3857286,35.54,37.22,Long Range,0,0,Off Target
Romario Andrés Ibarra Mina,Ecuador,101.9,32.3,0.07894745,Saved,Open Play,Right Foot,Normal,,,,,54,2,3857286,19.67,23.05,Penalty Area,0,1,Saved
Pedro Miguel Correia,Qatar,106.5,47.5,0.030855335,Off T,Open Play,Head,Normal,,,,True,61,2,3857286,15.44,29.05,Penalty Area,0,0,Off Target
Akram Hassan Afif,Qatar,92.1,23.1,0.009109482,Off T,Open Play,Right Foot,Normal,,,,,74,2,3857286,32.62,31.2,Long Range,0,0,Off Target
Mohammed Muntari,Qatar,100.2,55.2,0.045332674,Off T,Open Play,Right Foot,Half Volley,True,,,,85,2,3857286,24.96,37.51,Edge of Box,0,0,Off Target
Kevin José Rodríguez Cortez,Ecuador,112.3,37.4,0.13848205,Off T,Open Play,Head,Normal,,,,,94,2,3857286,8.13,18.66,Central (12m),0,0,Off Target
Lionel Andrés Messi Cuccittini,Argentina,104.5,44.5,0.15308252,Saved,Open Play,Left Foot,Normal,True,,,,1,1,3857300,16.14,16.19,Penalty Area,0,1,Saved
Lionel Andrés Messi Cuccittini,Argentina,108.0,40.0,0.7835,Goal,Penalty,Left Foot,Normal,,,,,9,1,3857300,12.0,0.0,Penalty Area,1,1,Goal
Alejandro Darío Gómez,Argentina,98.4,20.2,0.011924569,Off T,Open Play,Right Foot,Normal,,,,,20,1,3857300,29.3,42.51,Edge of Box,0,0,Off Target
Lautaro Javier Martínez,Argentina,113.2,33.8,0.0877444,Blocked,Open Play,Head,Normal,,,,,41,1,3857300,9.2,42.36,Central (12m),0,0,Blocked
Rodrigo Javier De Paul,Argentina,101.1,41.8,0.050540753,Off T,Open Play,Right Foot,Half Volley,True,,,,41,1,3857300,18.99,5.44,Penalty Area,0,0,Off Target
Saleh Khalid Al Shehri,Saudi Arabia,108.0,29.6,0.080592275,Goal,Open Play,Left Foot,Normal,,,,,47,2,3857300,15.88,40.91,Penalty Area,1,1,Goal
Nawaf Shaker Al Abid,Saudi Arabia,104.9,54.1,0.040064447,Blocked,Open Play,Left Foot,Normal,,,,,52,2,3857300,20.66,43.04,Edge of Box,0,0,Blocked
Salem Mohammed Al Dawsari,Saudi Arabia,102.4,25.3,0.03280492,Goal,Open Play,Right Foot,Normal,,,,,52,2,3857300,22.93,39.87,Edge of Box,1,1,Goal
Lisandro Martínez,Argentina,111.1,39.9,0.33156127,Blocked,Open Play,Right Foot,Normal,True,,,,62,2,3857300,8.9,0.64,Central (12m),0,0,Blocked
Nicolás Alejandro Tagliafico,Argentina,116.1,37.2,0.63619345,Saved,Open Play,Other,Normal,,True,,,62,2,3857300,4.8,35.68,Six Yard Box,0,1,Saved
Lautaro Javier Martínez,Argentina,116.5,31.1,0.077176735,Off T,Open Play,Head,Normal,,,,True,68,2,3857300,9.56,68.53,Central (12m),0,0,Off Target
Ángel Fabián Di María Hernández,Argentina,111.4,54.4,0.0639515,Saved,Open Play,Right Foot,Normal,,True,,,71,2,3857300,16.77,59.15,Penalty Area,0,1,Saved
Ángel Fabián Di María Hernández,Argentina,86.7,57.3,0.015201165,Blocked,Open Play,Left Foot,Half Volley,,,,,73,2,3857300,37.53,27.45,Long Range,0,0,Blocked
Enzo Fernandez,Argentina,108.2,39.6,0.036932193,Off T,Open Play,Head,Normal,,,,,75,2,3857300,11.81,1.94,Central (12m),0,0,Off Target
Lionel Andrés Messi Cuccittini,Argentina,92.8,47.1,0.056788407,Off T,Free Kick,Left Foot,Normal,,,,,79,2,3857300,28.11,14.63,Edge of Box,0,0,Off Target
Lionel Andrés Messi Cuccittini,Argentina,113.6,32.2,0.077553175,Saved,Open Play,Head,Normal,,,,,83,2,3857300,10.09,50.63,Central (12m),0,1,Saved
Nicolás Hernán Otamendi,Argentina,109.5,37.8,0.048093256,Wayward,Open Play,Head,Normal,,,,True,90,2,3857300,10.73,11.83,Central (12m),0,0,Off Target
Julián Álvarez,Argentina,112.5,33.2,0.061390053,Saved,Open Play,Head,Normal,,,,True,100,2,3857300,10.12,42.2,Central (12m),0,1,Saved
Gue-Sung Cho,South Korea,111.9,44.7,0.09163986,Blocked,Open Play,Left Foot,Normal,True,,,True,3,1,3857299,9.36,30.12,Central (12m),0,0,Blocked
Woo-Yeong Jeong,South Korea,96.7,49.1,0.03008143,Blocked,Open Play,Right Foot,Normal,,,,,7,1,3857299,25.01,21.33,Edge of Box,0,0,Blocked
Min Jae Kim,South Korea,114.5,47.9,0.059008703,Wayward,Open Play,Head,Normal,,,,,7,1,3857299,9.63,55.15,Central (12m),0,0,Off Target
In-Beom Hwang,South Korea,95.7,54.9,0.019586006,Blocked,Open Play,Right Foot,Normal,,,,,7,1,3857299,28.5,31.52,Edge of Box,0,0,Blocked
Gue-Sung Cho,South Korea,115.4,30.4,0.055939306,Blocked,Open Play,Head,Normal,,,,,17,1,3857299,10.65,64.4,Central (12m),0,0,Blocked
Mohamed Salisu,Ghana,115.5,37.9,0.4040968,Goal,Open Play,Left Foot,Half Volley,True,,,,23,1,3857299,4.97,25.02,Six Yard Box,1,1,Goal
Mohammed Kudus,Ghana,113.1,41.8,0.20083603,Goal,Open Play,Head,Normal,,,,,33,1,3857299,7.13,14.62,Central (12m),1,1,Goal
Woo-Young Jung,South Korea,100.6,20.0,0.010946972,Off T,Open Play,Right Foot,Normal,,,,,44,1,3857299,27.86,45.87,Edge of Box,0,0,Off Target
Thomas Teye Partey,Ghana,118.3,36.2,0.21468838,Off T,Open Play,Head,Normal,,,,True,49,1,3857299,4.16,65.9,Six Yard Box,0,0,Off Target
Tariq Lamptey,Ghana,104.8,52.1,0.07450179,Off T,Open Play,Left Foot,Normal,,,,,49,2,3857299,19.43,38.52,Penalty Area,0,0,Off Target
Gue-Sung Cho,South Korea,111.6,36.7,0.07677545,Saved,Open Play,Head,Normal,,,,,52,2,3857299,9.02,21.45,Central (12m),0,1,Saved
Gue-Sung Cho,South Korea,112.6,38.4,0.23484395,Goal,Open Play,Head,Normal,,True,,,57,2,3857299,7.57,12.2,Central (12m),1,1,Goal
Gue-Sung Cho,South Korea,115.5,43.7,0.16237147,Goal,Open Play,Head,Normal,,,,True,60,2,3857299,5.83,39.43,Six Yard Box,1,1,Goal
Iñaki Williams Arthuer,Ghana,109.2,32.5,0.10557394,Wayward,Open Play,Right Foot,Normal,True,,,,67,2,3857299,13.15,34.78,Penalty Area,0,0,Off Target
Mohammed Kudus,Ghana,108.4,48.6,0.15416233,Goal,Open Play,Left Foot,Normal,True,,,,67,2,3857299,14.44,36.55,Penalty Area,1,1,Goal
Kang-In Lee,South Korea,90.9,45.4,0.034794893,Saved,Free Kick,Left Foot,Normal,,,,,74,2,3857299,29.6,10.51,Edge of Box,0,1,Saved
Heung-Min Son,South Korea,110.9,29.2,0.065267496,Blocked,Open Play,Right Foot,Normal,,,,,75,2,3857299,14.12,49.88,Penalty Area,0,0,Blocked
Kang-In Lee,South Korea,114.2,56.1,0.011154885,Blocked,Open Play,Left Foot,Normal,,,,,75,2,3857299,17.11,70.19,Penalty Area,0,0,Blocked
Jin-Su Kim,South Korea,112.0,30.1,0.19109753,Blocked,Open Play,Left Foot,Volley,True,,,,75,2,3857299,12.73,51.06,Penalty Area,0,0,Blocked
Salis Abdul Samed,Ghana,96.1,40.1,0.026676558,Off T,Open Play,Right Foot,Volley,True,,,,82,2,3857299,23.9,0.24,Edge of Box,0,0,Off Target
Jin-Su Kim,South Korea,107.7,23.5,0.03964235,Off T,Open Play,Left Foot,Normal,,,,,83,2,3857299,20.58,53.3,Edge of Box,0,0,Off Target
Jin-Su Kim,South Korea,112.0,33.2,0.054534186,Wayward,Open Play,Head,Normal,,,,True,85,2,3857299,10.5,40.36,Central (12m),0,0,Off Target
Heung-Min Son,South Korea,109.6,28.5,0.060233038,Blocked,Open Play,Right Foot,Normal,,,,,90,2,3857299,15.51,47.88,Penalty Area,0,0,Blocked
Young-Gwon Kim,South Korea,103.6,37.6,0.064945966,Blocked,Open Play,Left Foot,Normal,,,,,90,2,3857299,16.57,8.33,Penalty Area,0,0,Blocked
Sang-Ho Na,South Korea,113.0,49.3,0.05996953,Saved,Open Play,Head,Normal,,,,True,90,2,3857299,11.64,53.03,Central (12m),0,1,Saved
Gue-Sung Cho,South Korea,111.6,23.1,0.014336902,Saved,Open Play,Left Foot,Normal,True,,,,93,2,3857299,18.87,63.57,Penalty Area,0,1,Saved
Kang-In Lee,South Korea,98.5,56.8,0.025138553,Off T,Open Play,Left Foot,Normal,,,,,99,2,3857299,27.29,38.0,Edge of Box,0,0,Off Target
Kyung-Won Kwon,South Korea,83.8,54.1,0.005484339,Blocked,Open Play,Left Foot,Normal,,,,,100,2,3857299,38.85,21.28,Long Range,0,0,Blocked
Jordan Ayew,Ghana,101.8,36.6,0.07146578,Saved,Open Play,Right Foot,Normal,,,,True,15,1,3857293,18.51,10.58,Penalty Area,0,1,Saved
André Ayew Pelé,Ghana,108.0,40.0,0.7835,Saved,Penalty,Left Foot,Normal,,,,,20,1,3857293,12.0,0.0,Penalty Area,0,1,Saved
Darwin Gabriel Núñez Ribeiro,Uruguay,106.8,29.0,0.15781382,Blocked,Open Play,Right Foot,Lob,True,,,,22,1,3857293,17.18,39.81,Penalty Area,0,0,Blocked
Luis Alberto Suárez Díaz,Uruguay,108.6,33.4,0.2733873,Saved,Open Play,Right Foot,Normal,,,,,25,1,3857293,13.17,30.07,Penalty Area,0,1,Saved
Giorgian Daniel De Arrascaeta Benedetti,Uruguay,118.0,42.7,0.71106935,Goal,Open Play,Head,Normal,,True,True,,25,1,3857293,3.36,53.47,Six Yard Box,1,1,Goal
Giorgian Daniel De Arrascaeta Benedetti,Uruguay,110.8,31.2,0.16736692,Goal,Open Play,Right Foot,Volley,True,,,True,31,1,3857293,12.73,43.73,Penalty Area,1,1,Goal
Mohammed Kudus,Ghana,94.7,45.8,0.041819587,Blocked,Open Play,Left Foot,Normal,,,,,36,1,3857293,25.96,12.91,Edge of Box,0,0,Blocked
José María Giménez de Vargas,Uruguay,106.5,42.5,0.03238874,Off T,Open Play,Head,Normal,,,,True,49,1,3857293,13.73,10.49,Penalty Area,0,0,Off Target
Osman Bukari,Ghana,104.7,50.8,0.08441304,Off T,Open Play,Right Foot,Half Volley,,,,,45,2,3857293,18.73,35.22,Penalty Area,0,0,Off Target
Facundo Pellistri Rebollo,Uruguay,107.5,33.2,0.099497445,Off T,Open Play,Right Foot,Normal,,,,,64,2,3857293,14.23,28.55,Penalty Area,0,0,Off Target
Federico Santiago Valverde Dipetta,Uruguay,92.5,22.5,0.0066686436,Saved,Open Play,Right Foot,Volley,True,,,,69,2,3857293,32.6,32.47,Long Range,0,1,Saved
Federico Santiago Valverde Dipetta,Uruguay,93.0,21.1,0.008103582,Off T,Open Play,Right Foot,Normal,,,,,69,2,3857293,32.96,34.99,Long Range,0,0,Off Target
Mohammed Kudus,Ghana,95.7,47.2,0.04665373,Off T,Open Play,Right Foot,Normal,,,,,70,2,3857293,25.34,16.5,Edge of Box,0,0,Off Target
Federico Santiago Valverde Dipetta,Uruguay,60.0,4.0,0.003913026,Off T,Open Play,Right Foot,Normal,,,,,76,2,3857293,69.97,30.96,Long Range,0,0,Off Target
Antoine Semenyo,Ghana,109.6,28.0,0.12024433,Off T,Open Play,Left Foot,Normal,,True,,,78,2,3857293,15.88,49.09,Penalty Area,0,0,Off Target
Mohammed Kudus,Ghana,96.8,42.8,0.05586675,Saved,Open Play,Left Foot,Normal,,,,,80,2,3857293,23.37,6.88,Edge of Box,0,1,Saved
Mohammed Kudus,Ghana,108.0,43.6,0.10750313,Blocked,Open Play,Left Foot,Half Volley,,,,,94,2,3857293,12.53,16.7,Penalty Area,0,0,Blocked
Maximiliano Gómez González,Uruguay,93.0,49.4,0.030132728,Saved,Open Play,Right Foot,Normal,,,,,94,2,3857293,28.59,19.2,Edge of Box,0,1,Saved
Kamaldeen Sulemana,Ghana,99.5,50.6,0.081227794,Saved,Open Play,Right Foot,Normal,,,,,95,2,3857293,23.08,27.34,Edge of Box,0,1,Saved
Sebastián Coates Nión,Uruguay,108.8,43.0,0.103292696,Off T,Open Play,Right Foot,Normal,True,,,,96,2,3857293,11.59,15.0,Central (12m),0,0,Off Target
Diego Nicolás De La Cruz Arcosa,Uruguay,91.4,33.9,0.0429242,Saved,Free Kick,Right Foot,Normal,,,,,99,2,3857293,29.24,12.04,Edge of Box,0,1,Saved
Daniel Olmo Carvajal,Spain,112.4,45.9,0.20824905,Off T,Open Play,Right Foot,Volley,True,,,,4,1,3857291,9.62,37.82,Central (12m),0,0,Off Target
Marco Asensio Willemsen,Spain,102.5,40.7,0.1501565,Off T,Open Play,Left Foot,Normal,True,,,,8,1,3857291,17.51,2.29,Penalty Area,0,0,Off Target
Daniel Olmo Carvajal,Spain,112.3,39.3,0.48925844,Goal,Open Play,Right Foot,Lob,,True,,,10,1,3857291,7.73,5.19,Central (12m),1,1,Goal
Marco Asensio Willemsen,Spain,105.8,33.4,0.09218961,Goal,Open Play,Left Foot,Half Volley,True,,,,20,1,3857291,15.66,24.93,Penalty Area,1,1,Goal
Ferrán Torres García,Spain,108.1,40.1,0.7835,Goal,Penalty,Right Foot,Normal,,,,,30,1,3857291,11.9,0.48,Central (12m),1,1,Goal
Marco Asensio Willemsen,Spain,91.7,29.8,0.015886325,Blocked,Open Play,Left Foot,Normal,,,,,42,1,3857291,30.08,19.82,Long Range,0,0,Blocked
Marco Asensio Willemsen,Spain,110.5,30.5,0.04809784,Off T,Open Play,Left Foot,Normal,,,,,49,1,3857291,13.44,45.0,Penalty Area,0,0,Off Target
Marco Asensio Willemsen,Spain,100.5,45.7,0.08547543,Off T,Open Play,Left Foot,Normal,,,,,47,2,3857291,20.32,16.29,Edge of Box,0,0,Off Target
Ferrán Torres García,Spain,114.7,49.4,0.10498973,Goal,Open Play,Left Foot,Normal,,,,,53,2,3857291,10.79,60.58,Central (12m),1,1,Goal
Daniel Olmo Carvajal,Spain,92.0,25.7,0.017297672,Off T,Open Play,Right Foot,Normal,,,,,61,2,3857291,31.44,27.05,Long Range,0,0,Off Target
Álvaro Borja Morata Martín,Spain,112.0,54.0,0.06487478,Off T,Open Play,Right Foot,Normal,,True,,,62,2,3857291,16.12,60.26,Penalty Area,0,0,Off Target
Daniel Olmo Carvajal,Spain,110.3,29.3,0.033574425,Saved,Open Play,Head,Normal,,,,,69,2,3857291,14.44,47.81,Penalty Area,0,1,Saved
Pablo Martín Páez Gavira,Spain,103.0,45.8,0.056229107,Goal,Open Play,Right Foot,Volley,True,,,,73,2,3857291,17.96,18.84,Penalty Area,1,1,Goal
Carlos Soler Barragán,Spain,109.7,40.1,0.33333436,Goal,Open Play,Right Foot,Normal,True,,,,89,2,3857291,10.3,0.56,Central (12m),1,1,Goal
Álvaro Borja Morata Martín,Spain,104.0,36.4,0.16366571,Goal,Open Play,Left Foot,Normal,True,,,,91,2,3857291,16.4,12.68,Penalty Area,1,1,Goal
Carlos Soler Barragán,Spain,102.5,42.5,0.10654532,Off T,Open Play,Right Foot,Normal,True,,,,95,2,3857291,17.68,8.13,Penalty Area,0,0,Off Target
Carlos Soler Barragán,Spain,103.5,16.7,0.008599174,Blocked,Free Kick,Right Foot,Normal,,,,,97,2,3857291,28.55,54.7,Edge of Box,0,0,Blocked
Alphonso Davies,Canada,109.6,36.4,0.08130363,Goal,Open Play,Head,Normal,,True,,True,1,1,3857281,11.01,19.09,Central (12m),1,1,Goal
Marko Livaja,Croatia,109.5,36.8,0.4341785,Saved,Open Play,Right Foot,Normal,True,,,,21,1,3857281,10.98,16.95,Central (12m),0,1,Saved
Marko Livaja,Croatia,109.9,50.0,0.24546398,Saved,Open Play,Right Foot,Normal,,True,,,34,1,3857281,14.21,44.71,Penalty Area,0,1,Saved
Andrej Kramarić,Croatia,114.1,29.4,0.14639324,Goal,Open Play,Left Foot,Normal,True,,,,35,1,3857281,12.13,60.9,Penalty Area,1,1,Goal
Marko Livaja,Croatia,101.0,39.1,0.13916126,Goal,Open Play,Right Foot,Normal,,,,,43,1,3857281,19.02,2.71,Penalty Area,1,1,Goal
Andrej Kramarić,Croatia,98.7,33.1,0.059277993,Off T,Open Play,Left Foot,Normal,,,,,46,1,3857281,22.39,17.95,Edge of Box,0,0,Off Target
Jonathan Osorio,Canada,98.3,50.1,0.03829635,Off T,Open Play,Right Foot,Normal,,,,,48,2,3857281,23.94,24.96,Edge of Box,0,0,Off Target
Andrej Kramarić,Croatia,108.2,42.1,0.24875651,Saved,Open Play,Right Foot,Normal,True,,,,53,2,3857281,11.99,10.09,Central (12m),0,1,Saved
Jonathan David,Canada,96.4,39.9,0.052886155,Saved,Open Play,Right Foot,Normal,True,,,,55,2,3857281,23.6,0.24,Edge of Box,0,1,Saved
Tajon Buchanan,Canada,99.8,52.9,0.023891453,Blocked,Open Play,Right Foot,Normal,,,,,57,2,3857281,23.97,32.56,Edge of Box,0,0,Blocked
Alphonso Davies,Canada,101.1,59.8,0.011981465,Blocked,Free Kick,Left Foot,Normal,,,,,62,2,3857281,27.37,46.33,Edge of Box,0,0,Blocked
Andrej Kramarić,Croatia,106.8,47.1,0.10933437,Goal,Open Play,Left Foot,Normal,,,,True,69,2,3857281,14.99,28.27,Penalty Area,1,1,Goal
Andrej Kramarić,Croatia,115.1,46.8,0.1355834,Wayward,Open Play,Left Foot,Half Volley,True,,,,71,2,3857281,8.38,54.22,Central (12m),0,0,Off Target
David Junior Hoilett,Canada,92.2,33.0,0.019849088,Off T,Open Play,Right Foot,Normal,,,,,76,2,3857281,28.67,14.13,Edge of Box,0,0,Off Target
Ivan Perišić,Croatia,115.3,26.9,0.031612467,Saved,Open Play,Left Foot,Normal,,True,,,77,2,3857281,13.92,70.26,Penalty Area,0,1,Saved
Marcelo Brozović,Croatia,110.3,42.6,0.30414897,Saved,Open Play,Left Foot,Normal,True,,,,77,2,3857281,10.04,15.0,Central (12m),0,1,Saved
Ivan Perišić,Croatia,96.0,26.3,0.02367336,Off T,Open Play,Left Foot,Normal,,,,,81,2,3857281,27.63,29.72,Edge of Box,0,0,Off Target
Mislav Oršić,Croatia,98.2,35.1,0.045590583,Saved,Open Play,Right Foot,Normal,True,,,,89,2,3857281,22.34,12.67,Edge of Box,0,1,Saved
David Junior Hoilett,Canada,98.1,33.5,0.03737635,Blocked,Open Play,Right Foot,Half Volley,True,,,,92,2,3857281,22.84,16.53,Edge of Box,0,0,Blocked
David Junior Hoilett,Canada,99.5,26.7,0.02121069,Off T,Open Play,Right Foot,Volley,,,,,92,2,3857281,24.44,32.97,Edge of Box,0,0,Off Target
Lovro Majer,Croatia,109.2,45.4,0.68703645,Goal,Open Play,Left Foot,Normal,True,,,,93,2,3857281,12.07,26.57,Penalty Area,1,1,Goal
Frederico Rodrigues Santos,Brazil,108.7,38.6,0.29454654,Wayward,Open Play,Left Foot,Normal,True,,,,1,1,3857280,11.39,7.06,Central (12m),0,0,Off Target
Antony Matheus dos Santos,Brazil,103.3,25.5,0.038875267,Wayward,Open Play,Left Foot,Normal,,,,,1,1,3857280,22.12,40.97,Edge of Box,0,0,Off Target
Gabriel Teodoro Martinelli Silva,Brazil,111.8,34.5,0.12449543,Saved,Open Play,Head,Normal,,True,,,13,1,3857280,9.87,33.85,Central (12m),0,1,Saved
Gabriel Fernando de Jesus,Brazil,113.4,48.9,0.044797283,Off T,Open Play,Head,Normal,,,,,14,1,3857280,11.08,53.44,Central (12m),0,0,Off Target
Frederico Rodrigues Santos,Brazil,107.6,39.2,0.083684884,Blocked,Open Play,Right Foot,Half Volley,True,,,,21,1,3857280,12.43,3.69,Penalty Area,0,0,Blocked
Rodrygo Silva de Goes,Brazil,94.0,42.7,0.0651609,Blocked,Free Kick,Right Foot,Normal,,,,,29,1,3857280,26.14,5.93,Edge of Box,0,0,Blocked
Daniel Alves da Silva,Brazil,96.7,29.3,0.06485747,Off T,Free Kick,Right Foot,Normal,,,,,33,1,3857280,25.64,24.67,Edge of Box,0,0,Off Target
Antony Matheus dos Santos,Brazil,105.6,52.3,0.033440635,Saved,Open Play,Left Foot,Normal,,,,,37,1,3857280,18.94,40.5,Penalty Area,0,1,Saved
Gabriel Teodoro Martinelli Silva,Brazil,101.3,45.2,0.047920834,Saved,Open Play,Right Foot,Normal,,,,,45,1,3857280,19.41,15.54,Penalty Area,0,1,Saved
Rodrygo Silva de Goes,Brazil,107.8,50.0,0.06651591,Off T,Open Play,Right Foot,Normal,True,,,True,46,1,3857280,15.77,39.34,Penalty Area,0,0,Off Target
Bryan Mbeumo,Cameroon,113.5,47.4,0.11827337,Saved,Open Play,Head,Normal,,,,,47,1,3857280,9.85,48.7,Central (12m),0,1,Saved
Vincent Paté Aboubakar,Cameroon,109.5,54.0,0.07058843,Off T,Open Play,Right Foot,Normal,True,,,,50,2,3857280,17.5,53.13,Penalty Area,0,0,Off Target
Gabriel Fernando de Jesus,Brazil,111.9,36.3,0.27918908,Saved,Open Play,Right Foot,Normal,True,,,,52,2,3857280,8.91,24.55,Central (12m),0,1,Saved
Pierre Kunde Malong,Cameroon,91.8,17.8,0.006493906,Off T,Open Play,Right Foot,Normal,,,,,53,2,3857280,35.89,38.21,Long Range,0,0,Off Target
Gabriel Teodoro Martinelli Silva,Brazil,108.9,25.7,0.038835723,Saved,Open Play,Right Foot,Normal,,,,,55,2,3857280,18.1,52.18,Penalty Area,0,1,Saved
Éder Gabriel Militão,Brazil,105.3,39.2,0.075584605,Saved,Open Play,Left Foot,Half Volley,,,,,56,2,3857280,14.72,3.12,Penalty Area,0,1,Saved
Antony Matheus dos Santos,Brazil,101.0,51.2,0.037848417,Saved,Open Play,Left Foot,Normal,,,,,57,2,3857280,22.06,30.52,Edge of Box,0,1,Saved
Bruno Guimarães Rodriguez Moura,Brazil,99.9,37.6,0.086029716,Off T,Open Play,Right Foot,Normal,,,,True,72,2,3857280,20.24,6.81,Edge of Box,0,0,Off Target
Jules Olivier Ntcham,Cameroon,92.8,35.5,0.03332142,Saved,Open Play,Right Foot,Normal,,,,,77,2,3857280,27.57,9.39,Edge of Box,0,1,Saved
Vincent Paté Aboubakar,Cameroon,104.1,25.5,0.042308386,Blocked,Open Play,Right Foot,Normal,,,,,79,2,3857280,21.52,42.36,Edge of Box,0,0,Blocked
Christopher Wooh,Cameroon,106.3,39.9,0.05692788,Wayward,Open Play,Right Foot,Half Volley,True,,,,80,2,3857280,13.7,0.42,Penalty Area,0,0,Off Target
Bruno Guimarães Rodriguez Moura,Brazil,114.9,44.0,0.14917652,Blocked,Open Play,Right Foot,Normal,True,,,True,83,2,3857280,6.48,38.11,Central (12m),0,0,Blocked
Pedro Guilherme Abreu dos Santos,Brazil,104.2,47.1,0.18481041,Off T,Open Play,Left Foot,Normal,,,,True,88,2,3857280,17.32,24.2,Penalty Area,0,0,Off Target
Vincent Paté Aboubakar,Cameroon,106.7,40.7,0.05544736,Goal,Open Play,Head,Normal,,,,,91,2,3857280,13.32,3.01,Penalty Area,1,1,Goal
Pedro Guilherme Abreu dos Santos,Brazil,108.8,37.5,0.07645427,Off T,Open Play,Head,Normal,,,,,95,2,3857280,11.48,12.58,Central (12m),0,0,Off Target
Bruno Guimarães Rodriguez Moura,Brazil,112.9,39.8,0.17098139,Saved,Open Play,Head,Normal,,,,,96,2,3857280,7.1,1.61,Central (12m),0,1,Saved
Gabriel Teodoro Martinelli Silva,Brazil,115.1,36.0,0.1945778,Off T,Open Play,Head,Normal,,,,,97,2,3857280,6.33,39.23,Central (12m),0,0,Off Target
Bruno Guimarães Rodriguez Moura,Brazil,114.1,35.3,0.22043578,Off T,Open Play,Right Foot,Half Volley,True,,,,98,2,3857280,7.54,38.54,Central (12m),0,0,Off Target
Ousmane Dembélé,France,95.0,47.8,0.018982504,Blocked,Open Play,Left Foot,Volley,True,,,,1,1,3857279,26.19,17.33,Edge of Box,0,0,Blocked
Riley McGree,Australia,89.5,39.1,0.030384658,Off T,Open Play,Right Foot,Normal,,,,,2,1,3857279,30.51,1.69,Long Range,0,0,Off Target
Craig Goodwin,Australia,114.2,31.3,0.19147108,Goal,Open Play,Left Foot,Half Volley,True,,,,8,1,3857279,10.46,56.31,Central (12m),1,1,Goal
Theo Bernard François Hernández,France,92.7,34.0,0.017692888,Wayward,Open Play,Left Foot,Volley,True,,,,12,1,3857279,27.95,12.4,Edge of Box,0,0,Off Target
Mitchell Thomas Duke,Australia,91.1,46.9,0.017896876,Off T,Open Play,Right Foot,Normal,,,,,21,1,3857279,29.71,13.43,Edge of Box,0,0,Off Target
Antoine Griezmann,France,112.1,52.7,0.034694295,Blocked,Open Play,Right Foot,Half Volley,,,,,25,1,3857279,14.96,58.12,Penalty Area,0,0,Blocked
Adrien Rabiot,France,111.6,42.0,0.16905431,Goal,Open Play,Head,Normal,,,,,26,1,3857279,8.63,13.39,Central (12m),1,1,Goal
Olivier Giroud,France,112.3,39.8,0.17925091,Off T,Open Play,Head,Normal,,True,,True,28,1,3857279,7.7,1.49,Central (12m),0,0,Off Target
Olivier Giroud,France,110.5,39.2,0.77927965,Goal,Open Play,Right Foot,Normal,True,,,,31,1,3857279,9.53,4.81,Central (12m),1,1,Goal
Kylian Mbappé Lottin,France,105.0,47.2,0.08709453,Blocked,Open Play,Right Foot,Half Volley,True,,,,36,1,3857279,16.64,25.64,Penalty Area,0,0,Blocked
Olivier Giroud,France,104.5,38.9,0.14067347,Off T,Open Play,Right Foot,Half Volley,True,,,,36,1,3857279,15.54,4.06,Penalty Area,0,0,Off Target
Ousmane Dembélé,France,106.5,38.2,0.08098688,Off T,Open Play,Right Foot,Half Volley,True,,,,39,1,3857279,13.62,7.59,Penalty Area,0,0,Off Target
Antoine Griezmann,France,99.5,47.5,0.04884043,Off T,Open Play,Left Foot,Normal,True,,,,41,1,3857279,21.83,20.1,Edge of Box,0,0,Off Target
Kylian Mbappé Lottin,France,112.9,40.2,0.5517509,Off T,Open Play,Right Foot,Volley,True,,,,44,1,3857279,7.1,1.61,Central (12m),0,0,Off Target
Jackson Irvine,Australia,110.1,43.4,0.083539926,Post,Open Play,Head,Normal,,,,,46,1,3857279,10.47,18.95,Central (12m),0,0,Post
Aurélien Djani Tchouaméni,France,96.3,40.8,0.035826564,Blocked,Open Play,Right Foot,Normal,True,,,,49,2,3857279,23.71,1.93,Edge of Box,0,0,Blocked
Olivier Giroud,France,111.6,44.2,0.07860331,Off T,Open Play,Left Foot,Overhead Kick,True,,,,49,2,3857279,9.39,26.57,Central (12m),0,0,Off Target
Kylian Mbappé Lottin,France,107.5,31.1,0.12751806,Blocked,Open Play,Right Foot,Normal,True,,,,60,2,3857279,15.34,35.45,Penalty Area,0,0,Blocked
Kylian Mbappé Lottin,France,109.2,30.1,0.07606661,Blocked,Open Play,Left Foot,Normal,,,,,62,2,3857279,14.65,42.51,Penalty Area,0,0,Blocked
Ibrahima Konaté,France,113.0,40.0,0.096129,Off T,Open Play,Head,Normal,,,,True,62,2,3857279,7.0,0.0,Central (12m),0,0,Off Target
Kylian Mbappé Lottin,France,108.0,25.2,0.027555656,Blocked,Open Play,Right Foot,Normal,,,,,63,2,3857279,19.05,50.96,Penalty Area,0,0,Blocked
Antoine Griezmann,France,105.3,36.2,0.17584424,Blocked,Open Play,Left Foot,Normal,True,,,,66,2,3857279,15.18,14.49,Penalty Area,0,0,Blocked
Kylian Mbappé Lottin,France,115.7,24.7,0.013371275,Wayward,Open Play,Left Foot,Normal,True,,,,66,2,3857279,15.89,74.3,Penalty Area,0,0,Off Target
Kylian Mbappé Lottin,France,113.5,42.2,0.14142905,Goal,Open Play,Head,Normal,,,,True,67,2,3857279,6.86,18.7,Central (12m),1,1,Goal
Olivier Giroud,France,113.5,42.6,0.16888039,Goal,Open Play,Head,Normal,,,,,70,2,3857279,7.0,21.8,Central (12m),1,1,Goal
Ibrahima Konaté,France,112.1,41.4,0.07988335,Saved,Open Play,Head,Normal,,,,,89,2,3857279,8.02,10.05,Central (12m),0,1,Saved
Theo Bernard François Hernández,France,112.8,32.1,0.041087516,Saved,Open Play,Head,Normal,,,,True,90,2,3857279,10.69,47.65,Central (12m),0,1,Saved
Ricardo Jorge Luz Horta,Portugal,113.6,47.0,0.29158956,Goal,Open Play,Right Foot,Normal,True,,,,4,1,3857262,9.48,47.56,Central (12m),1,1,Goal
João Pedro Cavaco Cancelo,Portugal,117.5,20.6,0.010523141,Saved,Open Play,Right Foot,Normal,,,,,14,1,3857262,19.56,82.66,Penalty Area,0,1,Saved
Heung-Min Son,South Korea,108.5,21.6,0.011031977,Blocked,Open Play,Right Foot,Normal,,,,,15,1,3857262,21.7,57.99,Edge of Box,0,0,Blocked
Gue-Sung Cho,South Korea,111.1,32.0,0.040536147,Saved,Open Play,Head,Normal,,,,,16,1,3857262,11.97,41.95,Central (12m),0,1,Saved
Young-Gwon Kim,South Korea,116.7,38.0,0.6242964,Goal,Open Play,Left Foot,Half Volley,True,,,,26,1,3857262,3.86,31.22,Six Yard Box,1,1,Goal
In-Beom Hwang,South Korea,98.2,31.4,0.020656463,Blocked,Open Play,Left Foot,Normal,True,,,,30,1,3857262,23.44,21.53,Edge of Box,0,0,Blocked
José Diogo Dalot Teixeira,Portugal,92.8,40.0,0.036435805,Saved,Open Play,Left Foot,Normal,,,,,33,1,3857262,27.2,0.0,Edge of Box,0,1,Saved
Vitor Machado Ferreira,Portugal,91.6,45.7,0.017112639,Saved,Open Play,Right Foot,Half Volley,True,,,,34,1,3857262,28.97,11.35,Edge of Box,0,1,Saved
Cristiano Ronaldo dos Santos Aveiro,Portugal,110.6,56.3,0.022429451,Blocked,Open Play,Right Foot,Normal,True,,,,36,1,3857262,18.82,60.03,Penalty Area,0,0,Blocked
Heung-Min Son,South Korea,94.6,44.2,0.024709688,Saved,Open Play,Left Foot,Half Volley,,,,,39,1,3857262,25.74,9.39,Edge of Box,0,1,Saved
Matheus Luiz Nunes,Portugal,92.6,58.9,0.007849269,Off T,Open Play,Right Foot,Normal,,,,,40,1,3857262,33.29,34.6,Long Range,0,0,Off Target
Vitor Machado Ferreira,Portugal,97.8,46.9,0.03675865,Saved,Open Play,Right Foot,Normal,,,,,41,1,3857262,23.25,17.27,Edge of Box,0,1,Saved
Cristiano Ronaldo dos Santos Aveiro,Portugal,112.7,35.0,0.28873095,Off T,Open Play,Head,Diving Header,,True,,,41,1,3857262,8.85,34.41,Central (12m),0,0,Off Target
Ricardo Jorge Luz Horta,Portugal,104.3,43.4,0.11468789,Saved,Open Play,Left Foot,Normal,,,,,43,1,3857262,16.06,12.22,Penalty Area,0,1,Saved
Ricardo Jorge Luz Horta,Portugal,101.8,45.2,0.052517958,Blocked,Open Play,Right Foot,Normal,,,,,46,1,3857262,18.93,15.95,Penalty Area,0,0,Blocked
Heung-Min Son,South Korea,104.5,54.7,0.023785131,Blocked,Open Play,Right Foot,Normal,True,,,,55,2,3857262,21.36,43.48,Edge of Box,0,0,Blocked
Jae-Sung Lee,South Korea,97.9,50.9,0.021393217,Off T,Open Play,Left Foot,Volley,True,,,,56,2,3857262,24.64,26.25,Edge of Box,0,0,Off Target
Heung-Min Son,South Korea,98.1,47.1,0.039930075,Saved,Open Play,Left Foot,Normal,,,,,65,2,3857262,23.02,17.96,Edge of Box,0,1,Saved
In-Beom Hwang,South Korea,98.4,35.1,0.100738145,Saved,Open Play,Left Foot,Normal,,,,,66,2,3857262,22.15,12.78,Edge of Box,0,1,Saved
Heung-Min Son,South Korea,111.1,52.8,0.04621987,Blocked,Open Play,Right Foot,Volley,True,,,,69,2,3857262,15.59,55.19,Penalty Area,0,0,Blocked
Rafael Alexandre Conceição Leão,Portugal,94.1,55.0,0.029762346,Off T,Open Play,Right Foot,Normal,,,,,71,2,3857262,29.93,30.08,Edge of Box,0,0,Off Target
Kang-In Lee,South Korea,88.0,49.4,0.023724081,Off T,Free Kick,Left Foot,Normal,,,,,73,2,3857262,33.35,16.37,Long Range,0,0,Off Target
João Maria Lobo Alves Palhinha Gonçalves,Portugal,88.8,40.2,0.021024177,Blocked,Open Play,Right Foot,Normal,,,,,80,2,3857262,31.2,0.37,Long Range,0,0,Blocked
João Pedro Cavaco Cancelo,Portugal,112.1,25.0,0.04430043,Blocked,Open Play,Left Foot,Normal,,,,,89,2,3857262,16.95,62.23,Penalty Area,0,0,Blocked
Hee-Chan Hwang,South Korea,108.3,44.6,0.42196128,Goal,Open Play,Right Foot,Normal,True,,,,90,2,3857262,12.57,21.46,Penalty Area,1,1,Goal
