player_id,team_id,player_name,position,club_team,market_value_eur,caps,date_of_birth,height_cm,goals,age_at_tournament,team_name,group_letter,confederation,fifa_ranking_pre_tournament,elo_rating,manager_name,fifa_code,starts,total_mins_started,sub_appearances,total_mins_sub,total_minutes,primary_tactical_position,goals_scored,assists,yellow_cards,red_cards,potm_awards,g_plus_a,goals_per_90,market_value_M,appearances
1,1,José Raúl Rangel,GK,CD Guadalajara,6500000,15,2000-02-25,190,0,26,Mexico,A,CONCACAF,14,1810,Javier Aguirre,MEX,1,90,2,0,90,GK,0,0,0,0,0,0,0.0,6.5,3
2,1,Jorge Eduardo Sanchez,DEF,PAOK Saloniki,2000000,59,1997-12-10,176,3,28,Mexico,A,CONCACAF,14,1810,Javier Aguirre,MEX,0,0,3,30,30,DEF,0,1,0,0,0,1,0.0,2.0,3
3,1,César Jasib Montes,DEF,FC Lokomotiv Moscow,7500000,69,1997-02-24,191,4,29,Mexico,A,CONCACAF,14,1810,Javier Aguirre,MEX,3,270,0,0,270,DEF,0,0,0,1,0,0,0.0,7.5,3
4,1,Edson Omar Alvarez,DEF,Fenerbahçe SK,15000000,100,1997-10-24,180,7,28,Mexico,A,CONCACAF,14,1810,Javier Aguirre,MEX,3,270,0,0,270,DEF,0,0,1,0,0,0,0.0,15.0,3
5,1,Johan Felipe Vasquez,DEF,Genoa CFC,12000000,47,1998-10-22,182,3,27,Mexico,A,CONCACAF,14,1810,Javier Aguirre,MEX,3,270,0,0,270,DEF,0,0,0,0,0,0,0.0,12.0,3
6,1,Erik Antonio Lira,MID,CF Cruz Azul,12000000,26,2000-05-08,172,0,26,Mexico,A,CONCACAF,14,1810,Javier Aguirre,MEX,3,270,0,0,270,MID,0,1,1,0,0,1,0.0,12.0,3
7,1,Luis Francisco Romo,MID,CD Guadalajara,3000000,62,1995-06-05,183,4,31,Mexico,A,CONCACAF,14,1810,Javier Aguirre,MEX,0,0,3,60,60,MID,1,1,0,0,1,2,1.5,3.0,3
8,1,Álvaro Fidalgo,MID,Real Betis,6000000,5,1997-04-09,175,0,29,Mexico,A,CONCACAF,14,1810,Javier Aguirre,MEX,0,0,3,30,30,MID,1,0,0,0,0,1,3.0,6.0,3
9,1,Raúl Alonso Jimenez,FWD,Fulham FC,3000000,127,1991-05-05,188,46,35,Mexico,A,CONCACAF,14,1810,Javier Aguirre,MEX,0,0,3,30,30,FWD,1,0,0,0,0,1,3.0,3.0,3
10,1,Ernesto Alexis Vega,FWD,Deportivo Toluca FC,8000000,53,1997-11-25,175,7,28,Mexico,A,CONCACAF,14,1810,Javier Aguirre,MEX,0,0,3,0,0,FWD,0,0,0,0,0,0,0.0,8.0,3
11,1,Santiago Tomás Gimenez,FWD,AC Milan,18000000,47,2001-04-18,180,6,25,Mexico,A,CONCACAF,14,1810,Javier Aguirre,MEX,3,270,0,0,270,FWD,0,0,0,0,0,0,0.0,18.0,3
12,1,Carlos Acevedo,GK,Club Santos Laguna,2800000,7,1996-04-19,185,0,30,Mexico,A,CONCACAF,14,1810,Javier Aguirre,MEX,0,0,3,0,0,GK,0,0,0,0,0,0,0.0,2.8,3
13,1,Francisco Guillermo Ochoa,GK,AEL Limassol,250000,153,1985-07-13,185,0,40,Mexico,A,CONCACAF,14,1810,Javier Aguirre,MEX,2,180,1,0,180,GK,0,0,0,0,0,0,0.0,0.25,3
14,1,Armando Gonzalez,FWD,CD Guadalajara,15000000,8,2003-04-20,182,1,23,Mexico,A,CONCACAF,14,1810,Javier Aguirre,MEX,3,270,0,0,270,FWD,0,0,0,0,0,0,0.0,15.0,3
15,1,Israel Reyes,DEF,Club América,6500000,35,2000-05-23,181,2,26,Mexico,A,CONCACAF,14,1810,Javier Aguirre,MEX,3,270,0,0,270,DEF,0,0,0,0,0,0,0.0,6.5,3
16,1,Julián Andrés Quinones,FWD,Al Qadsiah FC,14000000,23,1997-03-24,177,3,29,Mexico,A,CONCACAF,14,1810,Javier Aguirre,MEX,0,0,3,60,60,FWD,2,0,0,0,1,2,3.0,14.0,3
17,1,Orbelín Pineda,MID,AEK Athens,7000000,92,1996-03-24,169,12,30,Mexico,A,CONCACAF,14,1810,Javier Aguirre,MEX,0,0,3,0,0,MID,0,0,0,0,0,0,0.0,7.0,3
18,1,Obed Goméz Vargas,MID,Atlético De Madrid,10000000,6,2005-08-05,175,0,20,Mexico,A,CONCACAF,14,1810,Javier Aguirre,MEX,3,270,0,0,270,MID,0,0,0,0,0,0,0.0,10.0,3
19,1,Gilberto Rafael Mora,MID,Club Tijuana,10000000,9,2008-10-14,175,0,17,Mexico,A,CONCACAF,14,1810,Javier Aguirre,MEX,3,270,0,0,270,MID,0,0,0,0,0,0,0.0,10.0,3
20,1,Mateo Chavez,DEF,AZ Alkmaar,4000000,10,2004-05-12,178,0,22,Mexico,A,CONCACAF,14,1810,Javier Aguirre,MEX,0,0,3,30,30,DEF,1,0,0,0,1,1,3.0,4.0,3
21,1,César Saúl Huerta,FWD,RSC Anderlecht,3500000,26,2000-12-03,171,3,25,Mexico,A,CONCACAF,14,1810,Javier Aguirre,MEX,0,0,3,0,0,FWD,0,0,0,0,0,0,0.0,3.5,3
22,1,Guillermo Martinez,FWD,Pumas UNAM,1500000,12,1995-03-15,191,3,31,Mexico,A,CONCACAF,14,1810,Javier Aguirre,MEX,0,0,3,0,0,FWD,0,0,0,0,0,0,0.0,1.5,3
23,1,Jesús Daniel Gallardo,DEF,Deportivo Toluca FC,2800000,123,1994-08-15,174,3,31,Mexico,A,CONCACAF,14,1810,Javier Aguirre,MEX,0,0,3,0,0,DEF,0,0,0,0,0,0,0.0,2.8,3
24,1,Luis Gerardo Chavez,MID,FC Dynamo Moscow,6000000,46,1996-01-15,178,5,30,Mexico,A,CONCACAF,14,1810,Javier Aguirre,MEX,0,0,3,0,0,MID,0,0,0,0,0,0,0.0,6.0,3
25,1,Roberto Carlos Alvarado,FWD,CD Guadalajara,7500000,69,1998-09-07,176,6,27,Mexico,A,CONCACAF,14,1810,Javier Aguirre,MEX,0,0,3,60,60,FWD,0,2,0,0,0,2,0.0,7.5,3
26,1,Brian Gutierrez,MID,CD Guadalajara,8000000,8,2003-06-17,178,2,23,Mexico,A,CONCACAF,14,1810,Javier Aguirre,MEX,3,270,0,0,270,MID,0,0,0,0,0,0,0.0,8.0,3
27,2,Ronwen Hayden Williams,GK,Mamelodi Sundowns FC,800000,65,1992-01-21,184,0,34,South Africa,A,CAF,60,1620,Hugo Broos,RSA,4,360,0,0,360,GK,0,0,0,0,0,0,0.0,0.8,4
28,2,Tholo Thabang Matuludi,DEF,Polokwane City FC,1200000,3,1999-01-14,189,0,27,South Africa,A,CAF,60,1620,Hugo Broos,RSA,0,0,4,0,0,DEF,0,0,0,0,0,0,0.0,1.2,4
29,2,Khulumani Ndamane,DEF,Mamelodi Sundowns FC,1200000,5,2004-02-05,183,0,22,South Africa,A,CAF,60,1620,Hugo Broos,RSA,0,0,4,0,0,DEF,0,0,0,0,0,0,0.0,1.2,4
30,2,Teboho Mokoena,MID,Mamelodi Sundowns FC,2800000,58,1997-01-24,177,9,29,South Africa,A,CAF,60,1620,Hugo Broos,RSA,4,360,0,0,360,MID,1,0,1,0,0,1,0.25,2.8,4
31,2,Thalente Wandile Mbatha,MID,Orlando Pirates FC,2000000,17,2000-03-06,179,3,26,South Africa,A,CAF,60,1620,Hugo Broos,RSA,4,360,0,0,360,MID,0,0,1,0,0,0,0.0,2.0,4
32,2,Aubrey Maphosa Modiba,DEF,Mamelodi Sundowns FC,1800000,49,1995-07-22,171,3,30,South Africa,A,CAF,60,1620,Hugo Broos,RSA,4,360,0,0,360,DEF,0,0,0,0,0,0,0.0,1.8,4
33,2,Oswin Reagan Appollis,FWD,Orlando Pirates FC,2500000,28,2001-08-25,171,8,24,South Africa,A,CAF,60,1620,Hugo Broos,RSA,0,0,4,0,0,FWD,0,0,0,0,0,0,0.0,2.5,4
34,2,Tshepang Moremi,FWD,Orlando Pirates FC,1400000,10,2000-10-02,169,1,25,South Africa,A,CAF,60,1620,Hugo Broos,RSA,0,0,4,30,30,FWD,0,1,0,0,0,1,0.0,1.4,4
35,2,Lyle Brent Foster,FWD,Burnley FC,8000000,32,2000-09-03,185,10,25,South Africa,A,CAF,60,1620,Hugo Broos,RSA,4,360,0,0,360,FWD,0,0,0,0,0,0,0.0,8.0,4
36,2,Relebohile Mofokeng,FWD,Orlando Pirates FC,3000000,14,2004-10-23,168,1,21,South Africa,A,CAF,60,1620,Hugo Broos,RSA,4,360,0,0,360,FWD,0,0,0,0,0,0,0.0,3.0,4
37,2,Themba Zwane,MID,Mamelodi Sundowns FC,250000,56,1989-08-03,178,12,36,South Africa,A,CAF,60,1620,Hugo Broos,RSA,0,0,4,30,30,MID,0,0,0,1,0,0,0.0,0.25,4
38,2,Thapelo Maseko,FWD,AEL Limassol,1200000,8,2003-11-11,178,1,22,South Africa,A,CAF,60,1620,Hugo Broos,RSA,0,0,4,60,60,FWD,1,0,0,0,1,1,1.5,1.2,4
39,2,Sphephelo S'miso Sithole,MID,CD Tondela,600000,30,1999-03-03,197,1,27,South Africa,A,CAF,60,1620,Hugo Broos,RSA,4,360,0,0,360,MID,0,0,0,1,0,0,0.0,0.6,4
40,2,Mbekezeli Mfanufikile Mbokazi,DEF,Chicago Fire FC,3500000,11,2005-09-19,177,1,20,South Africa,A,CAF,60,1620,Hugo Broos,RSA,4,360,0,0,360,DEF,0,0,0,0,0,0,0.0,3.5,4
41,2,Iqraam Rayners,FWD,Mamelodi Sundowns FC,2800000,21,1995-12-19,174,5,30,South Africa,A,CAF,60,1620,Hugo Broos,RSA,0,0,4,0,0,FWD,0,0,0,0,0,0,0.0,2.8,4
42,2,Sipho Justin Chaine,GK,Orlando Pirates FC,1600000,4,1996-12-14,186,0,29,South Africa,A,CAF,60,1620,Hugo Broos,RSA,0,0,4,0,0,GK,0,0,0,0,0,0,0.0,1.6,4
43,2,Sekotori Evidence Makgopa,FWD,Orlando Pirates FC,1400000,28,2000-06-05,183,6,26,South Africa,A,CAF,60,1620,Hugo Broos,RSA,0,0,4,0,0,FWD,0,0,0,0,0,0,0.0,1.4,4
44,2,Samukele Alucious Kabini,DEF,Molde FK,2500000,6,2004-03-15,179,0,22,South Africa,A,CAF,60,1620,Hugo Broos,RSA,4,360,0,0,360,DEF,0,0,0,0,0,0,0.0,2.5,4
45,2,Nkosinathi Emmanuel Sibisi,DEF,Orlando Pirates FC,1600000,22,1995-09-22,172,0,30,South Africa,A,CAF,60,1620,Hugo Broos,RSA,0,0,4,0,0,DEF,0,0,0,0,0,0,0.0,1.6,4
46,2,Khuliso Johnson Mudau,DEF,Mamelodi Sundowns FC,1200000,35,1995-04-26,179,1,31,South Africa,A,CAF,60,1620,Hugo Broos,RSA,0,0,4,0,0,DEF,0,0,0,0,0,0,0.0,1.2,4
47,2,Ime Daniel Okon,DEF,Hannover 96,450000,9,2004-02-20,187,1,22,South Africa,A,CAF,60,1620,Hugo Broos,RSA,0,0,4,0,0,DEF,0,0,0,0,0,0,0.0,0.45,4
48,2,Stuart Ricardo Goss,GK,Siwelele FC,350000,7,1994-04-02,181,0,32,South Africa,A,CAF,60,1620,Hugo Broos,RSA,0,0,4,0,0,GK,0,0,0,0,0,0,0.0,0.35,4
49,2,Jayden Oswin Adams,MID,Mamelodi Sundowns FC,1800000,9,2001-05-05,177,2,25,South Africa,A,CAF,60,1620,Hugo Broos,RSA,4,360,0,0,360,MID,0,0,0,0,0,0,0.0,1.8,4
50,2,Olwethu Mpilwenhle Makhanya,DEF,Philadelphia Union,2000000,1,2004-04-30,185,0,22,South Africa,A,CAF,60,1620,Hugo Broos,RSA,4,360,0,0,360,DEF,0,0,0,0,0,0,0.0,2.0,4
51,2,Kamogelo Michael Sebelebele,FWD,Orlando Pirates FC,1200000,9,2002-07-21,166,1,23,South Africa,A,CAF,60,1620,Hugo Broos,RSA,0,0,4,0,0,FWD,0,0,0,0,0,0,0.0,1.2,4
52,2,Bradley Paul Cross,DEF,Kaizer Chiefs FC,550000,1,2001-01-30,175,0,25,South Africa,A,CAF,60,1620,Hugo Broos,RSA,0,0,4,0,0,DEF,0,0,0,0,0,0,0.0,0.55,4
53,3,Seunggyu Kim,GK,FC Tokyo,500000,87,1990-09-30,187,0,35,South Korea,A,AFC,22,1800,Hong Myung-bo,KOR,3,270,0,0,270,GK,0,0,0,0,0,0,0.0,0.5,3
54,3,Hanbeom Lee,DEF,FC Midtjylland,3000000,9,2002-06-17,188,0,24,South Korea,A,AFC,22,1800,Hong Myung-bo,KOR,3,270,0,0,270,DEF,0,0,0,0,0,0,0.0,3.0,3
55,3,Gihyuk Lee,MID,Gangwon FC,800000,4,2000-07-07,184,0,25,South Korea,A,AFC,22,1800,Hong Myung-bo,KOR,0,0,3,0,0,MID,0,0,0,0,0,0,0.0,0.8,3
56,3,Minjae Kim,DEF,FC Bayern München,20000000,80,1996-11-15,190,4,29,South Korea,A,AFC,22,1800,Hong Myung-bo,KOR,3,270,0,0,270,DEF,0,0,1,0,0,0,0.0,20.0,3
57,3,Taehyeon Kim,DEF,Kashima Antlers,1200000,7,2000-09-17,186,0,25,South Korea,A,AFC,22,1800,Hong Myung-bo,KOR,0,0,3,0,0,DEF,0,0,0,0,0,0,0.0,1.2,3
58,3,Inbeom Hwang,MID,Feyenoord Rotterdam,7000000,74,1996-09-20,177,7,29,South Korea,A,AFC,22,1800,Hong Myung-bo,KOR,3,270,0,0,270,MID,1,1,0,0,1,2,0.333,7.0,3
59,3,Heung Min Son,FWD,LAFC,15000000,145,1992-07-08,183,56,33,South Korea,A,AFC,22,1800,Hong Myung-bo,KOR,3,270,0,0,270,FWD,0,0,0,0,0,0,0.0,15.0,3
60,3,Seungho Paik,MID,Birmingham City FC,2000000,28,1997-03-17,182,3,29,South Korea,A,AFC,22,1800,Hong Myung-bo,KOR,0,0,3,0,0,MID,0,0,0,0,0,0,0.0,2.0,3
61,3,Guesung Cho,FWD,FC Midtjylland,2500000,44,1998-01-25,188,12,28,South Korea,A,AFC,22,1800,Hong Myung-bo,KOR,0,0,3,0,0,FWD,0,0,0,0,0,0,0.0,2.5,3
62,3,Jae Sung Lee,MID,1. FSV Mainz 05,2000000,106,1992-08-10,180,15,33,South Korea,A,AFC,22,1800,Hong Myung-bo,KOR,0,0,3,0,0,MID,0,0,0,0,0,0,0.0,2.0,3
63,3,Hee Chan Hwang,MID,Wolverhampton Wanderers FC,6000000,80,1996-01-26,177,17,30,South Korea,A,AFC,22,1800,Hong Myung-bo,KOR,3,270,0,0,270,MID,0,0,0,0,0,0,0.0,6.0,3
64,3,Bumkeun Song,GK,Jeonbuk Hyundai Motors FC,1000000,3,1997-10-15,196,0,28,South Korea,A,AFC,22,1800,Hong Myung-bo,KOR,0,0,3,0,0,GK,0,0,0,0,0,0,0.0,1.0,3
65,3,Taeseok Lee,DEF,FK Austria Wien,2000000,16,2002-07-28,174,1,23,South Korea,A,AFC,22,1800,Hong Myung-bo,KOR,0,0,3,0,0,DEF,0,0,0,0,0,0,0.0,2.0,3
66,3,Wije Cho,DEF,Jeonbuk Hyundai Motors FC,550000,1,2001-08-25,190,0,24,South Korea,A,AFC,22,1800,Hong Myung-bo,KOR,0,0,3,0,0,DEF,0,0,0,0,0,0,0.0,0.55,3
67,3,Moonhwan Kim,DEF,Daejeon Hana Citizen FC,750000,36,1995-08-01,173,0,30,South Korea,A,AFC,22,1800,Hong Myung-bo,KOR,0,0,3,0,0,DEF,0,0,0,0,0,0,0.0,0.75,3
68,3,Jinseob Park,DEF,Zhejiang FC,1000000,15,1995-10-23,183,1,30,South Korea,A,AFC,22,1800,Hong Myung-bo,KOR,0,0,3,0,0,DEF,0,0,0,0,0,0,0.0,1.0,3
69,3,Junho Bae,MID,Stoke City FC,4000000,13,2003-08-21,180,2,22,South Korea,A,AFC,22,1800,Hong Myung-bo,KOR,0,0,3,0,0,MID,0,0,0,0,0,0,0.0,4.0,3
70,3,Hyeongyu Oh,FWD,Be ş ikta ş  JK,15000000,28,2001-04-12,183,7,25,South Korea,A,AFC,22,1800,Hong Myung-bo,KOR,3,270,0,0,270,FWD,1,0,0,0,0,1,0.333,15.0,3
71,3,Kangin Lee,MID,Paris Saint-Germain,28000000,48,2001-02-19,174,10,25,South Korea,A,AFC,22,1800,Hong Myung-bo,KOR,3,270,0,0,270,MID,0,1,0,0,0,1,0.0,28.0,3
72,3,Hyunjun Yang,MID,Celtic FC,5000000,9,2002-05-25,179,0,24,South Korea,A,AFC,22,1800,Hong Myung-bo,KOR,3,270,0,0,270,MID,0,0,0,0,0,0,0.0,5.0,3
73,3,Hyeonwoo Jo,GK,Ulsan HD,650000,48,1991-09-25,189,0,34,South Korea,A,AFC,22,1800,Hong Myung-bo,KOR,0,0,3,0,0,GK,0,0,0,0,0,0,0.0,0.65,3
74,3,Youngwoo Seol,DEF,FK Crvena Zvezda,6500000,35,1998-12-05,180,0,27,South Korea,A,AFC,22,1800,Hong Myung-bo,KOR,3,270,0,0,270,DEF,0,0,0,0,0,0,0.0,6.5,3
75,3,Jens Castrop,DEF,Borussia Mönchengladbach,10000000,7,2003-07-29,178,0,22,South Korea,A,AFC,22,1800,Hong Myung-bo,KOR,3,270,0,0,270,DEF,0,0,0,0,0,0,0.0,10.0,3
76,3,Jingyu Kim,MID,Jeonbuk Hyundai Motors FC,1200000,23,1997-02-24,177,3,29,South Korea,A,AFC,22,1800,Hong Myung-bo,KOR,0,0,3,0,0,MID,0,0,0,0,0,0,0.0,1.2,3
77,3,Jisung Eom,MID,Swansea City AFC,1800000,10,2002-05-09,177,2,24,South Korea,A,AFC,22,1800,Hong Myung-bo,KOR,0,0,3,0,0,MID,0,0,0,0,0,0,0.0,1.8,3
78,3,Donggyeong Lee,MID,Ulsan HD,1600000,18,1997-09-20,175,4,28,South Korea,A,AFC,22,1800,Hong Myung-bo,KOR,0,0,3,0,0,MID,0,0,0,0,0,0,0.0,1.6,3
79,4,Mat ě j Kovar,GK,PSV Eindhoven,8000000,21,2000-05-17,196,0,26,Czechia,A,UEFA,40,1740,Miroslav Koubek,CZE,3,270,0,0,270,GK,0,0,0,0,0,0,0.0,8.0,3
80,4,David Zima,DEF,SK Slavia Praha,7000000,25,2000-11-08,190,1,25,Czechia,A,UEFA,40,1740,Miroslav Koubek,CZE,3,270,0,0,270,DEF,0,0,0,0,0,0,0.0,7.0,3
81,4,Tomáš Holes,DEF,SK Slavia Praha,1000000,41,1993-03-31,180,2,33,Czechia,A,UEFA,40,1740,Miroslav Koubek,CZE,0,0,3,0,0,DEF,0,0,0,0,0,0,0.0,1.0,3
82,4,Robin Hranac,DEF,TSG Hoffenheim,10000000,15,2000-01-29,189,1,26,Czechia,A,UEFA,40,1740,Miroslav Koubek,CZE,3,270,0,0,270,DEF,0,0,0,0,0,0,0.0,10.0,3
83,4,Vladimír Coufal,DEF,TSG Hoffenheim,2500000,63,1992-08-22,175,2,33,Czechia,A,UEFA,40,1740,Miroslav Koubek,CZE,0,0,3,30,30,DEF,0,1,0,0,0,1,0.0,2.5,3
84,4,ě pán Chaloupek,DEF,SK Slavia Praha,10000000,6,2003-03-08,188,0,23,Czechia,A,UEFA,40,1740,Miroslav Koubek,CZE,3,270,0,0,270,DEF,0,0,0,0,0,0,0.0,10.0,3
85,4,Ladislav Krejci,DEF,Wolverhampton Wanderers FC,22000000,28,1999-04-20,191,6,27,Czechia,A,UEFA,40,1740,Miroslav Koubek,CZE,3,270,0,0,270,DEF,1,0,1,0,0,1,0.333,22.0,3
86,4,Vladimír Darida,MID,FC Hradec Králové,375000,79,1990-08-08,172,8,35,Czechia,A,UEFA,40,1740,Miroslav Koubek,CZE,0,0,3,0,0,MID,0,0,0,0,0,0,0.0,0.38,3
87,4,Adam Hlozek,FWD,TSG Hoffenheim,10000000,44,2002-07-25,188,5,23,Czechia,A,UEFA,40,1740,Miroslav Koubek,CZE,0,0,3,0,0,FWD,0,0,0,0,0,0,0.0,10.0,3
88,4,Patrik Schick,FWD,Bayer 04 Leverkusen,18000000,54,1996-01-24,191,26,30,Czechia,A,UEFA,40,1740,Miroslav Koubek,CZE,3,270,0,0,270,FWD,0,0,0,0,0,0,0.0,18.0,3
89,4,Jan Kuchta,FWD,AC Sparta Praha,2700000,31,1997-01-08,185,3,29,Czechia,A,UEFA,40,1740,Miroslav Koubek,CZE,0,0,3,0,0,FWD,0,0,0,0,0,0,0.0,2.7,3
90,4,Lukáš Cerv,MID,FC Viktoria Plze ň,6000000,17,2001-04-10,182,2,25,Czechia,A,UEFA,40,1740,Miroslav Koubek,CZE,3,270,0,0,270,MID,0,0,0,0,0,0,0.0,6.0,3
91,4,Mojmír Chytil,FWD,SK Slavia Praha,4000000,23,1999-04-29,187,6,27,Czechia,A,UEFA,40,1740,Miroslav Koubek,CZE,0,0,3,0,0,FWD,0,0,0,0,0,0,0.0,4.0,3
92,4,David Jurasek,DEF,SK Slavia Praha,5000000,18,2000-08-07,183,1,25,Czechia,A,UEFA,40,1740,Miroslav Koubek,CZE,0,0,3,0,0,DEF,0,0,0,0,0,0,0.0,5.0,3
93,4,Pavel Sulc,FWD,Olympique Lyonnais,20000000,22,2000-12-29,177,5,25,Czechia,A,UEFA,40,1740,Miroslav Koubek,CZE,3,270,0,0,270,FWD,0,0,0,0,0,0,0.0,20.0,3
94,4,Jind ř ich Stanek,GK,SK Slavia Praha,2000000,14,1996-04-27,192,0,30,Czechia,A,UEFA,40,1740,Miroslav Koubek,CZE,0,0,3,0,0,GK,0,0,0,0,0,0,0.0,2.0,3
95,4,Lukáš Provod,MID,SK Slavia Praha,8000000,39,1996-10-23,191,3,29,Czechia,A,UEFA,40,1740,Miroslav Koubek,CZE,3,270,0,0,270,MID,0,0,0,0,0,0,0.0,8.0,3
96,4,Michal Sadilek,MID,SK Slavia Praha,8000000,36,1999-05-31,169,1,27,Czechia,A,UEFA,40,1740,Miroslav Koubek,CZE,3,270,0,0,270,MID,1,0,0,0,1,1,0.333,8.0,3
97,4,Tomáš Chory,FWD,SK Slavia Praha,2700000,23,1995-01-26,199,7,31,Czechia,A,UEFA,40,1740,Miroslav Koubek,CZE,0,0,3,0,0,FWD,0,0,0,0,0,0,0.0,2.7,3
98,4,Jaroslav Zeleny,DEF,AC Sparta Praha,600000,24,1992-08-20,190,0,33,Czechia,A,UEFA,40,1740,Miroslav Koubek,CZE,0,0,3,0,0,DEF,0,0,0,0,0,0,0.0,0.6,3
99,4,David Doudera,DEF,SK Slavia Praha,3500000,17,1998-05-31,175,2,28,Czechia,A,UEFA,40,1740,Miroslav Koubek,CZE,0,0,3,0,0,DEF,0,0,0,0,0,0,0.0,3.5,3
100,4,Tomáš Soucek,MID,West Ham United FC,10000000,91,1995-02-27,192,17,31,Czechia,A,UEFA,40,1740,Miroslav Koubek,CZE,3,270,0,0,270,MID,0,0,0,0,0,0,0.0,10.0,3
101,4,Lukáš Hornicek,GK,SC Braga,18000000,1,2002-07-13,198,0,23,Czechia,A,UEFA,40,1740,Miroslav Koubek,CZE,0,0,3,0,0,GK,0,0,0,0,0,0,0.0,18.0,3
102,4,Alexandr Sojka,MID,FC Viktoria Plze ň,2300000,3,2003-04-02,188,0,23,Czechia,A,UEFA,40,1740,Miroslav Koubek,CZE,0,0,3,30,30,MID,0,1,0,0,0,1,0.0,2.3,3
103,4,Hugo Sochurek,MID,AC Sparta Praha,3500000,1,2008-06-07,183,0,18,Czechia,A,UEFA,40,1740,Miroslav Koubek,CZE,0,0,3,0,0,MID,0,0,0,0,0,0,0.0,3.5,3
104,4,Denis Visinsky,FWD,FC Viktoria Plze ň,3000000,2,2003-03-21,178,1,23,Czechia,A,UEFA,40,1740,Miroslav Koubek,CZE,0,0,3,0,0,FWD,0,0,0,0,0,0,0.0,3.0,3
105,5,Dayne Tristan St. Clair,GK,Inter Miami CF,3500000,20,1997-05-09,191,0,29,Canada,B,CONCACAF,33,1795,Jesse Marsch,CAN,0,0,4,0,0,GK,0,0,0,0,0,0,0.0,3.5,4
106,5,Alistair William Johnston,DEF,Celtic FC,8000000,59,1998-10-08,180,1,27,Canada,B,CONCACAF,33,1795,Jesse Marsch,CAN,4,360,0,0,360,DEF,0,0,0,0,0,0,0.0,8.0,4
107,5,Alfie Charles Jones,DEF,Middlesbrough FC,6000000,2,1997-10-07,191,0,28,Canada,B,CONCACAF,33,1795,Jesse Marsch,CAN,4,360,0,0,360,DEF,0,0,0,0,0,0,0.0,6.0,4
108,5,Luc De Fougerolles,DEF,FCV Dender EH,1000000,14,2005-10-12,183,0,20,Canada,B,CONCACAF,33,1795,Jesse Marsch,CAN,0,0,4,0,0,DEF,0,0,0,0,0,0,0.0,1.0,4
109,5,Joel Robert Waterman,DEF,Chicago Fire FC,2000000,17,1996-01-24,185,0,30,Canada,B,CONCACAF,33,1795,Jesse Marsch,CAN,0,0,4,0,0,DEF,0,0,0,0,0,0,0.0,2.0,4
110,5,Mathieu Choiniere,MID,LAFC,800000,24,1999-02-07,173,0,27,Canada,B,CONCACAF,33,1795,Jesse Marsch,CAN,0,0,4,0,0,MID,0,0,0,0,0,0,0.0,0.8,4
111,5,Stephen Eustaquio,MID,LAFC,6000000,57,1996-12-21,175,4,29,Canada,B,CONCACAF,33,1795,Jesse Marsch,CAN,4,360,0,0,360,MID,1,0,0,0,1,1,0.25,6.0,4
112,5,Ismaël Kenneth Jordan Kone,MID,US Sassuolo,25000000,41,2002-06-16,188,4,24,Canada,B,CONCACAF,33,1795,Jesse Marsch,CAN,4,360,0,0,360,MID,0,0,1,0,1,0,0.0,25.0,4
113,5,Cyle Christopher Larin,FWD,Southampton FC,3500000,91,1995-04-17,188,31,31,Canada,B,CONCACAF,33,1795,Jesse Marsch,CAN,0,0,4,60,60,FWD,2,0,0,0,0,2,3.0,3.5,4
114,5,Jonathan Christian David,FWD,Juventus FC,30000000,78,2000-01-14,175,39,26,Canada,B,CONCACAF,33,1795,Jesse Marsch,CAN,4,360,0,0,360,FWD,3,0,0,0,1,3,0.75,30.0,4
115,5,Liam Alan Millar,MID,Hull City FC,1700000,42,1999-09-27,176,1,26,Canada,B,CONCACAF,33,1795,Jesse Marsch,CAN,0,0,4,0,0,MID,0,0,0,0,0,0,0.0,1.7,4
116,5,Tanitoluwa Oluwatimilehin Oluwaseyi,FWD,Villarreal CF,7000000,25,2000-05-15,187,2,26,Canada,B,CONCACAF,33,1795,Jesse Marsch,CAN,0,0,4,0,0,FWD,0,0,0,0,0,0,0.0,7.0,4
117,5,Derek Austin Cornelius,DEF,Rangers FC,2500000,45,1997-11-25,186,1,28,Canada,B,CONCACAF,33,1795,Jesse Marsch,CAN,0,0,4,0,0,DEF,0,0,0,0,0,0,0.0,2.5,4
118,5,Jacob Everett Shaffelburg,MID,LAFC,2500000,32,1999-11-26,181,6,26,Canada,B,CONCACAF,33,1795,Jesse Marsch,CAN,4,360,0,0,360,MID,0,0,0,0,0,0,0.0,2.5,4
119,5,Moïse Bombito Bombito,DEF,OGC Nice,7000000,20,2000-03-30,190,0,26,Canada,B,CONCACAF,33,1795,Jesse Marsch,CAN,4,360,0,0,360,DEF,0,0,0,0,0,0,0.0,7.0,4
120,5,Maxime Crepeau,GK,Orlando City SC,1800000,33,1994-05-11,185,0,32,Canada,B,CONCACAF,33,1795,Jesse Marsch,CAN,4,360,0,0,360,GK,0,0,0,0,0,0,0.0,1.8,4
121,5,Tajon Trevor Buchanan,FWD,Villarreal CF,12000000,61,1999-02-08,183,8,27,Canada,B,CONCACAF,33,1795,Jesse Marsch,CAN,0,0,4,0,0,FWD,0,0,0,0,0,0,0.0,12.0,4
122,5,Owen Olamidayo Goodman,GK,Barnsley,550000,0,2003-11-27,193,0,22,Canada,B,CONCACAF,33,1795,Jesse Marsch,CAN,0,0,4,0,0,GK,0,0,0,0,0,0,0.0,0.55,4
123,5,Alphonso Boyle Davies,DEF,FC Bayern München,40000000,58,2000-11-02,183,15,25,Canada,B,CONCACAF,33,1795,Jesse Marsch,CAN,4,360,0,0,360,DEF,0,0,0,0,0,0,0.0,40.0,4
124,5,Ali Ahmed,FWD,Norwich City FC,3000000,25,2000-10-10,180,1,25,Canada,B,CONCACAF,33,1795,Jesse Marsch,CAN,0,0,4,0,0,FWD,0,0,0,0,0,0,0.0,3.0,4
125,5,Jonathan Osorio,MID,Toronto FC,1000000,92,1992-06-12,175,10,34,Canada,B,CONCACAF,33,1795,Jesse Marsch,CAN,0,0,4,0,0,MID,0,0,0,0,0,0,0.0,1.0,4
126,5,Richmond Mamah Laryea,DEF,Toronto FC,1000000,77,1995-01-07,175,1,31,Canada,B,CONCACAF,33,1795,Jesse Marsch,CAN,0,0,4,0,0,DEF,0,0,0,0,0,0,0.0,1.0,4
127,5,Niko Kristian Sigur,DEF,HNK Hajduk Split,4000000,19,2003-09-09,178,2,22,Canada,B,CONCACAF,33,1795,Jesse Marsch,CAN,0,0,4,30,30,DEF,0,0,1,0,0,0,0.0,4.0,4
128,5,Promise Oluwatobi Emmanuel David,FWD,Royale Union Saint-Gilloise,17000000,11,2001-07-03,195,3,25,Canada,B,CONCACAF,33,1795,Jesse Marsch,CAN,4,360,0,0,360,FWD,1,1,0,0,0,2,0.25,17.0,4
129,5,Nathan-Dylan Saliba,MID,RSC Anderlecht,7500000,15,2004-02-07,174,2,22,Canada,B,CONCACAF,33,1795,Jesse Marsch,CAN,4,360,0,0,360,MID,1,2,1,0,0,3,0.25,7.5,4
130,5,Jayden Nelson,FWD,Austin FC,2000000,15,2002-09-26,170,3,23,Canada,B,CONCACAF,33,1795,Jesse Marsch,CAN,0,0,4,0,0,FWD,0,0,0,0,0,0,0.0,2.0,4
131,6,Nikola Vasilj,GK,FC St. Pauli,4500000,27,1995-12-02,193,0,30,Bosnia and Herzegovina,B,UEFA,64,1645,Sergej Barbarez,BIH,3,270,0,0,270,GK,0,0,0,0,0,0,0.0,4.5,3
132,6,Nihad Mujakic,DEF,Gaziantep FK,1200000,12,1998-04-15,189,1,28,Bosnia and Herzegovina,B,UEFA,64,1645,Sergej Barbarez,BIH,0,0,3,0,0,DEF,0,0,0,0,0,0,0.0,1.2,3
133,6,Dennis Hadzikadunic,DEF,UC Sampdoria,1200000,32,1998-07-09,191,0,27,Bosnia and Herzegovina,B,UEFA,64,1645,Sergej Barbarez,BIH,0,0,3,30,30,DEF,0,1,0,0,0,1,0.0,1.2,3
134,6,Tarik Muharemovic,DEF,US Sassuolo,25000000,15,2003-02-28,192,1,23,Bosnia and Herzegovina,B,UEFA,64,1645,Sergej Barbarez,BIH,3,270,0,0,270,DEF,0,0,0,1,0,0,0.0,25.0,3
135,6,Sead Kolasinac,DEF,Atalanta Bergamo,4000000,66,1993-06-20,183,0,33,Bosnia and Herzegovina,B,UEFA,64,1645,Sergej Barbarez,BIH,3,270,0,0,270,DEF,0,1,0,0,0,1,0.0,4.0,3
136,6,Benjamin Tahirovic,MID,Brøndby IF,4500000,29,2003-03-03,191,2,23,Bosnia and Herzegovina,B,UEFA,64,1645,Sergej Barbarez,BIH,3,270,0,0,270,MID,0,0,0,0,0,0,0.0,4.5,3
137,6,Amar Dedic,DEF,SL Benfica,16000000,29,2002-08-18,180,1,23,Bosnia and Herzegovina,B,UEFA,64,1645,Sergej Barbarez,BIH,3,270,0,0,270,DEF,0,0,0,0,0,0,0.0,16.0,3
138,6,Armin Gigovic,MID,BSC Young Boys,2500000,21,2002-04-06,187,1,24,Bosnia and Herzegovina,B,UEFA,64,1645,Sergej Barbarez,BIH,0,0,3,0,0,MID,0,0,0,0,0,0,0.0,2.5,3
139,6,Samed Bazdar,FWD,Jagiellonia Bia ł ystok,1500000,14,2004-01-31,189,1,22,Bosnia and Herzegovina,B,UEFA,64,1645,Sergej Barbarez,BIH,0,0,3,0,0,FWD,0,0,0,0,0,0,0.0,1.5,3
140,6,Ermedin Demirovic,FWD,VfB Stuttgart,22000000,41,1998-03-25,185,4,28,Bosnia and Herzegovina,B,UEFA,64,1645,Sergej Barbarez,BIH,3,270,0,0,270,FWD,0,0,0,0,0,0,0.0,22.0,3
141,6,Edin Dzeko,FWD,FC Schalke 04,1000000,148,1986-03-17,192,73,40,Bosnia and Herzegovina,B,UEFA,64,1645,Sergej Barbarez,BIH,0,0,3,0,0,FWD,0,0,0,0,0,0,0.0,1.0,3
142,6,Mladen Jurkas,GK,FK Borac Banja Luka,700000,0,2007-10-07,193,0,18,Bosnia and Herzegovina,B,UEFA,64,1645,Sergej Barbarez,BIH,0,0,3,0,0,GK,0,0,0,0,0,0,0.0,0.7,3
143,6,Ivan Basic,MID,FC Astana,1500000,18,2002-04-30,178,0,24,Bosnia and Herzegovina,B,UEFA,64,1645,Sergej Barbarez,BIH,0,0,3,30,30,MID,0,1,0,0,0,1,0.0,1.5,3
144,6,Ivan Sunjic,MID,Pafos FC,2000000,12,1996-10-09,183,0,29,Bosnia and Herzegovina,B,UEFA,64,1645,Sergej Barbarez,BIH,0,0,3,0,0,MID,0,0,0,0,0,0,0.0,2.0,3
145,6,Amar Memic,MID,FC Viktoria Plze ň,4500000,14,2001-01-20,176,1,25,Bosnia and Herzegovina,B,UEFA,64,1645,Sergej Barbarez,BIH,3,270,0,0,270,MID,0,0,0,0,0,0,0.0,4.5,3
146,6,Amir Hadziahmetovic,MID,Hull City FC,4000000,36,1997-03-08,179,0,29,Bosnia and Herzegovina,B,UEFA,64,1645,Sergej Barbarez,BIH,3,270,0,0,270,MID,0,0,1,0,0,0,0.0,4.0,3
147,6,Dzenis Burnic,MID,Karlsruher SC,1200000,21,1998-05-22,182,0,28,Bosnia and Herzegovina,B,UEFA,64,1645,Sergej Barbarez,BIH,0,0,3,0,0,MID,0,0,0,0,0,0,0.0,1.2,3
148,6,Nikola Katic,DEF,FC Schalke 04,1800000,18,1996-10-10,194,2,29,Bosnia and Herzegovina,B,UEFA,64,1645,Sergej Barbarez,BIH,0,0,3,0,0,DEF,0,0,0,0,0,0,0.0,1.8,3
149,6,Kerim Alajbegovic,FWD,FC Red Bull Salzburg,22000000,11,2007-09-21,186,1,18,Bosnia and Herzegovina,B,UEFA,64,1645,Sergej Barbarez,BIH,3,270,0,0,270,FWD,1,0,0,0,1,1,0.333,22.0,3
150,6,Esmir Bajraktarevic,FWD,PSV Eindhoven,8000000,17,2005-03-10,175,1,21,Bosnia and Herzegovina,B,UEFA,64,1645,Sergej Barbarez,BIH,0,0,3,0,0,FWD,0,0,0,0,0,0,0.0,8.0,3
151,6,Stjepan Radeljic,DEF,HNK Rijeka,2800000,5,1997-09-05,201,0,28,Bosnia and Herzegovina,B,UEFA,64,1645,Sergej Barbarez,BIH,3,270,0,0,270,DEF,0,0,0,0,0,0,0.0,2.8,3
152,6,Martin Zlomislic,GK,HNK Rijeka,2000000,3,1998-08-16,189,0,27,Bosnia and Herzegovina,B,UEFA,64,1645,Sergej Barbarez,BIH,0,0,3,0,0,GK,0,0,0,0,0,0,0.0,2.0,3
153,6,Haris Tabakovic,FWD,Borussia Mönchengladbach,3500000,10,1994-06-20,196,4,32,Bosnia and Herzegovina,B,UEFA,64,1645,Sergej Barbarez,BIH,0,0,3,0,0,FWD,0,0,0,0,0,0,0.0,3.5,3
154,6,Arjan Malic,DEF,SK Sturm Graz,1800000,8,2005-08-28,188,0,20,Bosnia and Herzegovina,B,UEFA,64,1645,Sergej Barbarez,BIH,0,0,3,0,0,DEF,0,0,0,0,0,0,0.0,1.8,3
155,6,Jovo Lukic,FWD,Universitatea Cluj,2200000,4,1998-11-28,190,1,27,Bosnia and Herzegovina,B,UEFA,64,1645,Sergej Barbarez,BIH,0,0,3,30,30,FWD,1,0,0,0,0,1,3.0,2.2,3
156,6,Ermin Mahmic,MID,FC Slovan Liberec,5000000,2,2005-03-14,182,0,21,Bosnia and Herzegovina,B,UEFA,64,1645,Sergej Barbarez,BIH,3,270,0,0,270,MID,2,0,0,0,0,2,0.667,5.0,3
157,7,Ibrahim Mahmoud Abunada,GK,Al Rayyan SC,400000,7,2000-02-05,185,0,26,Qatar,B,AFC,56,1600,Julen Lopetegui,QAT,3,270,0,0,270,GK,1,0,0,0,1,1,0.333,0.4,3
158,7,Miguel Pedro,DEF,Al Sadd SC,150000,112,1990-08-06,180,4,35,Qatar,B,AFC,56,1600,Julen Lopetegui,QAT,0,0,3,0,0,DEF,0,0,0,0,0,0,0.0,0.15,3
159,7,Michel Lucas,DEF,Al Wakrah SC,350000,28,1990-07-03,179,2,36,Qatar,B,AFC,56,1600,Julen Lopetegui,QAT,3,270,0,0,270,DEF,0,0,0,0,0,0,0.0,0.35,3
160,7,Gueye Issa Laye,DEF,Al Arabi SC,200000,5,1997-12-22,178,0,28,Qatar,B,AFC,56,1600,Julen Lopetegui,QAT,0,0,3,0,0,DEF,0,0,0,0,0,0,0.0,0.2,3
161,7,Gaber Jassem,DEF,Al Rayyan SC,500000,38,2002-02-20,181,1,24,Qatar,B,AFC,56,1600,Julen Lopetegui,QAT,3,270,0,0,270,DEF,0,0,0,0,0,0,0.0,0.5,3
162,7,Hatim Abdulaziz Hatem,MID,Al Rayyan SC,250000,132,1990-01-01,179,11,36,Qatar,B,AFC,56,1600,Julen Lopetegui,QAT,3,270,0,0,270,MID,0,0,0,0,0,0,0.0,0.25,3
163,7,Alaaeldin Ahmed,FWD,Al Rayyan SC,300000,78,1993-01-31,179,10,33,Qatar,B,AFC,56,1600,Julen Lopetegui,QAT,0,0,3,0,0,FWD,0,0,0,0,0,0,0.0,0.3,3
164,7,Junior Edmilson,FWD,Al Duhail SC,1800000,17,1994-08-19,180,0,31,Qatar,B,AFC,56,1600,Julen Lopetegui,QAT,0,0,3,30,30,FWD,0,1,0,0,0,1,0.0,1.8,3
165,7,Mohammed Mohammed Muntari,FWD,Al Gharafa SC,200000,74,1993-12-20,192,17,32,Qatar,B,AFC,56,1600,Julen Lopetegui,QAT,0,0,3,0,0,FWD,0,0,0,0,0,0,0.0,0.2,3
166,7,Khalid Hassan Alhaydos,FWD,Al Sadd SC,300000,190,1990-12-11,174,39,35,Qatar,B,AFC,56,1600,Julen Lopetegui,QAT,0,0,3,30,30,FWD,1,0,0,0,0,1,3.0,0.3,3
167,7,Hassan Akram,FWD,Al Sadd SC,8000000,137,1996-11-18,176,40,29,Qatar,B,AFC,56,1600,Julen Lopetegui,QAT,3,270,0,0,270,FWD,0,0,0,0,0,0,0.0,8.0,3
168,7,Karim Karim Boudiaf,MID,Al Duhail SC,175000,129,1990-09-16,190,6,35,Qatar,B,AFC,56,1600,Julen Lopetegui,QAT,0,0,3,30,30,MID,0,0,1,0,0,0,0.0,0.18,3
169,7,Mohamed Ayoub Aloui,DEF,Al Gharafa SC,375000,8,2005-03-11,181,0,21,Qatar,B,AFC,56,1600,Julen Lopetegui,QAT,3,270,0,0,270,DEF,0,0,0,0,0,0,0.0,0.38,3
170,7,Elamin Homam,DEF,Cultural Leonesa,500000,77,1999-08-25,188,3,26,Qatar,B,AFC,56,1600,Julen Lopetegui,QAT,3,270,0,0,270,DEF,0,0,0,1,0,0,0.0,0.5,3
171,7,Abdurisag Yusuf Abdurisag,FWD,Al Wakrah SC,275000,45,1999-08-06,171,3,26,Qatar,B,AFC,56,1600,Julen Lopetegui,QAT,0,0,3,0,0,FWD,0,0,0,0,0,0,0.0,0.28,3
172,7,KHOUKHIBoualem Boualem,DEF,Al Sadd SC,200000,129,1990-07-09,185,21,35,Qatar,B,AFC,56,1600,Julen Lopetegui,QAT,0,0,3,0,0,DEF,0,0,0,0,0,0,0.0,0.2,3
173,7,Mohamed Ahmed Alganehi,MID,Al Gharafa SC,500000,15,2000-09-22,175,1,25,Qatar,B,AFC,56,1600,Julen Lopetegui,QAT,3,270,0,0,270,MID,0,0,0,0,0,0,0.0,0.5,3
174,7,Hussain Sultan,DEF,Al Duhail SC,300000,20,1996-04-07,178,0,30,Qatar,B,AFC,56,1600,Julen Lopetegui,QAT,0,0,3,0,0,DEF,0,0,0,0,0,0,0.0,0.3,3
175,7,Ali Zainelabdeen Almoez,FWD,Al Duhail SC,2500000,128,1996-08-19,180,58,29,Qatar,B,AFC,56,1600,Julen Lopetegui,QAT,3,270,0,0,270,FWD,0,0,0,0,0,0,0.0,2.5,3
176,7,Fathy Ahmed Fathy,MID,Al Arabi SC,250000,55,1993-01-25,171,0,33,Qatar,B,AFC,56,1600,Julen Lopetegui,QAT,3,270,0,0,270,MID,0,0,0,0,0,0,0.0,0.25,3
177,7,Zakaria Salah Zakaria,GK,Al Duhail SC,400000,10,1999-04-24,186,0,27,Qatar,B,AFC,56,1600,Julen Lopetegui,QAT,0,0,3,0,0,GK,0,0,0,0,0,0,0.0,0.4,3
178,7,Aissa Meshaal Barsham,GK,Al Sadd SC,700000,60,1998-02-14,180,0,28,Qatar,B,AFC,56,1600,Julen Lopetegui,QAT,0,0,3,0,0,GK,0,0,0,0,0,0,0.0,0.7,3
179,7,Omer Assim Madibo,MID,Al Wakrah SC,350000,65,1996-10-22,168,0,29,Qatar,B,AFC,56,1600,Julen Lopetegui,QAT,3,270,0,0,270,MID,0,0,0,1,0,0,0.0,0.35,3
180,7,Mohammad Tahsin,FWD,Al Duhail SC,200000,5,2006-06-16,166,0,20,Qatar,B,AFC,56,1600,Julen Lopetegui,QAT,0,0,3,0,0,FWD,0,0,0,0,0,0,0.0,0.2,3
181,7,Alhussein Alhashmi,DEF,Al Arabi SC,250000,10,2003-08-15,182,0,22,Qatar,B,AFC,56,1600,Julen Lopetegui,QAT,0,0,3,0,0,DEF,0,0,0,0,0,0,0.0,0.25,3
182,7,Naceur Mohamed Manai,FWD,Al Shamal SC,500000,12,2002-10-25,180,0,23,Qatar,B,AFC,56,1600,Julen Lopetegui,QAT,0,0,3,30,30,FWD,1,0,0,0,0,1,3.0,0.5,3
183,8,Gregor Kobel,GK,Borussia Dortmund,40000000,22,1997-12-06,196,0,28,Switzerland,B,UEFA,19,1860,Murat Yakin,SUI,3,270,0,0,270,GK,0,0,0,0,0,0,0.0,40.0,3
184,8,Miro Max Maria Muheim,DEF,Hamburger SV,5000000,11,1998-03-24,182,0,28,Switzerland,B,UEFA,19,1860,Murat Yakin,SUI,0,0,3,30,30,DEF,1,0,0,0,0,1,3.0,5.0,3
185,8,Silvan Dominic Widmer,DEF,1. FSV Mainz 05,800000,60,1993-03-05,183,5,33,Switzerland,B,UEFA,19,1860,Murat Yakin,SUI,0,0,3,0,0,DEF,0,0,0,0,0,0,0.0,0.8,3
186,8,Nico Elvedi,DEF,Borussia Mönchengladbach,8000000,68,1996-09-30,189,3,29,Switzerland,B,UEFA,19,1860,Murat Yakin,SUI,3,270,0,0,270,DEF,0,0,0,0,0,0,0.0,8.0,3
187,8,Manuel Obafemi Akanji,DEF,FC Internazionale Milano,17000000,82,1995-07-19,188,4,30,Switzerland,B,UEFA,19,1860,Murat Yakin,SUI,3,270,0,0,270,DEF,0,0,0,0,0,0,0.0,17.0,3
188,8,Denis Lemi Zakaria,MID,AS Monaco,25000000,66,1996-11-20,189,3,29,Switzerland,B,UEFA,19,1860,Murat Yakin,SUI,3,270,0,0,270,MID,0,0,0,0,0,0,0.0,25.0,3
189,8,Breel Donald Embolo,FWD,Stade Rennais FC,15000000,87,1997-02-14,184,25,29,Switzerland,B,UEFA,19,1860,Murat Yakin,SUI,0,0,3,90,90,FWD,1,2,0,0,0,3,1.0,15.0,3
190,8,Remo Marco Freuler,MID,Bologna FC,3000000,89,1992-04-15,181,11,34,Switzerland,B,UEFA,19,1860,Murat Yakin,SUI,0,0,3,0,0,MID,0,0,0,0,0,0,0.0,3.0,3
191,8,Johan Kula Manzambi,MID,SC Freiburg,50000000,13,2005-10-14,182,3,20,Switzerland,B,UEFA,19,1860,Murat Yakin,SUI,3,270,0,0,270,MID,3,1,0,0,2,4,1.0,50.0,3
192,8,Granit Xhaka,MID,Sunderland AFC,8000000,147,1992-09-27,183,17,33,Switzerland,B,UEFA,19,1860,Murat Yakin,SUI,0,0,3,30,30,MID,1,1,1,0,0,2,3.0,8.0,3
193,8,Dan Ndoye,FWD,Nottingham Forest FC,32000000,32,2000-10-25,184,8,25,Switzerland,B,UEFA,19,1860,Murat Yakin,SUI,3,270,0,0,270,FWD,0,0,0,0,0,0,0.0,32.0,3
194,8,Yvon Landry Mvogo,GK,FC Lorient,2500000,13,1994-06-06,190,0,32,Switzerland,B,UEFA,19,1860,Murat Yakin,SUI,0,0,3,0,0,GK,0,0,0,0,0,0,0.0,2.5,3
195,8,Ricardo Ivan Rodriguez,DEF,Real Betis,1400000,139,1992-08-25,182,9,33,Switzerland,B,UEFA,19,1860,Murat Yakin,SUI,0,0,3,0,0,DEF,0,0,0,0,0,0,0.0,1.4,3
196,8,Ardon Jashari,MID,AC Milan,25000000,9,2002-07-30,181,0,23,Switzerland,B,UEFA,19,1860,Murat Yakin,SUI,3,270,0,0,270,MID,0,0,0,0,0,0,0.0,25.0,3
197,8,Djibril Ibrahima Sow,MID,Sevilla FC,7500000,52,1997-02-06,183,0,29,Switzerland,B,UEFA,19,1860,Murat Yakin,SUI,0,0,3,0,0,MID,0,0,0,0,0,0,0.0,7.5,3
198,8,Christian Andreas Fassnacht,FWD,BSC Young Boys,2000000,23,1993-11-11,185,5,32,Switzerland,B,UEFA,19,1860,Murat Yakin,SUI,0,0,3,0,0,FWD,0,0,0,0,0,0,0.0,2.0,3
199,8,Ruben Estephan Vargas,FWD,Sevilla FC,12000000,62,1998-08-05,179,11,27,Switzerland,B,UEFA,19,1860,Murat Yakin,SUI,0,0,3,60,60,FWD,2,1,0,0,0,3,3.0,12.0,3
200,8,Eray Ervin Coemert,DEF,Valencia CF,2500000,22,1998-02-04,183,0,28,Switzerland,B,UEFA,19,1860,Murat Yakin,SUI,0,0,3,0,0,DEF,0,0,0,0,0,0,0.0,2.5,3
201,8,Noah Arinzechukwu Okafor,FWD,Leeds United FC,25000000,25,2000-05-24,185,2,26,Switzerland,B,UEFA,19,1860,Murat Yakin,SUI,3,270,0,0,270,FWD,0,0,0,0,0,0,0.0,25.0,3
202,8,Michel Aebischer,MID,Pisa SC,4000000,41,1997-01-06,183,2,29,Switzerland,B,UEFA,19,1860,Murat Yakin,SUI,0,0,3,0,0,MID,0,0,0,0,0,0,0.0,4.0,3
203,8,Marvin Keller,GK,BSC Young Boys,6000000,1,2002-07-03,189,0,24,Switzerland,B,UEFA,19,1860,Murat Yakin,SUI,0,0,3,0,0,GK,0,0,0,0,0,0,0.0,6.0,3
204,8,Fabian Rieder,MID,FC Augsburg,12000000,29,2002-02-16,181,1,24,Switzerland,B,UEFA,19,1860,Murat Yakin,SUI,3,270,0,0,270,MID,0,0,0,0,0,0,0.0,12.0,3
205,8,Mohamed Zeki Amdouni,FWD,Burnley FC,7000000,30,2000-12-04,183,11,25,Switzerland,B,UEFA,19,1860,Murat Yakin,SUI,0,0,3,0,0,FWD,0,0,0,0,0,0,0.0,7.0,3
206,8,Aurèle Florian Amenda,DEF,Eintracht Frankfurt,10000000,7,2003-07-31,194,0,22,Switzerland,B,UEFA,19,1860,Murat Yakin,SUI,3,270,0,0,270,DEF,0,0,0,0,0,0,0.0,10.0,3
207,8,Luca Antony Jaquez,DEF,VfB Stuttgart,10000000,3,2003-06-02,187,0,23,Switzerland,B,UEFA,19,1860,Murat Yakin,SUI,3,270,0,0,270,DEF,0,0,0,0,0,0,0.0,10.0,3
208,8,Cedric Jan Itten,FWD,Fortuna Düsseldorf,1800000,15,1996-12-27,190,5,29,Switzerland,B,UEFA,19,1860,Murat Yakin,SUI,0,0,3,0,0,FWD,0,0,0,0,0,0,0.0,1.8,3
209,9,Ramsés Alisson,GK,Liverpool FC,15000000,79,1992-10-02,193,0,33,Brazil,C,CONMEBOL,6,2030,Carlo Ancelotti,BRA,3,270,0,0,270,GK,0,0,0,0,0,0,0.0,15.0,3
210,9,José Ederson Silva,MID,Atalanta Bergamo,45000000,3,1999-07-07,184,0,26,Brazil,C,CONMEBOL,6,2030,Carlo Ancelotti,BRA,3,270,0,0,270,MID,0,0,0,0,0,0,0.0,45.0,3
211,9,Gabriel Gabriel Magalhaes,DEF,Arsenal FC,75000000,18,1997-12-19,190,1,28,Brazil,C,CONMEBOL,6,2030,Carlo Ancelotti,BRA,3,270,0,0,270,DEF,0,0,0,0,0,0,0.0,75.0,3
212,9,MARQUINHOSMarcos,DEF,Paris Saint-Germain,28000000,106,1994-05-14,183,7,32,Brazil,C,CONMEBOL,6,2030,Carlo Ancelotti,BRA,3,270,0,0,270,DEF,0,0,0,0,0,0,0.0,28.0,3
213,9,Henrique,MID,Manchester United FC,6000000,87,1992-02-23,185,9,34,Brazil,C,CONMEBOL,6,2030,Carlo Ancelotti,BRA,0,0,3,0,0,MID,0,0,0,0,0,0,0.0,6.0,3
214,9,Sandro Alex,DEF,CR Flamengo,1000000,45,1991-01-26,180,2,35,Brazil,C,CONMEBOL,6,2030,Carlo Ancelotti,BRA,0,0,3,0,0,DEF,0,0,0,0,0,0,0.0,1.0,3
215,9,José Vinicius,FWD,Real Madrid C. F.,140000000,50,2000-07-12,176,10,25,Brazil,C,CONMEBOL,6,2030,Carlo Ancelotti,BRA,3,270,0,0,270,FWD,4,1,0,0,2,5,1.333,140.0,3
216,9,GUIMARAESBruno Bruno,MID,Newcastle United FC,70000000,44,1997-11-16,182,3,28,Brazil,C,CONMEBOL,6,2030,Carlo Ancelotti,BRA,3,270,0,0,270,MID,0,3,0,0,0,3,0.0,70.0,3
217,9,Matheus Matheus Cunha,FWD,Manchester United FC,75000000,24,1999-05-27,183,1,27,Brazil,C,CONMEBOL,6,2030,Carlo Ancelotti,BRA,3,270,0,0,270,FWD,3,0,0,0,1,3,1.0,75.0,3
218,9,Neymar Neymar Jr,FWD,Santos FC,8000000,128,1992-02-05,175,79,34,Brazil,C,CONMEBOL,6,2030,Carlo Ancelotti,BRA,0,0,3,0,0,FWD,0,0,0,0,0,0,0.0,8.0,3
219,9,Raphael Raphinha,FWD,FC Barcelona,70000000,40,1996-12-14,176,11,29,Brazil,C,CONMEBOL,6,2030,Carlo Ancelotti,BRA,0,0,3,0,0,FWD,0,0,0,0,0,0,0.0,70.0,3
220,9,Weverton Weverton,GK,Grêmio FBPA,700000,11,1987-12-13,189,0,38,Brazil,C,CONMEBOL,6,2030,Carlo Ancelotti,BRA,0,0,3,0,0,GK,0,0,0,0,0,0,0.0,0.7,3
221,9,Luiz Danilo,DEF,CR Flamengo,2000000,71,1991-07-15,184,1,34,Brazil,C,CONMEBOL,6,2030,Carlo Ancelotti,BRA,0,0,3,0,0,DEF,0,0,0,0,0,0,0.0,2.0,3
222,9,Bremer Bremer,DEF,Juventus FC,35000000,8,1997-03-18,188,1,29,Brazil,C,CONMEBOL,6,2030,Carlo Ancelotti,BRA,3,270,0,0,270,DEF,0,0,0,0,0,0,0.0,35.0,3
223,9,PEREIRALeonardo Leo,DEF,CR Flamengo,12000000,4,1996-01-31,189,0,30,Brazil,C,CONMEBOL,6,2030,Carlo Ancelotti,BRA,0,0,3,0,0,DEF,0,0,0,0,0,0,0.0,12.0,3
224,9,Douglas Douglas Santos,DEF,FC Zenit St. Petersburg,7500000,8,1994-03-22,173,0,32,Brazil,C,CONMEBOL,6,2030,Carlo Ancelotti,BRA,0,0,3,30,30,DEF,0,0,1,0,0,0,0.0,7.5,3
225,9,Henrique Fabinho,MID,Al Ittihad,12000000,34,1993-10-23,188,0,32,Brazil,C,CONMEBOL,6,2030,Carlo Ancelotti,BRA,0,0,3,0,0,MID,0,0,0,0,0,0,0.0,12.0,3
226,9,Danilo Danilo Santos,MID,Botafogo,32000000,5,2001-04-29,177,2,25,Brazil,C,CONMEBOL,6,2030,Carlo Ancelotti,BRA,3,270,0,0,270,MID,0,0,0,0,0,0,0.0,32.0,3
227,9,Felipe Endrick,FWD,Olympique Lyonnais,40000000,17,2006-07-21,172,4,19,Brazil,C,CONMEBOL,6,2030,Carlo Ancelotti,BRA,0,0,3,0,0,FWD,0,0,0,0,0,0,0.0,40.0,3
228,9,Lucas Lucas Paqueta,MID,CR Flamengo,32000000,64,1997-08-27,183,13,28,Brazil,C,CONMEBOL,6,2030,Carlo Ancelotti,BRA,3,270,0,0,270,MID,0,1,0,0,0,1,0.0,32.0,3
229,9,Henrique André Luiz,FWD,FC Zenit St. Petersburg,24000000,16,2001-01-02,182,2,25,Brazil,C,CONMEBOL,6,2030,Carlo Ancelotti,BRA,0,0,3,0,0,FWD,0,0,0,0,0,0,0.0,24.0,3
230,9,MARTINELLIGabriel Gabriel,FWD,Arsenal FC,45000000,23,2001-06-18,178,4,25,Brazil,C,CONMEBOL,6,2030,Carlo Ancelotti,BRA,0,0,3,0,0,FWD,0,0,0,0,0,0,0.0,45.0,3
231,9,Ederson Ederson,GK,Fenerbahçe SK,10000000,32,1993-08-17,188,0,32,Brazil,C,CONMEBOL,6,2030,Carlo Ancelotti,BRA,0,0,3,0,0,GK,0,0,0,0,0,0,0.0,10.0,3
232,9,IBANEZRoger Roger,DEF,Al Ahli FC,18000000,8,1998-11-23,186,0,27,Brazil,C,CONMEBOL,6,2030,Carlo Ancelotti,BRA,3,270,0,0,270,DEF,0,0,0,0,0,0,0.0,18.0,3
233,9,Thiago Igor Thiago,FWD,Brentford FC,65000000,5,2001-06-26,190,2,25,Brazil,C,CONMEBOL,6,2030,Carlo Ancelotti,BRA,0,0,3,0,0,FWD,0,0,0,0,0,0,0.0,65.0,3
234,9,Vitor Rayan,FWD,AFC Bournemouth,60000000,2,2006-08-03,187,1,19,Brazil,C,CONMEBOL,6,2030,Carlo Ancelotti,BRA,0,0,3,30,30,FWD,0,1,0,0,0,1,0.0,60.0,3
235,10,Yassine Bounou,GK,Al Hilal SC,3000000,91,1991-04-05,192,0,35,Morocco,C,CAF,7,1920,Walid Regragui,MAR,3,270,0,0,270,GK,1,0,0,0,0,1,0.333,3.0,3
236,10,Achraf Hakimi,DEF,Paris Saint-Germain,80000000,97,1998-11-04,180,11,27,Morocco,C,CAF,7,1920,Walid Regragui,MAR,3,270,0,0,270,DEF,1,0,0,0,1,1,0.333,80.0,3
237,10,Noussair Mazraoui,DEF,Manchester United FC,18000000,46,1997-11-14,183,2,28,Morocco,C,CAF,7,1920,Walid Regragui,MAR,3,270,0,0,270,DEF,0,0,0,0,0,0,0.0,18.0,3
238,10,Sofyan Amrabat,MID,Real Betis,10000000,75,1996-08-21,185,0,29,Morocco,C,CAF,7,1920,Walid Regragui,MAR,0,0,3,0,0,MID,0,0,0,0,0,0,0.0,10.0,3
239,10,Marwane Saadane,DEF,Al Fateh SC,400000,17,1992-01-17,185,1,34,Morocco,C,CAF,7,1920,Walid Regragui,MAR,0,0,3,0,0,DEF,0,0,0,0,0,0,0.0,0.4,3
240,10,Ayyoub Bouaddi,MID,Lille OSC,50000000,4,2007-10-02,185,0,18,Morocco,C,CAF,7,1920,Walid Regragui,MAR,3,270,0,0,270,MID,0,0,0,0,0,0,0.0,50.0,3
241,10,Chemsdine Talbi,MID,Sunderland AFC,25000000,6,2005-05-09,175,0,21,Morocco,C,CAF,7,1920,Walid Regragui,MAR,3,270,0,0,270,MID,0,0,0,0,0,0,0.0,25.0,3
242,10,Azz-Eddine Ounahi,MID,Girona FC,10000000,50,2000-04-19,182,9,26,Morocco,C,CAF,7,1920,Walid Regragui,MAR,0,0,3,0,0,MID,0,0,0,0,0,0,0.0,10.0,3
243,10,Soufiane Rahimi,FWD,Al Ain FC,6000000,38,1996-06-02,180,12,30,Morocco,C,CAF,7,1920,Walid Regragui,MAR,0,0,3,30,30,FWD,1,0,0,0,0,1,3.0,6.0,3
244,10,Brahim Diaz,FWD,Real Madrid C. F.,35000000,27,1999-08-03,170,15,26,Morocco,C,CAF,7,1920,Walid Regragui,MAR,3,270,0,0,270,FWD,0,2,0,0,0,2,0.0,35.0,3
245,10,Ismael Saibari,MID,PSV Eindhoven,40000000,31,2001-01-28,185,10,25,Morocco,C,CAF,7,1920,Walid Regragui,MAR,3,270,0,0,270,MID,3,0,0,0,1,3,1.0,40.0,3
246,10,Monir El Kajoui,GK,RS Berkane,600000,52,1989-05-10,190,0,37,Morocco,C,CAF,7,1920,Walid Regragui,MAR,0,0,3,0,0,GK,0,0,0,0,0,0,0.0,0.6,3
247,10,Zakaria El Ouahdi,DEF,KRC Genk,17000000,3,2001-12-31,171,0,24,Morocco,C,CAF,7,1920,Walid Regragui,MAR,3,270,0,0,270,DEF,0,0,0,0,0,0,0.0,17.0,3
248,10,Issa Laye Lucas Jean Diop,DEF,Fulham FC,8000000,5,1997-01-09,194,0,29,Morocco,C,CAF,7,1920,Walid Regragui,MAR,0,0,3,0,0,DEF,0,0,0,0,0,0,0.0,8.0,3
249,10,Samir El Mourabet,MID,RC Strasbourg,22000000,5,2005-10-06,187,0,20,Morocco,C,CAF,7,1920,Walid Regragui,MAR,0,0,3,0,0,MID,0,0,0,0,0,0,0.0,22.0,3
250,10,Gessime Ben Youssef Mustapha Yassine,MID,RC Strasbourg,12000000,4,2005-11-22,172,0,20,Morocco,C,CAF,7,1920,Walid Regragui,MAR,0,0,3,30,30,MID,1,0,0,0,0,1,3.0,12.0,3
251,10,Mohamed Amine Sbai,FWD,Angers SCO,4000000,2,2000-11-05,175,0,25,Morocco,C,CAF,7,1920,Walid Regragui,MAR,0,0,3,0,0,FWD,0,0,0,0,0,0,0.0,4.0,3
252,10,Chadi Riad,DEF,Crystal Palace FC,15000000,7,2003-06-17,186,1,23,Morocco,C,CAF,7,1920,Walid Regragui,MAR,3,270,0,0,270,DEF,0,0,0,0,0,0,0.0,15.0,3
253,10,Youssef Belammari,DEF,Al Ahly FC,1200000,18,1998-09-20,175,0,27,Morocco,C,CAF,7,1920,Walid Regragui,MAR,0,0,3,0,0,DEF,0,0,0,0,0,0,0.0,1.2,3
254,10,Ayoub El Kaabi,FWD,Olympiacos FC,4500000,71,1993-06-25,182,36,33,Morocco,C,CAF,7,1920,Walid Regragui,MAR,0,0,3,0,0,FWD,0,0,0,0,0,0,0.0,4.5,3
255,10,Ayoube Amaimouni,FWD,Eintracht Frankfurt,10000000,3,2004-11-30,179,0,21,Morocco,C,CAF,7,1920,Walid Regragui,MAR,3,270,0,0,270,FWD,0,0,0,0,0,0,0.0,10.0,3
256,10,Ahmed Reda Tagnaouti,GK,ASFAR,1000000,3,1996-04-05,194,0,30,Morocco,C,CAF,7,1920,Walid Regragui,MAR,0,0,3,0,0,GK,0,0,0,0,0,0,0.0,1.0,3
257,10,Bilal El Khannouss,MID,VfB Stuttgart,35000000,38,2004-05-10,180,3,22,Morocco,C,CAF,7,1920,Walid Regragui,MAR,3,270,0,0,270,MID,0,0,0,0,0,0,0.0,35.0,3
258,10,Neil Yoni El Aynaoui,MID,AS Roma,23000000,17,2001-07-02,185,2,25,Morocco,C,CAF,7,1920,Walid Regragui,MAR,0,0,3,0,0,MID,0,0,0,0,0,0,0.0,23.0,3
259,10,Redouane Halhal,DEF,KV Mechelen,5000000,3,2003-03-05,189,0,23,Morocco,C,CAF,7,1920,Walid Regragui,MAR,0,0,3,0,0,DEF,0,0,0,0,0,0,0.0,5.0,3
260,10,Anass Salah Eddine,DEF,PSV Eindhoven,12000000,10,2002-01-18,181,0,24,Morocco,C,CAF,7,1920,Walid Regragui,MAR,0,0,3,0,0,DEF,0,0,0,0,0,0,0.0,12.0,3
261,11,Johny Placide,GK,SC Bastia,250000,84,1988-01-29,181,0,38,Haiti,C,CONCACAF,83,1530,Sébastien Migné,HAI,3,270,0,0,270,GK,0,0,0,0,0,0,0.0,0.25,3
262,11,Carlens Jean Fedlaire Ruby Arcus,DEF,Angers SCO,1800000,57,1996-06-28,180,1,30,Haiti,C,CONCACAF,83,1530,Sébastien Migné,HAI,3,270,0,0,270,DEF,0,0,1,0,0,0,0.0,1.8,3
263,11,Keeto Thermoncy,DEF,BSC Young Boys,100000,1,2006-03-29,179,0,20,Haiti,C,CONCACAF,83,1530,Sébastien Migné,HAI,0,0,3,0,0,DEF,0,0,0,0,0,0,0.0,0.1,3
264,11,Ricardo Ade,DEF,LDU Quito,300000,62,1990-05-21,190,2,36,Haiti,C,CONCACAF,83,1530,Sébastien Migné,HAI,0,0,3,0,0,DEF,0,0,0,0,0,0,0.0,0.3,3
265,11,Hannes Piterson Delcroix,DEF,FC Lugano,2000000,8,1999-02-28,183,0,27,Haiti,C,CONCACAF,83,1530,Sébastien Migné,HAI,3,270,0,0,270,DEF,0,0,0,0,0,0,0.0,2.0,3
266,11,Carl Fred Sainte,MID,El Paso Locomotive FC,125000,26,2002-08-09,182,0,23,Haiti,C,CONCACAF,83,1530,Sébastien Migné,HAI,3,270,0,0,270,MID,0,0,0,0,0,0,0.0,0.12,3
267,11,Derrick Burckley Etienne,FWD,Toronto FC,800000,50,1996-11-25,178,8,29,Haiti,C,CONCACAF,83,1530,Sébastien Migné,HAI,0,0,3,0,0,FWD,0,0,0,0,0,0,0.0,0.8,3
268,11,Martin Yves Roberns Didier Experience,DEF,AS Nancy,400000,22,1999-03-09,178,0,27,Haiti,C,CONCACAF,83,1530,Sébastien Migné,HAI,0,0,3,0,0,DEF,0,0,0,0,0,0,0.0,0.4,3
269,11,Duckens Nazon,FWD,Esteghlal Tehran FC,1600000,83,1994-04-07,181,44,32,Haiti,C,CONCACAF,83,1530,Sébastien Migné,HAI,0,0,3,0,0,FWD,0,0,0,0,0,0,0.0,1.6,3
270,11,Jean Ricner Bellegarde,MID,Wolverhampton Wanderers FC,16000000,11,1998-06-27,170,0,28,Haiti,C,CONCACAF,83,1530,Sébastien Migné,HAI,3,270,0,0,270,MID,0,0,0,0,0,0,0.0,16.0,3
271,11,Don Deedson Deedson,FWD,FC Dallas,1200000,33,2001-02-11,178,10,25,Haiti,C,CONCACAF,83,1530,Sébastien Migné,HAI,0,0,3,0,0,FWD,0,0,0,0,0,0,0.0,1.2,3
272,11,Alexandre Jr Pierre,GK,FC Sochaux-Montbéliard,100000,17,2001-02-25,190,0,25,Haiti,C,CONCACAF,83,1530,Sébastien Migné,HAI,0,0,3,0,0,GK,0,0,0,0,0,0,0.0,0.1,3
273,11,Markhus Lacroix,DEF,Colorado Springs Switchbacks FC,125000,16,1993-10-14,175,3,32,Haiti,C,CONCACAF,83,1530,Sébastien Migné,HAI,0,0,3,0,0,DEF,0,0,0,0,0,0,0.0,0.12,3
274,11,Garven-Michee Metusala,DEF,Colorado Springs Switchbacks FC,200000,15,1999-12-31,186,0,26,Haiti,C,CONCACAF,83,1530,Sébastien Migné,HAI,0,0,3,0,0,DEF,0,0,0,0,0,0,0.0,0.2,3
275,11,Ruben Fritzner Providence,FWD,Almere City FC,300000,16,2001-07-07,178,3,24,Haiti,C,CONCACAF,83,1530,Sébastien Migné,HAI,0,0,3,0,0,FWD,0,0,0,0,0,0,0.0,0.3,3
276,11,Lenny Alvin Pico Joseph,FWD,Ferencvárosi TC,500000,3,2000-10-12,182,1,25,Haiti,C,CONCACAF,83,1530,Sébastien Migné,HAI,0,0,3,0,0,FWD,0,0,0,0,0,0,0.0,0.5,3
277,11,Danley Jean Jacques,MID,Philadelphia Union,3000000,32,2000-05-20,182,6,26,Haiti,C,CONCACAF,83,1530,Sébastien Migné,HAI,3,270,0,0,270,MID,0,0,1,0,0,0,0.0,3.0,3
278,11,Wilson Isidor,FWD,Sunderland AFC,18000000,5,2000-08-27,184,2,25,Haiti,C,CONCACAF,83,1530,Sébastien Migné,HAI,3,270,0,0,270,FWD,1,0,0,0,0,1,0.333,18.0,3
279,11,Yassin Enzo Fortune,FWD,FC Vizela,400000,5,1999-01-30,186,0,27,Haiti,C,CONCACAF,83,1530,Sébastien Migné,HAI,0,0,3,0,0,FWD,0,0,0,0,0,0,0.0,0.4,3
280,11,Frantzdy Pierrot,FWD,Çaykur Rizespor,1500000,54,1995-03-29,194,34,31,Haiti,C,CONCACAF,83,1530,Sébastien Migné,HAI,0,0,3,30,30,FWD,0,0,1,0,0,0,0.0,1.5,3
281,11,Josue Jeremie Casimir,FWD,AJ Auxerre,3000000,8,2001-09-24,178,0,24,Haiti,C,CONCACAF,83,1530,Sébastien Migné,HAI,3,270,0,0,270,FWD,0,0,0,0,0,0,0.0,3.0,3
282,11,Jean-Kévin Duverne,DEF,KAA Gent,2000000,17,1997-07-12,184,1,28,Haiti,C,CONCACAF,83,1530,Sébastien Migné,HAI,3,270,0,0,270,DEF,0,0,0,0,0,0,0.0,2.0,3
283,11,Josue Duverger,GK,FC Cosmos Koblenz,125000,7,2000-04-27,187,0,26,Haiti,C,CONCACAF,83,1530,Sébastien Migné,HAI,0,0,3,0,0,GK,0,0,0,0,0,0,0.0,0.12,3
284,11,Wilguens Raphael Polynice Paugain,DEF,SV Zulte Waregem,800000,8,2001-08-24,180,0,24,Haiti,C,CONCACAF,83,1530,Sébastien Migné,HAI,3,270,0,0,270,DEF,0,0,0,0,0,0,0.0,0.8,3
285,11,Dominique Celidor Simon,MID,FC Tatran Pre š ov,125000,2,2000-07-29,178,0,25,Haiti,C,CONCACAF,83,1530,Sébastien Migné,HAI,3,270,0,0,270,MID,0,0,0,0,0,0,0.0,0.12,3
286,11,Olivier Woodensky Pierre,MID,Violette AC,100000,1,2004-12-30,177,0,21,Haiti,C,CONCACAF,83,1530,Sébastien Migné,HAI,0,0,3,0,0,MID,0,0,0,0,0,0,0.0,0.1,3
287,12,Angus Fraser James Gunn,GK,Nottingham Forest FC,1000000,23,1996-01-22,196,0,30,Scotland,C,UEFA,39,1720,Steve Clarke,SCO,3,270,0,0,270,GK,0,0,0,0,0,0,0.0,1.0,3
288,12,Aaron Buchanan Hickey,DEF,Brentford FC,16000000,22,2002-06-10,185,0,24,Scotland,C,UEFA,39,1720,Steve Clarke,SCO,3,270,0,0,270,DEF,0,0,0,0,0,0,0.0,16.0,3
289,12,Andrew Henry Robertson,DEF,Liverpool FC,7000000,95,1994-03-11,178,4,32,Scotland,C,UEFA,39,1720,Steve Clarke,SCO,3,270,0,0,270,DEF,0,0,0,0,0,0,0.0,7.0,3
290,12,Mc,MID,SSC Napoli,4000000,71,1996-12-08,193,15,29,Scotland,C,UEFA,39,1720,Steve Clarke,SCO,3,270,0,0,270,MID,0,0,0,0,0,0,0.0,4.0,3
291,12,Grant Campbell Hanley,DEF,Hibernian FC,200000,69,1991-11-20,188,2,34,Scotland,C,UEFA,39,1720,Steve Clarke,SCO,0,0,3,0,0,DEF,0,0,0,0,0,0,0.0,0.2,3
292,12,Kieran Tierney,DEF,Celtic FC,8000000,56,1997-06-05,180,2,29,Scotland,C,UEFA,39,1720,Steve Clarke,SCO,3,270,0,0,270,DEF,0,0,0,0,0,0,0.0,8.0,3
293,12,Mc,MID,Aston Villa FC,4000000,87,1994-10-18,178,21,31,Scotland,C,UEFA,39,1720,Steve Clarke,SCO,3,270,0,0,270,MID,1,0,0,0,1,1,0.333,4.0,3
294,12,Tyler Robert Fletcher,MID,Manchester United FC,1000000,2,2007-03-19,183,0,19,Scotland,C,UEFA,39,1720,Steve Clarke,SCO,0,0,3,0,0,MID,0,0,0,0,0,0,0.0,1.0,3
295,12,Lyndon John Dykes,FWD,Charlton Athletic FC,800000,52,1995-10-07,188,10,30,Scotland,C,UEFA,39,1720,Steve Clarke,SCO,0,0,3,0,0,FWD,0,0,0,0,0,0,0.0,0.8,3
296,12,Che Sac Everton Fred Adams,FWD,Torino FC,5000000,48,1996-07-13,175,13,29,Scotland,C,UEFA,39,1720,Steve Clarke,SCO,0,0,3,0,0,FWD,0,0,0,0,0,0,0.0,5.0,3
297,12,Ryan Christie,MID,AFC Bournemouth,8000000,69,1995-02-22,178,10,31,Scotland,C,UEFA,39,1720,Steve Clarke,SCO,3,270,0,0,270,MID,0,0,0,0,0,0,0.0,8.0,3
298,12,Liam Patrick Kelly,GK,Rangers FC,800000,3,1996-01-23,184,0,30,Scotland,C,UEFA,39,1720,Steve Clarke,SCO,0,0,3,0,0,GK,0,0,0,0,0,0,0.0,0.8,3
299,12,Jack William Hendry,DEF,Al Ettifaq FC,2500000,39,1995-05-07,192,3,31,Scotland,C,UEFA,39,1720,Steve Clarke,SCO,0,0,3,0,0,DEF,0,0,0,0,0,0,0.0,2.5,3
300,12,Ross Cameron Stewart,FWD,Southampton FC,2800000,3,1996-07-11,188,0,29,Scotland,C,UEFA,39,1720,Steve Clarke,SCO,0,0,3,0,0,FWD,0,0,0,0,0,0,0.0,2.8,3
301,12,John Francis Souttar,DEF,Rangers FC,2000000,24,1996-09-25,186,2,29,Scotland,C,UEFA,39,1720,Steve Clarke,SCO,0,0,3,0,0,DEF,0,0,0,0,0,0,0.0,2.0,3
302,12,Dominic John Hyam,DEF,Wrexham AFC,2000000,4,1995-12-20,188,0,30,Scotland,C,UEFA,39,1720,Steve Clarke,SCO,0,0,3,0,0,DEF,0,0,0,0,0,0,0.0,2.0,3
303,12,Ben Gannon Gannon-Doak,FWD,AFC Bournemouth,15000000,15,2005-11-11,173,1,20,Scotland,C,UEFA,39,1720,Steve Clarke,SCO,3,270,0,0,270,FWD,0,0,0,0,0,0,0.0,15.0,3
304,12,George David Eric Hirst,FWD,Ipswich Town FC,10000000,10,1999-02-15,191,1,27,Scotland,C,UEFA,39,1720,Steve Clarke,SCO,3,270,0,0,270,FWD,0,0,0,0,0,0,0.0,10.0,3
305,12,Lewis Ferguson,MID,Bologna FC,14000000,25,1999-08-24,181,1,26,Scotland,C,UEFA,39,1720,Steve Clarke,SCO,3,270,0,0,270,MID,0,0,0,0,0,0,0.0,14.0,3
306,12,Lawrence Shankland,FWD,Heart Of Midlothian FC,3000000,21,1995-08-10,185,7,30,Scotland,C,UEFA,39,1720,Steve Clarke,SCO,0,0,3,0,0,FWD,0,0,0,0,0,0,0.0,3.0,3
307,12,Craig Sinclair Gordon,GK,Heart Of Midlothian FC,50000,84,1982-12-31,193,0,43,Scotland,C,UEFA,39,1720,Steve Clarke,SCO,0,0,3,0,0,GK,0,0,0,0,0,0,0.0,0.05,3
308,12,Nathan Kenneth Patterson,DEF,Everton FC,10000000,27,2001-10-16,183,1,24,Scotland,C,UEFA,39,1720,Steve Clarke,SCO,3,270,0,0,270,DEF,0,0,0,0,0,0,0.0,10.0,3
309,12,Mc,MID,Norwich City FC,4000000,59,1992-01-08,183,3,34,Scotland,C,UEFA,39,1720,Steve Clarke,SCO,0,0,3,0,0,MID,0,0,0,0,0,0,0.0,4.0,3
310,12,Anthony Ralston,DEF,Celtic FC,1500000,27,1998-11-16,178,1,27,Scotland,C,UEFA,39,1720,Steve Clarke,SCO,0,0,3,0,0,DEF,0,0,0,0,0,0,0.0,1.5,3
311,12,Findlay Kenneth Curtis,FWD,Kilmarnock FC,2000000,4,2006-06-09,180,1,20,Scotland,C,UEFA,39,1720,Steve Clarke,SCO,0,0,3,0,0,FWD,0,0,0,0,0,0,0.0,2.0,3
312,12,Mc,DEF,GNK Dinamo Zagreb,4000000,50,1996-11-12,189,1,29,Scotland,C,UEFA,39,1720,Steve Clarke,SCO,0,0,3,0,0,DEF,0,0,0,0,0,0,0.0,4.0,3
313,13,Matthew Charles Turner,GK,New England Revolution,2500000,54,1994-06-24,190,0,32,USA,D,CONCACAF,17,1850,Mauricio Pochettino,USA,3,270,0,0,270,GK,0,0,0,0,0,0,0.0,2.5,3
314,13,Sergiño Gianni Dest,DEF,PSV Eindhoven,18000000,40,2000-11-03,173,3,25,USA,D,CONCACAF,17,1850,Mauricio Pochettino,USA,3,270,0,0,270,DEF,0,1,0,0,0,1,0.0,18.0,3
315,13,Christopher Jeffrey Richards,DEF,Crystal Palace FC,28000000,37,2000-03-28,189,3,26,USA,D,CONCACAF,17,1850,Mauricio Pochettino,USA,3,270,0,0,270,DEF,0,0,1,0,0,0,0.0,28.0,3
316,13,Tyler Shaan Adams,MID,AFC Bournemouth,25000000,55,1999-02-14,175,2,27,USA,D,CONCACAF,17,1850,Mauricio Pochettino,USA,3,270,0,0,270,MID,0,0,0,0,0,0,0.0,25.0,3
317,13,Antonee Robinson,DEF,Fulham FC,22000000,55,1997-08-08,183,5,28,USA,D,CONCACAF,17,1850,Mauricio Pochettino,USA,3,270,0,0,270,DEF,0,0,1,0,0,0,0.0,22.0,3
318,13,Auston Levi-Jesaiah Trusty,DEF,Celtic FC,6000000,8,1998-08-12,190,0,27,USA,D,CONCACAF,17,1850,Mauricio Pochettino,USA,0,0,3,30,30,DEF,1,0,0,0,0,1,3.0,6.0,3
319,13,Giovanni Alejandro Reyna,MID,Borussia Mönchengladbach,4000000,39,2002-11-13,187,10,23,USA,D,CONCACAF,17,1850,Mauricio Pochettino,USA,0,0,3,30,30,MID,1,0,0,0,0,1,3.0,4.0,3
320,13,Mc,MID,Juventus FC,7000000,67,1998-08-28,180,12,27,USA,D,CONCACAF,17,1850,Mauricio Pochettino,USA,3,270,0,0,270,MID,0,0,0,0,0,0,0.0,7.0,3
321,13,Ricardo Daniel Pepi,FWD,PSV Eindhoven,30000000,38,2003-01-09,185,13,23,USA,D,CONCACAF,17,1850,Mauricio Pochettino,USA,0,0,3,0,0,FWD,0,0,0,0,0,0,0.0,30.0,3
322,13,Christian Mate Pulisic,FWD,AC Milan,40000000,87,1998-09-18,177,33,27,USA,D,CONCACAF,17,1850,Mauricio Pochettino,USA,3,270,0,0,270,FWD,0,1,0,0,0,1,0.0,40.0,3
323,13,Brenden Russell Aaronson,FWD,Leeds United FC,22000000,58,2000-10-22,177,9,25,USA,D,CONCACAF,17,1850,Mauricio Pochettino,USA,0,0,3,0,0,FWD,0,0,0,0,0,0,0.0,22.0,3
324,13,Miles Gordon Robinson,DEF,FC Cincinnatti,3500000,40,1997-03-14,187,3,29,USA,D,CONCACAF,17,1850,Mauricio Pochettino,USA,0,0,3,0,0,DEF,0,0,0,0,0,0,0.0,3.5,3
325,13,Timothy Michael Ream,DEF,Charlotte FC,150000,83,1987-10-05,186,1,38,USA,D,CONCACAF,17,1850,Mauricio Pochettino,USA,0,0,3,0,0,DEF,0,0,0,0,0,0,0.0,0.15,3
326,13,Sebastian Matthew Berhalter,MID,Vancouver Whitecaps FC,8000000,14,2001-05-10,175,1,25,USA,D,CONCACAF,17,1850,Mauricio Pochettino,USA,3,270,0,0,270,MID,1,1,0,0,0,2,0.333,8.0,3
327,13,Cristian Roldan,MID,Seattle Sounders FC,3500000,47,1995-06-03,173,0,31,USA,D,CONCACAF,17,1850,Mauricio Pochettino,USA,0,0,3,0,0,MID,0,0,0,0,0,0,0.0,3.5,3
328,13,Alexander Michael Freeman,DEF,Villarreal CF,3500000,18,2004-08-09,188,2,21,USA,D,CONCACAF,17,1850,Mauricio Pochettino,USA,0,0,3,60,60,DEF,1,1,0,0,0,2,1.5,3.5,3
329,13,Malik Leon Tillman,MID,Bayer 04 Leverkusen,30000000,31,2002-05-28,187,3,24,USA,D,CONCACAF,17,1850,Mauricio Pochettino,USA,3,270,0,0,270,MID,0,1,0,0,0,1,0.0,30.0,3
330,13,Maximilian Michael Arfsten,DEF,Columbus Crew,5000000,20,2001-04-19,185,1,25,USA,D,CONCACAF,17,1850,Mauricio Pochettino,USA,0,0,3,0,0,DEF,0,0,0,0,0,0,0.0,5.0,3
331,13,Haji Amir Wright,FWD,Coventry City FC,16000000,20,1998-03-27,191,7,28,USA,D,CONCACAF,17,1850,Mauricio Pochettino,USA,0,0,3,0,0,FWD,0,0,0,0,0,0,0.0,16.0,3
332,13,Folarin Jolaoluwa Balogun,FWD,AS Monaco,40000000,28,2001-07-03,179,11,25,USA,D,CONCACAF,17,1850,Mauricio Pochettino,USA,3,270,0,0,270,FWD,2,0,1,0,2,2,0.667,40.0,3
333,13,Timothy Tarpeh Weah,FWD,Olympique Marseille,20000000,52,2000-02-22,183,7,26,USA,D,CONCACAF,17,1850,Mauricio Pochettino,USA,0,0,3,0,0,FWD,0,0,0,0,0,0,0.0,20.0,3
334,13,Mc,DEF,Toulouse FC,7000000,29,1999-02-25,186,0,27,USA,D,CONCACAF,17,1850,Mauricio Pochettino,USA,3,270,0,0,270,DEF,0,0,0,0,0,0,0.0,7.0,3
335,13,Joseph Michael Scally,DEF,Borussia Mönchengladbach,7000000,26,2002-12-31,184,0,23,USA,D,CONCACAF,17,1850,Mauricio Pochettino,USA,0,0,3,0,0,DEF,0,0,0,0,0,0,0.0,7.0,3
336,13,Matthew Andrew Geary Freese,GK,New York City FC,2000000,16,1998-09-02,198,0,27,USA,D,CONCACAF,17,1850,Mauricio Pochettino,USA,0,0,3,0,0,GK,0,0,0,0,0,0,0.0,2.0,3
337,13,Christopher Keith Brady,GK,Chicago Fire FC,2500000,1,2004-03-03,193,0,22,USA,D,CONCACAF,17,1850,Mauricio Pochettino,USA,0,0,3,0,0,GK,0,0,0,0,0,0,0.0,2.5,3
338,13,Alejandro Zendejas,FWD,Club América,10000000,14,1998-02-07,167,2,28,USA,D,CONCACAF,17,1850,Mauricio Pochettino,USA,0,0,3,0,0,FWD,0,0,0,0,0,0,0.0,10.0,3
339,14,Roberto Junior Fernandez,GK,Cerro Porteño,100000,30,1988-03-29,191,0,38,Paraguay,D,CONMEBOL,54,1725,Gustavo Alfaro,PAR,3,270,0,0,270,GK,0,0,0,0,1,0,0.0,0.1,3
340,14,Victor Gustavo Velazquez,DEF,Cerro Porteño,1000000,14,1991-04-17,189,1,35,Paraguay,D,CONMEBOL,54,1725,Gustavo Alfaro,PAR,0,0,3,0,0,DEF,0,0,0,0,0,0,0.0,1.0,3
341,14,Omar Federico Alderete,DEF,Sunderland AFC,13000000,37,1996-12-26,190,3,29,Paraguay,D,CONMEBOL,54,1725,Gustavo Alfaro,PAR,3,270,0,0,270,DEF,0,0,0,0,0,0,0.0,13.0,3
342,14,Juan Jose Caceres,DEF,FC Dynamo Moscow,5000000,18,2000-06-01,187,0,26,Paraguay,D,CONMEBOL,54,1725,Gustavo Alfaro,PAR,3,270,0,0,270,DEF,0,0,0,0,0,0,0.0,5.0,3
343,14,Fabián Cornelio Balbuena,DEF,Grêmio FBPA,900000,47,1991-08-23,188,2,34,Paraguay,D,CONMEBOL,54,1725,Gustavo Alfaro,PAR,0,0,3,0,0,DEF,0,0,0,0,0,0,0.0,0.9,3
344,14,Júnior Osmar Ignacio Alonso,DEF,Atlético Mineiro,1500000,72,1993-02-09,184,3,33,Paraguay,D,CONMEBOL,54,1725,Gustavo Alfaro,PAR,0,0,3,0,0,DEF,0,0,0,0,0,0,0.0,1.5,3
345,14,Ramón Sosa,MID,SE Palmeiras,10000000,30,1999-08-31,178,1,26,Paraguay,D,CONMEBOL,54,1725,Gustavo Alfaro,PAR,3,270,0,0,270,MID,0,0,0,0,0,0,0.0,10.0,3
346,14,Diego Alexander Gomez,MID,Brighton & Hove Albion FC,25000000,25,2003-03-27,183,3,23,Paraguay,D,CONMEBOL,54,1725,Gustavo Alfaro,PAR,3,270,0,0,270,MID,0,0,1,0,0,0,0.0,25.0,3
347,14,Arnaldo Antonio Sanabria,FWD,US Cremonese,1800000,49,1996-03-04,180,7,30,Paraguay,D,CONMEBOL,54,1725,Gustavo Alfaro,PAR,0,0,3,0,0,FWD,0,0,0,0,0,0,0.0,1.8,3
348,14,Miguel Angel Almiron,MID,Atlanta United FC,7000000,77,1994-02-10,178,10,32,Paraguay,D,CONMEBOL,54,1725,Gustavo Alfaro,PAR,3,270,0,0,270,MID,0,0,0,1,0,0,0.0,7.0,3
349,14,Mauricio Mauricio,MID,SE Palmeiras,15000000,4,2001-06-22,175,1,25,Paraguay,D,CONMEBOL,54,1725,Gustavo Alfaro,PAR,3,270,0,0,270,MID,1,0,0,0,0,1,0.333,15.0,3
350,14,Orlando Daniel Gill,GK,CA San Lorenzo,6000000,7,2000-06-11,190,0,26,Paraguay,D,CONMEBOL,54,1725,Gustavo Alfaro,PAR,0,0,3,0,0,GK,0,0,0,0,0,0,0.0,6.0,3
351,14,Jose Maria Canale,DEF,CA Lanús,2200000,2,1996-07-20,192,0,29,Paraguay,D,CONMEBOL,54,1725,Gustavo Alfaro,PAR,0,0,3,0,0,DEF,0,0,0,0,0,0,0.0,2.2,3
352,14,Adrián Andrés Cubas,MID,Vancouver Whitecaps FC,4500000,34,1996-05-11,166,0,30,Paraguay,D,CONMEBOL,54,1725,Gustavo Alfaro,PAR,0,0,3,0,0,MID,0,0,0,0,0,0,0.0,4.5,3
353,14,Gustavo Raul Gomez,DEF,SE Palmeiras,3500000,90,1993-05-06,179,4,33,Paraguay,D,CONMEBOL,54,1725,Gustavo Alfaro,PAR,3,270,0,0,270,DEF,0,0,0,0,0,0,0.0,3.5,3
354,14,Damián Josue Bobadilla,MID,São Paulo FC,6000000,20,2001-07-11,180,1,24,Paraguay,D,CONMEBOL,54,1725,Gustavo Alfaro,PAR,0,0,3,30,30,MID,1,0,0,0,0,1,3.0,6.0,3
355,14,Alejandro Sebastian Romero Gamarra,FWD,Al Ain FC,3500000,35,1995-01-11,165,6,31,Paraguay,D,CONMEBOL,54,1725,Gustavo Alfaro,PAR,0,0,3,0,0,FWD,0,0,0,0,0,0,0.0,3.5,3
356,14,Alex Adrian Arce,FWD,CS Independiente Rivadavia,3500000,16,1995-06-16,188,1,31,Paraguay,D,CONMEBOL,54,1725,Gustavo Alfaro,PAR,0,0,3,0,0,FWD,0,0,0,0,0,0,0.0,3.5,3
357,14,Julio Cesar Enciso,FWD,RC Strasbourg,25000000,33,2004-01-23,168,4,22,Paraguay,D,CONMEBOL,54,1725,Gustavo Alfaro,PAR,3,270,0,0,270,FWD,0,2,0,0,0,2,0.0,25.0,3
358,14,Braian Oscar Ojeda,MID,Orlando City SC,3500000,17,2000-06-27,173,0,26,Paraguay,D,CONMEBOL,54,1725,Gustavo Alfaro,PAR,0,0,3,0,0,MID,0,0,0,0,0,0,0.0,3.5,3
359,14,Gabriel Avalos,FWD,CA Independiente,750000,23,1991-07-09,185,2,34,Paraguay,D,CONMEBOL,54,1725,Gustavo Alfaro,PAR,0,0,3,0,0,FWD,0,0,0,0,0,0,0.0,0.75,3
360,14,Gastón Hernán Olveira,GK,Club Olimpia,1000000,1,1993-04-21,191,0,33,Paraguay,D,CONMEBOL,54,1725,Gustavo Alfaro,PAR,0,0,3,0,0,GK,0,0,0,0,0,0,0.0,1.0,3
361,14,Matias Galarza,MID,Atlanta United FC,3000000,15,2002-02-11,175,3,24,Paraguay,D,CONMEBOL,54,1725,Gustavo Alfaro,PAR,0,0,3,30,30,MID,1,0,0,0,1,1,3.0,3.0,3
362,14,Gustavo Ruben Caballero,MID,Portsmouth FC,400000,2,2001-09-21,189,1,24,Paraguay,D,CONMEBOL,54,1725,Gustavo Alfaro,PAR,0,0,3,0,0,MID,0,0,0,0,0,0,0.0,0.4,3
363,14,Isidro Miguel Pitta,FWD,Red Bull Bragantino,7500000,5,1999-08-14,185,0,26,Paraguay,D,CONMEBOL,54,1725,Gustavo Alfaro,PAR,3,270,0,0,270,FWD,0,0,0,0,0,0,0.0,7.5,3
364,14,Alexandro Maidana,DEF,CA Talleres,2500000,2,2005-07-26,173,1,20,Paraguay,D,CONMEBOL,54,1725,Gustavo Alfaro,PAR,3,270,0,0,270,DEF,0,0,0,0,0,0,0.0,2.5,3
365,15,Mathew David Ryan,GK,Levante UD,1800000,104,1992-04-08,184,0,34,Australia,D,AFC,27,1790,Tony Popovic,AUS,3,270,0,0,270,GK,0,0,0,0,0,0,0.0,1.8,3
366,15,Milos Degenek,DEF,APOEL FC,450000,57,1994-04-28,187,1,32,Australia,D,AFC,27,1790,Tony Popovic,AUS,0,0,3,0,0,DEF,0,0,0,0,0,0,0.0,0.45,3
367,15,Alessandro Circati,DEF,Parma,12000000,14,2003-10-10,191,1,22,Australia,D,AFC,27,1790,Tony Popovic,AUS,3,270,0,0,270,DEF,0,0,1,0,0,0,0.0,12.0,3
368,15,Jacob Michael Italiano,DEF,Grazer AK,600000,6,2001-07-30,177,0,24,Australia,D,AFC,27,1790,Tony Popovic,AUS,0,0,3,30,30,DEF,0,0,1,0,0,0,0.0,0.6,3
369,15,Jordan Jacob Bos,DEF,Feyenoord Rotterdam,12000000,28,2002-10-29,180,4,23,Australia,D,AFC,27,1790,Tony Popovic,AUS,3,270,0,0,270,DEF,0,0,1,0,0,0,0.0,12.0,3
370,15,Jason Kato Geria,DEF,Albirex Niigata,350000,15,1993-05-10,181,0,33,Australia,D,AFC,27,1790,Tony Popovic,AUS,0,0,3,0,0,DEF,0,0,0,0,0,0,0.0,0.35,3
371,15,Mathew Allan Leckie,FWD,Melbourne City FC,300000,81,1991-02-04,181,14,35,Australia,D,AFC,27,1790,Tony Popovic,AUS,0,0,3,0,0,FWD,0,0,0,0,0,0,0.0,0.3,3
372,15,Connor Isaac Metcalfe,MID,FC St. Pauli,1500000,37,1999-11-05,183,2,26,Australia,D,AFC,27,1790,Tony Popovic,AUS,3,270,0,0,270,MID,1,0,0,0,0,1,0.333,1.5,3
373,15,Mohamed Toure,FWD,Norwich City FC,8000000,11,2004-03-26,186,2,22,Australia,D,AFC,27,1790,Tony Popovic,AUS,0,0,3,0,0,FWD,0,0,0,0,0,0,0.0,8.0,3
374,15,Ajdin Hrustic,FWD,SC Heracles Almelo,600000,37,1996-07-05,180,3,30,Australia,D,AFC,27,1790,Tony Popovic,AUS,0,0,3,0,0,FWD,0,0,0,0,0,0,0.0,0.6,3
375,15,Awer Bul Mabil,FWD,CD Castellón,1300000,38,1995-09-15,178,10,30,Australia,D,AFC,27,1790,Tony Popovic,AUS,0,0,3,0,0,FWD,0,0,0,0,0,0,0.0,1.3,3
376,15,Paul David Izzo,GK,Randers FC,500000,4,1995-01-06,184,0,31,Australia,D,AFC,27,1790,Tony Popovic,AUS,0,0,3,0,0,GK,0,0,0,0,0,0,0.0,0.5,3
377,15,Aiden Connor Oneill,MID,New York City FC,3000000,32,1998-07-04,180,0,28,Australia,D,AFC,27,1790,Tony Popovic,AUS,3,270,0,0,270,MID,0,0,0,0,0,0,0.0,3.0,3
378,15,Cameron Peter Devlin,MID,Heart Of Midlothian FC,2000000,5,1998-06-07,170,0,28,Australia,D,AFC,27,1790,Tony Popovic,AUS,3,270,0,0,270,MID,0,0,0,0,0,0,0.0,2.0,3
379,15,Kai Clifton Trewin,DEF,New York City FC,1800000,6,2001-05-18,183,0,25,Australia,D,AFC,27,1790,Tony Popovic,AUS,0,0,3,0,0,DEF,0,0,0,0,0,0,0.0,1.8,3
380,15,Aziz Behich,DEF,Melbourne City FC,250000,85,1990-12-16,170,3,35,Australia,D,AFC,27,1790,Tony Popovic,AUS,0,0,3,0,0,DEF,0,0,0,0,0,0,0.0,0.25,3
381,15,Nestory Irankunda,FWD,Watford FC,8000000,16,2006-02-09,165,6,20,Australia,D,AFC,27,1790,Tony Popovic,AUS,3,270,0,0,270,FWD,1,0,0,0,1,1,0.333,8.0,3
382,15,Patrick Thomas Beach,GK,Melbourne City FC,1000000,3,2003-08-06,189,0,22,Australia,D,AFC,27,1790,Tony Popovic,AUS,0,0,3,0,0,GK,0,0,0,0,0,0,0.0,1.0,3
383,15,Harry James Souttar,DEF,Leicester City FC,6000000,39,1998-10-22,198,11,27,Australia,D,AFC,27,1790,Tony Popovic,AUS,3,270,0,0,270,DEF,0,0,1,0,0,0,0.0,6.0,3
384,15,Cristian Volpato,FWD,US Sassuolo,10000000,1,2003-11-15,187,0,22,Australia,D,AFC,27,1790,Tony Popovic,AUS,3,270,0,0,270,FWD,0,0,0,0,0,0,0.0,10.0,3
385,15,Cameron Robert Burgess,DEF,Swansea City AFC,1500000,28,1995-10-21,194,0,30,Australia,D,AFC,27,1790,Tony Popovic,AUS,0,0,3,30,30,DEF,1,0,0,0,0,1,3.0,1.5,3
386,15,Jackson Alexander Irvine,MID,FC St. Pauli,1000000,83,1993-03-07,189,14,33,Australia,D,AFC,27,1790,Tony Popovic,AUS,0,0,3,30,30,MID,0,0,1,0,0,0,0.0,1.0,3
387,15,Nishan Matthew Velupillay,FWD,Melbourne Victory FC,650000,8,2001-05-07,181,3,25,Australia,D,AFC,27,1790,Tony Popovic,AUS,0,0,3,0,0,FWD,0,0,0,0,0,0,0.0,0.65,3
388,15,Paul Michael Junior Okon-Engstler,MID,Sydney FC,1200000,7,2005-01-24,185,0,21,Australia,D,AFC,27,1790,Tony Popovic,AUS,3,270,0,0,270,MID,0,1,0,0,0,1,0.0,1.2,3
389,15,Lucas Herrington,DEF,Colorado Rapids,4500000,4,2007-09-05,193,0,18,Australia,D,AFC,27,1790,Tony Popovic,AUS,3,270,0,0,270,DEF,0,0,0,0,0,0,0.0,4.5,3
390,15,Tete Owen Yengi,FWD,FC Machida Zelvia,450000,2,2000-11-28,197,1,25,Australia,D,AFC,27,1790,Tony Popovic,AUS,0,0,3,0,0,FWD,0,0,0,0,0,0,0.0,0.45,3
391,16,Fehmi Mert Gunok,GK,Fenerbahçe SK,500000,37,1989-03-01,196,0,37,Türkiye,D,UEFA,26,1780,Vincenzo Montella,TUR,3,270,0,0,270,GK,0,0,0,0,0,0,0.0,0.5,3
392,16,Mehmet Zeki Celik,DEF,AS Roma,14000000,62,1997-02-17,180,3,29,Türkiye,D,UEFA,26,1780,Vincenzo Montella,TUR,3,270,0,0,270,DEF,0,0,0,0,0,0,0.0,14.0,3
393,16,Merih Demiral,DEF,Al Ahli FC,12000000,64,1998-03-05,190,6,28,Türkiye,D,UEFA,26,1780,Vincenzo Montella,TUR,3,270,0,0,270,DEF,0,0,0,0,0,0,0.0,12.0,3
394,16,Ça ğ lar Soyuncu,DEF,Fenerbahçe SK,3500000,60,1996-05-23,185,2,30,Türkiye,D,UEFA,26,1780,Vincenzo Montella,TUR,0,0,3,0,0,DEF,0,0,0,0,0,0,0.0,3.5,3
395,16,Salih Ozcan,MID,Borussia Dortmund,3500000,31,1998-01-11,182,1,28,Türkiye,D,UEFA,26,1780,Vincenzo Montella,TUR,3,270,0,0,270,MID,0,0,0,0,0,0,0.0,3.5,3
396,16,Orkun Kokcu,MID,Be ş ikta ş  JK,25000000,51,2000-12-29,175,4,25,Türkiye,D,UEFA,26,1780,Vincenzo Montella,TUR,3,270,0,0,270,MID,1,0,0,0,0,1,0.333,25.0,3
397,16,Muhammed Kerem Akturkoglu,FWD,Fenerbahçe SK,20000000,53,1998-10-21,172,15,27,Türkiye,D,UEFA,26,1780,Vincenzo Montella,TUR,0,0,3,0,0,FWD,0,0,0,0,0,0,0.0,20.0,3
398,16,Arda Guler,FWD,Real Madrid C. F.,90000000,31,2005-02-25,175,6,21,Türkiye,D,UEFA,26,1780,Vincenzo Montella,TUR,3,270,0,0,270,FWD,1,0,0,0,1,1,0.333,90.0,3
399,16,Deniz Daniel Gul,FWD,FC Porto,5000000,9,2004-07-02,192,2,22,Türkiye,D,UEFA,26,1780,Vincenzo Montella,TUR,0,0,3,0,0,FWD,0,0,0,0,0,0,0.0,5.0,3
400,16,Hakan Calhanoglu,MID,FC Internazionale Milano,16000000,107,1994-02-08,178,22,32,Türkiye,D,UEFA,26,1780,Vincenzo Montella,TUR,3,270,0,0,270,MID,0,0,0,0,0,0,0.0,16.0,3
401,16,Kenan Yildiz,FWD,Juventus FC,75000000,29,2005-05-04,187,5,21,Türkiye,D,UEFA,26,1780,Vincenzo Montella,TUR,3,270,0,0,270,FWD,0,0,0,0,0,0,0.0,75.0,3
402,16,Altay Bayindir,GK,Manchester United FC,5000000,12,1998-04-14,198,0,28,Türkiye,D,UEFA,26,1780,Vincenzo Montella,TUR,0,0,3,0,0,GK,0,0,0,0,0,0,0.0,5.0,3
403,16,Evren Eren Elmali,DEF,Galatasaray SK,5000000,23,2000-07-07,181,0,25,Türkiye,D,UEFA,26,1780,Vincenzo Montella,TUR,0,0,3,30,30,DEF,0,1,0,0,0,1,0.0,5.0,3
404,16,Abdülker Bardakci,DEF,Galatasaray SK,6500000,28,1994-09-07,185,2,31,Türkiye,D,UEFA,26,1780,Vincenzo Montella,TUR,0,0,3,0,0,DEF,0,0,0,0,0,0,0.0,6.5,3
405,16,Ozan Muhammed Kabak,DEF,TSG Hoffenheim,15000000,30,2000-03-25,187,2,26,Türkiye,D,UEFA,26,1780,Vincenzo Montella,TUR,3,270,0,0,270,DEF,0,0,0,0,0,0,0.0,15.0,3
406,16,Ismailİsma Yuksek,MID,Fenerbahçe SK,15000000,33,1999-01-26,183,1,27,Türkiye,D,UEFA,26,1780,Vincenzo Montella,TUR,3,270,0,0,270,MID,0,0,0,0,0,0,0.0,15.0,3
407,16,Can İrfan Kahveci,FWD,Kasımpa ş a SK,3000000,47,1995-07-15,180,6,30,Türkiye,D,UEFA,26,1780,Vincenzo Montella,TUR,0,0,3,0,0,FWD,0,0,0,0,0,0,0.0,3.0,3
408,16,Mert Muldur,DEF,Fenerbahçe SK,7000000,46,1999-04-03,184,3,27,Türkiye,D,UEFA,26,1780,Vincenzo Montella,TUR,0,0,3,0,0,DEF,0,0,0,0,0,0,0.0,7.0,3
409,16,Yunus Akgun,FWD,Galatasaray SK,18000000,20,2000-07-07,173,4,25,Türkiye,D,UEFA,26,1780,Vincenzo Montella,TUR,0,0,3,0,0,FWD,0,0,0,0,0,0,0.0,18.0,3
410,16,Ferdi Erenay Kadioglu,DEF,Brighton & Hove Albion FC,35000000,31,1999-10-07,174,2,26,Türkiye,D,UEFA,26,1780,Vincenzo Montella,TUR,3,270,0,0,270,DEF,0,0,0,0,0,0,0.0,35.0,3
411,16,Barı ş Alper Yilmaz,FWD,Galatasaray SK,30000000,36,2000-05-23,186,4,26,Türkiye,D,UEFA,26,1780,Vincenzo Montella,TUR,0,0,3,0,0,FWD,0,0,0,0,0,0,0.0,30.0,3
412,16,Kaan Ayhan,MID,Galatasaray SK,1500000,73,1994-11-10,185,5,31,Türkiye,D,UEFA,26,1780,Vincenzo Montella,TUR,0,0,3,30,30,MID,1,0,0,0,0,1,3.0,1.5,3
413,16,Ugurcan Cakir,GK,Galatasaray SK,15000000,40,1996-04-05,191,0,30,Türkiye,D,UEFA,26,1780,Vincenzo Montella,TUR,0,0,3,0,0,GK,0,0,0,0,0,0,0.0,15.0,3
414,16,Oguz Aydin,FWD,Fenerbahçe SK,7000000,11,2000-10-27,183,0,25,Türkiye,D,UEFA,26,1780,Vincenzo Montella,TUR,0,0,3,0,0,FWD,0,0,0,0,0,0,0.0,7.0,3
415,16,Samet Akaydin,DEF,Çaykur Rizespor,1200000,19,1994-03-13,190,1,32,Türkiye,D,UEFA,26,1780,Vincenzo Montella,TUR,0,0,3,0,0,DEF,0,0,0,0,0,0,0.0,1.2,3
416,16,Can Yılmaz Uzun,FWD,Eintracht Frankfurt,45000000,6,2005-11-11,186,1,20,Türkiye,D,UEFA,26,1780,Vincenzo Montella,TUR,0,0,3,30,30,FWD,0,1,0,0,0,1,0.0,45.0,3
417,17,Manuel Peter Neuer,GK,FC Bayern München,4000000,125,1986-03-27,193,0,40,Germany,E,UEFA,10,1970,Julian Nagelsmann,GER,3,270,0,0,270,GK,0,0,0,0,0,0,0.0,4.0,3
418,17,Antonio Ruediger,DEF,Real Madrid C. F.,6000000,83,1993-03-03,190,3,33,Germany,E,UEFA,10,1970,Julian Nagelsmann,GER,0,0,3,0,0,DEF,0,0,0,0,0,0,0.0,6.0,3
419,17,Waldemar Anton,DEF,Borussia Dortmund,18000000,14,1996-07-20,189,0,29,Germany,E,UEFA,10,1970,Julian Nagelsmann,GER,0,0,3,0,0,DEF,0,0,0,0,0,0,0.0,18.0,3
420,17,Jonathan Glao Tah,DEF,FC Bayern München,28000000,48,1996-02-11,195,1,30,Germany,E,UEFA,10,1970,Julian Nagelsmann,GER,0,0,3,0,0,DEF,0,0,0,0,0,0,0.0,28.0,3
421,17,Aleksandar Pavlovic,MID,FC Bayern München,90000000,12,2004-05-03,188,1,22,Germany,E,UEFA,10,1970,Julian Nagelsmann,GER,3,270,0,0,270,MID,0,0,0,0,0,0,0.0,90.0,3
422,17,Joshua Walter Kimmich,DEF,FC Bayern München,35000000,111,1995-02-08,177,10,31,Germany,E,UEFA,10,1970,Julian Nagelsmann,GER,3,270,0,0,270,DEF,0,2,0,0,0,2,0.0,35.0,3
423,17,Kai Lukas Havertz,FWD,Arsenal FC,55000000,59,1999-06-11,190,24,27,Germany,E,UEFA,10,1970,Julian Nagelsmann,GER,3,270,0,0,270,FWD,2,0,0,0,1,2,0.667,55.0,3
424,17,Leon Christoph Goretzka,MID,FC Bayern München,12000000,71,1995-02-06,189,15,31,Germany,E,UEFA,10,1970,Julian Nagelsmann,GER,0,0,3,0,0,MID,0,0,0,0,0,0,0.0,12.0,3
425,17,Jamie Jaleel Jeremy Leweling,MID,VfB Stuttgart,40000000,5,2001-02-26,185,1,25,Germany,E,UEFA,10,1970,Julian Nagelsmann,GER,0,0,3,0,0,MID,0,0,0,0,0,0,0.0,40.0,3
426,17,Jamal Musiala,MID,FC Bayern München,100000000,43,2003-02-26,180,10,23,Germany,E,UEFA,10,1970,Julian Nagelsmann,GER,3,270,0,0,270,MID,1,0,0,0,0,1,0.333,100.0,3
427,17,Nick Woltemade,FWD,Newcastle United FC,55000000,11,2002-02-14,198,4,24,Germany,E,UEFA,10,1970,Julian Nagelsmann,GER,3,270,0,0,270,FWD,0,0,0,0,0,0,0.0,55.0,3
428,17,Oliver Baumann,GK,TSG Hoffenheim,2500000,13,1990-06-02,187,0,36,Germany,E,UEFA,10,1970,Julian Nagelsmann,GER,0,0,3,0,0,GK,0,0,0,0,0,0,0.0,2.5,3
429,17,Pascal Alexander GROß GROß Gross,MID,Brighton & Hove Albion FC,2500000,18,1991-06-15,181,1,35,Germany,E,UEFA,10,1970,Julian Nagelsmann,GER,0,0,3,0,0,MID,0,0,0,0,0,0,0.0,2.5,3
430,17,Maximilian Beier,FWD,Borussia Dortmund,40000000,9,2002-10-17,185,0,23,Germany,E,UEFA,10,1970,Julian Nagelsmann,GER,0,0,3,0,0,FWD,0,0,0,0,0,0,0.0,40.0,3
431,17,Nico Cédric Schlotterbeck,DEF,Borussia Dortmund,55000000,28,1999-12-01,191,1,26,Germany,E,UEFA,10,1970,Julian Nagelsmann,GER,3,270,0,0,270,DEF,1,0,0,0,0,1,0.333,55.0,3
432,17,Angelo Nicolas Stiller,MID,VfB Stuttgart,45000000,8,2001-04-04,183,0,25,Germany,E,UEFA,10,1970,Julian Nagelsmann,GER,0,0,3,0,0,MID,0,0,0,0,0,0,0.0,45.0,3
433,17,Florian Richard Wirtz,MID,Liverpool FC,100000000,42,2003-05-03,176,11,23,Germany,E,UEFA,10,1970,Julian Nagelsmann,GER,3,270,0,0,270,MID,0,2,0,0,0,2,0.0,100.0,3
434,17,Nathaniel Christopher Brown,DEF,Eintracht Frankfurt,40000000,6,2003-06-16,176,1,23,Germany,E,UEFA,10,1970,Julian Nagelsmann,GER,3,270,0,0,270,DEF,1,1,0,0,0,2,0.333,40.0,3
435,17,Leroy Aziz Sane,MID,Galatasaray SK,20000000,77,1996-01-11,183,17,30,Germany,E,UEFA,10,1970,Julian Nagelsmann,GER,0,0,3,30,30,MID,1,0,0,0,0,1,3.0,20.0,3
436,17,Nadiem Amiri,MID,1. FSV Mainz 05,17000000,11,1996-10-27,178,1,29,Germany,E,UEFA,10,1970,Julian Nagelsmann,GER,0,0,3,30,30,MID,0,1,0,0,0,1,0.0,17.0,3
437,17,Alexander Nuebel,GK,VfB Stuttgart,12000000,3,1996-09-30,193,0,29,Germany,E,UEFA,10,1970,Julian Nagelsmann,GER,0,0,3,0,0,GK,0,0,0,0,0,0,0.0,12.0,3
438,17,David Raum,DEF,RB Leipzig,25000000,38,1998-04-22,180,1,28,Germany,E,UEFA,10,1970,Julian Nagelsmann,GER,0,0,3,0,0,DEF,0,0,0,0,0,0,0.0,25.0,3
439,17,Felix Kalu Nmecha,MID,Borussia Dortmund,50000000,9,2000-10-10,190,2,25,Germany,E,UEFA,10,1970,Julian Nagelsmann,GER,3,270,0,0,270,MID,1,1,0,0,0,2,0.333,50.0,3
440,17,Malick Thiaw,DEF,Newcastle United FC,45000000,5,2001-08-08,194,0,24,Germany,E,UEFA,10,1970,Julian Nagelsmann,GER,3,270,0,0,270,DEF,0,0,0,0,0,0,0.0,45.0,3
441,17,Forzan Assan Ouedraogo,MID,RB Leipzig,28000000,1,2006-05-09,191,1,20,Germany,E,UEFA,10,1970,Julian Nagelsmann,GER,0,0,3,0,0,MID,0,0,0,0,0,0,0.0,28.0,3
442,17,Deniz Undav,FWD,VfB Stuttgart,22000000,10,1996-07-19,179,7,29,Germany,E,UEFA,10,1970,Julian Nagelsmann,GER,0,0,3,60,60,FWD,3,2,0,0,1,5,4.5,22.0,3
443,18,Eloy Victor Room,GK,Miami FC,200000,73,1989-02-06,190,0,37,Curaçao,E,CONCACAF,82,1520,Dick Advocaat,CUW,3,270,0,0,270,GK,0,0,0,0,1,0,0.0,0.2,3
444,18,Shurandy Ruggerio Sambo,DEF,Sparta Rotterdam,1300000,8,2001-08-19,174,0,24,Curaçao,E,CONCACAF,82,1520,Dick Advocaat,CUW,3,270,0,0,270,DEF,0,0,0,0,0,0,0.0,1.3,3
445,18,Juriën Godfried Juan Gaari,DEF,Abha Club,450000,60,1993-12-23,183,1,32,Curaçao,E,CONCACAF,82,1520,Dick Advocaat,CUW,0,0,3,0,0,DEF,0,0,0,0,0,0,0.0,0.45,3
446,18,Róshón Felix Romar Jordan Van Eijma,DEF,RKC Waalwijk,375000,28,1998-06-09,186,1,28,Curaçao,E,CONCACAF,82,1520,Dick Advocaat,CUW,0,0,3,0,0,DEF,0,0,0,0,0,0,0.0,0.38,3
447,18,Sherel Constancio Floranus,DEF,PEC Zwolle,800000,28,1998-08-23,181,0,27,Curaçao,E,CONCACAF,82,1520,Dick Advocaat,CUW,0,0,3,0,0,DEF,0,0,0,0,0,0,0.0,0.8,3
448,18,Godfried Roemeratoe,MID,RKC Waalwijk,400000,29,1999-08-19,178,1,26,Curaçao,E,CONCACAF,82,1520,Dick Advocaat,CUW,0,0,3,0,0,MID,0,0,0,0,0,0,0.0,0.4,3
449,18,Juninho Gracielo Bacuna,MID,FC Volendam,1700000,51,1997-08-07,178,14,28,Curaçao,E,CONCACAF,82,1520,Dick Advocaat,CUW,3,270,0,0,270,MID,0,0,0,0,0,0,0.0,1.7,3
450,18,Livano Shyron Liomar Comenencia,MID,FC Zürich,500000,21,2004-02-03,185,3,22,Curaçao,E,CONCACAF,82,1520,Dick Advocaat,CUW,0,0,3,30,30,MID,1,0,0,0,0,1,3.0,0.5,3
451,18,Jürgen Leonardo Locadia,FWD,Miami FC,1800000,14,1993-11-07,193,1,32,Curaçao,E,CONCACAF,82,1520,Dick Advocaat,CUW,3,270,0,0,270,FWD,0,0,0,0,0,0,0.0,1.8,3
452,18,Leandro Jones Johan Bacuna,MID,I ğ dır FK,900000,73,1991-08-21,180,16,34,Curaçao,E,CONCACAF,82,1520,Dick Advocaat,CUW,3,270,0,0,270,MID,0,0,0,0,0,0,0.0,0.9,3
453,18,Jeremy Cornelis Jacobus Antonisse,FWD,AE Kifisia FC,800000,28,2002-03-29,164,4,24,Curaçao,E,CONCACAF,82,1520,Dick Advocaat,CUW,0,0,3,0,0,FWD,0,0,0,0,0,0,0.0,0.8,3
454,18,Juniffer Naigelino Hansen,FWD,Middlesbrough FC,3000000,7,2002-05-18,176,1,24,Curaçao,E,CONCACAF,82,1520,Dick Advocaat,CUW,3,270,0,0,270,FWD,0,0,0,0,0,0,0.0,3.0,3
455,18,Tyrese Yurvencey Noslin,FWD,SC Telstar,750000,7,2002-09-11,182,1,23,Curaçao,E,CONCACAF,82,1520,Dick Advocaat,CUW,0,0,3,0,0,FWD,0,0,0,0,0,0,0.0,0.75,3
456,18,Kenji Joël Gorre,FWD,Maccabi Haifa FC,800000,38,1994-09-29,174,6,31,Curaçao,E,CONCACAF,82,1520,Dick Advocaat,CUW,0,0,3,0,0,FWD,0,0,0,0,0,0,0.0,0.8,3
457,18,Jainel Archenir Martha,MID,Rotherham United FC,1200000,9,2003-09-04,180,2,22,Curaçao,E,CONCACAF,82,1520,Dick Advocaat,CUW,3,270,0,0,270,MID,0,0,0,0,0,0,0.0,1.2,3
458,18,Jearl Erwin Margaritha,FWD,SK Beveren,1500000,23,2000-04-10,181,5,26,Curaçao,E,CONCACAF,82,1520,Dick Advocaat,CUW,0,0,3,0,0,FWD,0,0,0,0,0,0,0.0,1.5,3
459,18,Brandley Mack-Olien Kuwas,FWD,FC Volendam,250000,36,1992-09-19,181,2,33,Curaçao,E,CONCACAF,82,1520,Dick Advocaat,CUW,0,0,3,0,0,FWD,0,0,0,0,0,0,0.0,0.25,3
460,18,Armando Maria Obispo,DEF,PSV Eindhoven,4000000,7,1999-03-05,185,0,27,Curaçao,E,CONCACAF,82,1520,Dick Advocaat,CUW,3,270,0,0,270,DEF,0,0,0,0,0,0,0.0,4.0,3
461,18,Gervane Zjandric Adonnis Kastaneer,FWD,Terengganu FC,200000,30,1996-06-09,189,9,30,Curaçao,E,CONCACAF,82,1520,Dick Advocaat,CUW,0,0,3,30,30,FWD,0,0,1,0,0,0,0.0,0.2,3
462,18,Joshua Benjamin Brenet,DEF,Kayserispor,1000000,18,1994-03-20,181,2,32,Curaçao,E,CONCACAF,82,1520,Dick Advocaat,CUW,0,0,3,0,0,DEF,0,0,0,0,0,0,0.0,1.0,3
463,18,Tahith Jose Girigorio Djorkaef Chong,MID,Shefield United FC,6000000,7,1999-12-04,185,3,26,Curaçao,E,CONCACAF,82,1520,Dick Advocaat,CUW,3,270,0,0,270,MID,0,0,0,0,0,0,0.0,6.0,3
464,18,Kevin Antonio Felida,MID,FC Den Bosch,350000,19,1999-11-11,174,1,26,Curaçao,E,CONCACAF,82,1520,Dick Advocaat,CUW,0,0,3,0,0,MID,0,0,0,0,0,0,0.0,0.35,3
465,18,Riechedly Guillermo Bazoer,DEF,Konyaspor,1500000,6,1996-10-12,184,0,29,Curaçao,E,CONCACAF,82,1520,Dick Advocaat,CUW,3,270,0,0,270,DEF,0,0,0,0,0,0,0.0,1.5,3
466,18,Deveron Lenny Fonville,DEF,NEC Nijmegen,1500000,3,2003-05-16,188,0,23,Curaçao,E,CONCACAF,82,1520,Dick Advocaat,CUW,3,270,0,0,270,DEF,0,0,0,0,0,0,0.0,1.5,3
467,18,Tyrick Jeremy Bodak,GK,SC Telstar,25000,4,2002-05-15,190,0,24,Curaçao,E,CONCACAF,82,1520,Dick Advocaat,CUW,0,0,3,0,0,GK,0,0,0,0,0,0,0.0,0.02,3
468,18,Trevor Irving Doornbusch,GK,VVV Venlo,100000,8,1999-07-06,188,0,27,Curaçao,E,CONCACAF,82,1520,Dick Advocaat,CUW,0,0,3,0,0,GK,0,0,0,0,0,0,0.0,0.1,3
469,19,Yahia Fofana,GK,Çaykur Rizespor,5000000,37,2000-08-21,194,0,25,Côte d'Ivoire,E,CAF,38,1750,Emerse Faé,CIV,3,270,0,0,270,GK,0,0,0,0,0,0,0.0,5.0,3
470,19,Ousmane Diomande,DEF,Sporting CP,42000000,16,2003-12-04,190,1,22,Côte d'Ivoire,E,CAF,38,1750,Emerse Faé,CIV,3,270,0,0,270,DEF,0,0,0,0,0,0,0.0,42.0,3
471,19,N'clomande Ghislain Konan,DEF,Gil Vicente FC,3000000,55,1995-12-27,176,0,30,Côte d'Ivoire,E,CAF,38,1750,Emerse Faé,CIV,0,0,3,0,0,DEF,0,0,0,0,0,0,0.0,3.0,3
472,19,Jean Michael Seri,MID,NK Maribor,1500000,65,1991-07-19,168,4,34,Côte d'Ivoire,E,CAF,38,1750,Emerse Faé,CIV,0,0,3,0,0,MID,0,0,0,0,0,0,0.0,1.5,3
473,19,Wilfried Stephane Singo,DEF,Galatasaray SK,23000000,36,2000-12-25,182,1,25,Côte d'Ivoire,E,CAF,38,1750,Emerse Faé,CIV,3,270,0,0,270,DEF,0,1,0,0,0,1,0.0,23.0,3
474,19,Seko Mohamed Fofana,MID,FC Porto,8000000,33,1995-05-07,185,7,31,Côte d'Ivoire,E,CAF,38,1750,Emerse Faé,CIV,3,270,0,0,270,MID,0,0,0,0,0,0,0.0,8.0,3
475,19,Odilon Dorgeless Kossounou,DEF,Atalanta Bergamo,15000000,37,2001-01-04,191,0,25,Côte d'Ivoire,E,CAF,38,1750,Emerse Faé,CIV,0,0,3,0,0,DEF,0,0,0,0,0,0,0.0,15.0,3
476,19,Franck Yannick Kessie,MID,Al Ahli FC,12000000,105,1996-12-19,183,15,29,Côte d'Ivoire,E,CAF,38,1750,Emerse Faé,CIV,3,270,0,0,270,MID,1,0,0,0,0,1,0.333,12.0,3
477,19,Ange-Yoan Laurent Bonny,FWD,FC Internazionale Milano,35000000,2,2003-10-25,189,0,22,Côte d'Ivoire,E,CAF,38,1750,Emerse Faé,CIV,0,0,3,0,0,FWD,0,0,0,0,0,0,0.0,35.0,3
478,19,Simon Adingra,FWD,AS Monaco,22000000,29,2002-01-01,175,5,24,Côte d'Ivoire,E,CAF,38,1750,Emerse Faé,CIV,0,0,3,0,0,FWD,0,0,0,0,0,0,0.0,22.0,3
479,19,Yan Diomande,FWD,RB Leipzig,90000000,11,2006-11-14,180,3,19,Côte d'Ivoire,E,CAF,38,1750,Emerse Faé,CIV,3,270,0,0,270,FWD,0,1,0,0,1,1,0.0,90.0,3
480,19,Elye Delmas Wahi,FWD,OGC Nice,18000000,3,2003-01-02,181,0,23,Côte d'Ivoire,E,CAF,38,1750,Emerse Faé,CIV,0,0,3,0,0,FWD,0,0,0,0,0,0,0.0,18.0,3
481,19,Christopher Tea Domoraud Operi,DEF,Ba ş ak ş ehir FK,4000000,12,1997-04-29,183,0,29,Côte d'Ivoire,E,CAF,38,1750,Emerse Faé,CIV,0,0,3,0,0,DEF,0,0,0,0,0,0,0.0,4.0,3
482,19,Oumar Diakite,FWD,Cercle Brugge,5000000,29,2003-12-20,182,6,22,Côte d'Ivoire,E,CAF,38,1750,Emerse Faé,CIV,0,0,3,0,0,FWD,0,0,0,0,0,0,0.0,5.0,3
483,19,Amad Diallo,FWD,Manchester United FC,45000000,20,2002-07-11,173,7,23,Côte d'Ivoire,E,CAF,38,1750,Emerse Faé,CIV,3,270,0,0,270,FWD,1,0,0,0,0,1,0.333,45.0,3
484,19,Mohamed Kone,GK,Sporting Charleroi,2000000,0,2002-03-07,186,0,24,Côte d'Ivoire,E,CAF,38,1750,Emerse Faé,CIV,0,0,3,0,0,GK,0,0,0,0,0,0,0.0,2.0,3
485,19,Guela Maho-Lewis Doue,DEF,RC Strasbourg,20000000,21,2002-10-17,187,3,23,Côte d'Ivoire,E,CAF,38,1750,Emerse Faé,CIV,3,270,0,0,270,DEF,0,0,0,0,0,0,0.0,20.0,3
486,19,Ibrahim Sangare,MID,Nottingham Forest FC,20000000,56,1997-12-02,191,11,28,Côte d'Ivoire,E,CAF,38,1750,Emerse Faé,CIV,3,270,0,0,270,MID,0,0,0,0,0,0,0.0,20.0,3
487,19,Nicolas Pepe,FWD,Villarreal CF,6000000,57,1995-05-29,183,12,31,Côte d'Ivoire,E,CAF,38,1750,Emerse Faé,CIV,0,0,3,30,30,FWD,2,0,0,0,1,2,6.0,6.0,3
488,19,Emmanuel Elysee Djedje Agbadou,DEF,Be ş ikta ş  JK,16000000,22,1997-06-17,185,2,29,Côte d'Ivoire,E,CAF,38,1750,Emerse Faé,CIV,0,0,3,0,0,DEF,0,0,0,0,0,0,0.0,16.0,3
489,19,Obite Evan Ndicka,DEF,AS Roma,35000000,29,1999-08-20,192,0,26,Côte d'Ivoire,E,CAF,38,1750,Emerse Faé,CIV,3,270,0,0,270,DEF,0,0,0,0,0,0,0.0,35.0,3
490,19,Evann Ludovic Vidjannagni Guessand,FWD,Crystal Palace FC,25000000,21,2001-07-01,188,4,25,Côte d'Ivoire,E,CAF,38,1750,Emerse Faé,CIV,0,0,3,0,0,FWD,0,0,0,0,0,0,0.0,25.0,3
491,19,Alban-Marc Lafont,GK,Panathinaikos FC,3000000,4,1999-01-23,196,0,27,Côte d'Ivoire,E,CAF,38,1750,Emerse Faé,CIV,0,0,3,0,0,GK,0,0,0,0,0,0,0.0,3.0,3
492,19,Bazoumana Toure,FWD,TSG Hoffenheim,40000000,7,2006-03-02,178,2,20,Côte d'Ivoire,E,CAF,38,1750,Emerse Faé,CIV,0,0,3,0,0,FWD,0,0,0,0,0,0,0.0,40.0,3
493,19,Parfait Guiagon,MID,Sporting Charleroi,5000000,5,2001-02-22,165,0,25,Côte d'Ivoire,E,CAF,38,1750,Emerse Faé,CIV,0,0,3,0,0,MID,0,0,0,0,0,0,0.0,5.0,3
494,19,Christ Ravynel Inao Oulai,MID,Trabzonspor,23000000,10,2006-04-06,173,0,20,Côte d'Ivoire,E,CAF,38,1750,Emerse Faé,CIV,3,270,0,0,270,MID,0,0,0,0,0,0,0.0,23.0,3
495,20,Hernán Ismael Galindez,GK,CA Huracán,300000,36,1987-03-30,189,0,39,Ecuador,E,CONMEBOL,23,1870,Sebastián Beccacece,ECU,3,270,0,0,270,GK,0,0,0,0,0,0,0.0,0.3,3
496,20,Félix Eduardo Torres,DEF,SC Internacional,1000000,49,1997-01-11,187,5,29,Ecuador,E,CONMEBOL,23,1870,Sebastián Beccacece,ECU,0,0,3,0,0,DEF,0,0,0,0,0,0,0.0,1.0,3
497,20,Piero Martin Hincapie,DEF,Arsenal FC,50000000,53,2002-01-09,183,2,24,Ecuador,E,CONMEBOL,23,1870,Sebastián Beccacece,ECU,3,270,0,0,270,DEF,0,0,0,0,0,0,0.0,50.0,3
498,20,Joel Leandro Ordonez,DEF,Club Brugge,33000000,18,2004-04-21,188,0,22,Ecuador,E,CONMEBOL,23,1870,Sebastián Beccacece,ECU,3,270,0,0,270,DEF,0,0,0,0,0,0,0.0,33.0,3
499,20,Jordy Jose Alcivar,MID,Independiente Del Valle,2500000,11,1999-08-05,168,1,26,Ecuador,E,CONMEBOL,23,1870,Sebastián Beccacece,ECU,0,0,3,0,0,MID,0,0,0,0,0,0,0.0,2.5,3
500,20,Willian Joel Pacho,DEF,Paris Saint-Germain,80000000,35,2001-10-16,188,2,24,Ecuador,E,CONMEBOL,23,1870,Sebastián Beccacece,ECU,3,270,0,0,270,DEF,0,0,0,0,0,0,0.0,80.0,3
501,20,Pervis Josue Estupinan,DEF,AC Milan,12000000,54,1998-01-21,175,5,28,Ecuador,E,CONMEBOL,23,1870,Sebastián Beccacece,ECU,3,270,0,0,270,DEF,0,0,0,0,0,0,0.0,12.0,3
502,20,Anthony Lenin Valencia,MID,Royal Antwerp FC,1800000,3,2003-07-21,173,1,22,Ecuador,E,CONMEBOL,23,1870,Sebastián Beccacece,ECU,0,0,3,0,0,MID,0,0,0,0,0,0,0.0,1.8,3
503,20,John Yeboah,FWD,Venezia FC,1500000,23,2000-06-23,170,3,26,Ecuador,E,CONMEBOL,23,1870,Sebastián Beccacece,ECU,0,0,3,0,0,FWD,0,0,0,0,0,0,0.0,1.5,3
504,20,Ray Kendry Paez,MID,CA River Plate,8000000,26,2007-05-04,178,2,19,Ecuador,E,CONMEBOL,23,1870,Sebastián Beccacece,ECU,3,270,0,0,270,MID,0,0,0,0,0,0,0.0,8.0,3
505,20,Kevin Jose Rodriguez,FWD,Royale Union Saint-Gilloise,6000000,32,2000-03-04,190,2,26,Ecuador,E,CONMEBOL,23,1870,Sebastián Beccacece,ECU,0,0,3,0,0,FWD,0,0,0,0,0,0,0.0,6.0,3
506,20,Wellington Moisés Ramirez,GK,AE Kifisia FC,800000,7,2000-09-09,185,0,25,Ecuador,E,CONMEBOL,23,1870,Sebastián Beccacece,ECU,0,0,3,0,0,GK,0,0,0,0,0,0,0.0,0.8,3
507,20,Enner Remberto Valencia,FWD,CF Pachuca,1000000,106,1989-11-04,177,49,36,Ecuador,E,CONMEBOL,23,1870,Sebastián Beccacece,ECU,0,0,3,0,0,FWD,0,0,0,0,0,0,0.0,1.0,3
508,20,Alan Steve Minda,MID,Atlético Mineiro,3000000,21,2003-05-14,174,2,23,Ecuador,E,CONMEBOL,23,1870,Sebastián Beccacece,ECU,0,0,3,0,0,MID,0,0,0,0,0,0,0.0,3.0,3
509,20,Pedro Jeampierre Vite,MID,Pumas UNAM,6000000,18,2002-03-09,172,1,24,Ecuador,E,CONMEBOL,23,1870,Sebastián Beccacece,ECU,3,270,0,0,270,MID,0,1,0,0,0,1,0.0,6.0,3
510,20,Jordy Josue Caicedo,FWD,CA Huracán,2000000,20,1997-11-18,186,4,28,Ecuador,E,CONMEBOL,23,1870,Sebastián Beccacece,ECU,0,0,3,0,0,FWD,0,0,0,0,0,0,0.0,2.0,3
511,20,Ángelo Smit Preciado,DEF,Atlético Mineiro,3500000,57,1998-02-18,174,0,28,Ecuador,E,CONMEBOL,23,1870,Sebastián Beccacece,ECU,0,0,3,0,0,DEF,0,0,0,0,0,0,0.0,3.5,3
512,20,Denil Daniel Castillo,MID,FC Midtjylland,7000000,5,2004-03-24,189,0,22,Ecuador,E,CONMEBOL,23,1870,Sebastián Beccacece,ECU,3,270,0,0,270,MID,0,0,0,0,0,0,0.0,7.0,3
513,20,Gonzalo Jordy Plata,FWD,CR Flamengo,9000000,51,2000-11-01,178,8,25,Ecuador,E,CONMEBOL,23,1870,Sebastián Beccacece,ECU,3,270,0,0,270,FWD,1,0,0,0,0,1,0.333,9.0,3
514,20,Nilson David Angulo,FWD,Sunderland AFC,17000000,15,2003-06-19,184,2,23,Ecuador,E,CONMEBOL,23,1870,Sebastián Beccacece,ECU,3,270,0,0,270,FWD,1,0,0,0,1,1,0.333,17.0,3
515,20,Alan Steven Franco,MID,Atlético Mineiro,4500000,59,1998-08-21,175,1,27,Ecuador,E,CONMEBOL,23,1870,Sebastián Beccacece,ECU,0,0,3,0,0,MID,0,0,0,0,0,0,0.0,4.5,3
516,20,Gonzalo Roberto Valle,GK,LDU Quito,350000,4,1996-02-28,186,0,30,Ecuador,E,CONMEBOL,23,1870,Sebastián Beccacece,ECU,0,0,3,0,0,GK,0,0,0,0,0,0,0.0,0.35,3
517,20,Moisés Isaac Caicedo,MID,Chelsea FC,100000000,62,2001-11-02,178,3,24,Ecuador,E,CONMEBOL,23,1870,Sebastián Beccacece,ECU,3,270,0,0,270,MID,0,1,0,0,0,1,0.0,100.0,3
518,20,Jeremy Alberto Arevalo,FWD,VfB Stuttgart,7000000,4,2005-03-19,182,0,21,Ecuador,E,CONMEBOL,23,1870,Sebastián Beccacece,ECU,0,0,3,0,0,FWD,0,0,0,0,0,0,0.0,7.0,3
519,20,Jackson Gabriel Porozo,DEF,Club Tijuana,2500000,10,2000-08-04,192,1,25,Ecuador,E,CONMEBOL,23,1870,Sebastián Beccacece,ECU,0,0,3,0,0,DEF,0,0,0,0,0,0,0.0,2.5,3
520,20,Yaimar Abel Medina,DEF,KRC Genk,4000000,6,2004-11-05,173,0,21,Ecuador,E,CONMEBOL,23,1870,Sebastián Beccacece,ECU,0,0,3,0,0,DEF,0,0,0,0,0,0,0.0,4.0,3
521,21,Bart Verbruggen,GK,Brighton & Hove Albion FC,40000000,30,2002-08-18,193,0,23,Netherlands,F,UEFA,8,1980,Ronald Koeman,NED,3,270,0,0,270,GK,0,0,0,0,0,0,0.0,40.0,3
522,21,Lutsharel Emiliano Geertruida,DEF,Sunderland AFC,20000000,21,2000-07-18,185,0,25,Netherlands,F,UEFA,8,1980,Ronald Koeman,NED,0,0,3,0,0,DEF,0,0,0,0,0,0,0.0,20.0,3
523,21,Marten Elco De Roon,MID,Atalanta Bergamo,3200000,43,1991-03-29,186,1,35,Netherlands,F,UEFA,8,1980,Ronald Koeman,NED,0,0,3,0,0,MID,0,0,0,0,0,0,0.0,3.2,3
524,21,Virgil Van Dijk,DEF,Liverpool FC,15000000,93,1991-07-08,195,13,35,Netherlands,F,UEFA,8,1980,Ronald Koeman,NED,0,0,3,30,30,DEF,1,0,0,0,1,1,3.0,15.0,3
525,21,Nathan Benjamin Ake,DEF,Manchester City FC,12000000,60,1995-02-18,180,5,31,Netherlands,F,UEFA,8,1980,Ronald Koeman,NED,0,0,3,0,0,DEF,0,0,0,0,0,0,0.0,12.0,3
526,21,Paul Jan-Paul Van Hecke,DEF,Brighton & Hove Albion FC,45000000,13,2000-06-08,189,0,26,Netherlands,F,UEFA,8,1980,Ronald Koeman,NED,3,270,0,0,270,DEF,1,0,0,0,0,1,0.333,45.0,3
527,21,Justin Dean Kluivert,MID,AFC Bournemouth,25000000,12,1999-05-05,173,0,27,Netherlands,F,UEFA,8,1980,Ronald Koeman,NED,3,270,0,0,270,MID,0,0,0,0,0,0,0.0,25.0,3
528,21,Ryan Jiro Gravenberch,MID,Liverpool FC,80000000,28,2002-05-16,190,1,24,Netherlands,F,UEFA,8,1980,Ronald Koeman,NED,3,270,0,0,270,MID,0,2,0,0,0,2,0.0,80.0,3
529,21,Wout François Maria Weghorst,FWD,AFC Ajax,2000000,52,1992-08-07,197,14,33,Netherlands,F,UEFA,8,1980,Ronald Koeman,NED,0,0,3,0,0,FWD,0,0,0,0,0,0,0.0,2.0,3
530,21,Memphis Depay,FWD,SC Corinthians,7000000,110,1994-02-13,178,55,32,Netherlands,F,UEFA,8,1980,Ronald Koeman,NED,0,0,3,30,30,FWD,0,1,0,0,0,1,0.0,7.0,3
531,21,Cody Mathès Gakpo,FWD,Liverpool FC,60000000,51,1999-05-07,193,21,27,Netherlands,F,UEFA,8,1980,Ronald Koeman,NED,3,270,0,0,270,FWD,2,1,0,0,1,3,0.667,60.0,3
532,21,Mats Henrik Berne Wieffer,DEF,Brighton & Hove Albion FC,25000000,15,1999-11-16,189,1,26,Netherlands,F,UEFA,8,1980,Ronald Koeman,NED,0,0,3,0,0,DEF,0,0,0,0,0,0,0.0,25.0,3
533,21,Robin Gerardus Petrus Roefs,GK,Sunderland AFC,28000000,1,2003-01-17,193,0,23,Netherlands,F,UEFA,8,1980,Ronald Koeman,NED,0,0,3,0,0,GK,0,0,0,0,0,0,0.0,28.0,3
534,21,Tijjani Martinus Jan Reijnders,MID,Manchester City FC,50000000,33,1998-07-29,178,7,27,Netherlands,F,UEFA,8,1980,Ronald Koeman,NED,3,270,0,0,270,MID,0,0,0,0,0,0,0.0,50.0,3
535,21,Micky Van De Ven,DEF,Tottenham Hotspur FC,50000000,22,2001-04-19,193,1,25,Netherlands,F,UEFA,8,1980,Ronald Koeman,NED,3,270,0,0,270,DEF,0,0,0,0,0,0,0.0,50.0,3
536,21,Guus Berend Til,MID,PSV Eindhoven,15000000,7,1997-12-22,188,1,28,Netherlands,F,UEFA,8,1980,Ronald Koeman,NED,0,0,3,0,0,MID,0,0,0,0,0,0,0.0,15.0,3
537,21,Noa Noëll Lang,FWD,Galatasaray SK,22000000,15,1999-06-17,176,3,27,Netherlands,F,UEFA,8,1980,Ronald Koeman,NED,0,0,3,0,0,FWD,0,0,0,0,0,0,0.0,22.0,3
538,21,Donyell Malen,FWD,AS Roma,45000000,54,1999-01-19,178,13,27,Netherlands,F,UEFA,8,1980,Ronald Koeman,NED,3,270,0,0,270,FWD,0,0,0,0,0,0,0.0,45.0,3
539,21,Brian Ebenezer Adjei Brobbey,FWD,Sunderland AFC,30000000,13,2002-02-01,181,1,24,Netherlands,F,UEFA,8,1980,Ronald Koeman,NED,0,0,3,60,60,FWD,3,0,0,0,1,3,4.5,30.0,3
540,21,Teun Koopmeiners,MID,Juventus FC,14000000,29,1998-02-28,185,3,28,Netherlands,F,UEFA,8,1980,Ronald Koeman,NED,0,0,3,0,0,MID,0,0,0,0,0,0,0.0,14.0,3
541,21,Frenkie De Jong,MID,FC Barcelona,35000000,67,1997-05-12,181,2,29,Netherlands,F,UEFA,8,1980,Ronald Koeman,NED,3,270,0,0,270,MID,0,0,0,0,0,0,0.0,35.0,3
542,21,Denzel Justus Morris Dumfries,DEF,FC Internazionale Milano,25000000,73,1996-04-18,188,11,30,Netherlands,F,UEFA,8,1980,Ronald Koeman,NED,3,270,0,0,270,DEF,0,2,0,0,0,2,0.0,25.0,3
543,21,Mark Maria Hubertus Flekken,GK,Bayer 04 Leverkusen,6000000,12,1993-06-13,195,0,33,Netherlands,F,UEFA,8,1980,Ronald Koeman,NED,0,0,3,0,0,GK,0,0,0,0,0,0,0.0,6.0,3
544,21,Crysencio Jilbert Sylverio Cir Summerville,FWD,West Ham United FC,35000000,3,2001-10-30,172,1,24,Netherlands,F,UEFA,8,1980,Ronald Koeman,NED,0,0,3,60,60,FWD,2,1,0,0,0,3,3.0,35.0,3
545,21,Jorrel Evan Hato,DEF,Chelsea FC,40000000,8,2006-03-07,182,0,20,Netherlands,F,UEFA,8,1980,Ronald Koeman,NED,3,270,0,0,270,DEF,0,0,0,0,0,0,0.0,40.0,3
546,21,Quinten Ryan Crispito Timber,MID,Olympique Marseille,25000000,12,2001-06-17,176,1,25,Netherlands,F,UEFA,8,1980,Ronald Koeman,NED,0,0,3,0,0,MID,0,0,0,0,0,0,0.0,25.0,3
547,22,Zion Suzuki,GK,Parma,20000000,26,2002-08-21,190,0,23,Japan,F,AFC,18,1880,Hajime Moriyasu,JPN,3,270,0,0,270,GK,0,0,0,0,0,0,0.0,20.0,3
548,22,Yukinari Sugawara,DEF,SV Werder Bremen,5500000,23,2000-06-28,179,2,26,Japan,F,AFC,18,1880,Hajime Moriyasu,JPN,3,270,0,0,270,DEF,0,0,0,0,0,0,0.0,5.5,3
549,22,Shogo Taniguchi,DEF,Sint-Truiden VV,750000,40,1991-07-15,185,1,34,Japan,F,AFC,18,1880,Hajime Moriyasu,JPN,0,0,3,0,0,DEF,0,0,0,0,0,0,0.0,0.75,3
550,22,Kou Itakura,DEF,AFC Ajax,8000000,41,1997-01-27,188,3,29,Japan,F,AFC,18,1880,Hajime Moriyasu,JPN,3,270,0,0,270,DEF,0,0,0,0,0,0,0.0,8.0,3
551,22,Yuto Nagatomo,DEF,FC Tokyo,100000,145,1986-09-12,170,4,39,Japan,F,AFC,18,1880,Hajime Moriyasu,JPN,0,0,3,0,0,DEF,0,0,0,0,0,0,0.0,0.1,3
552,22,Shuto Machino,FWD,Borussia Mönchengladbach,4000000,14,1999-09-30,185,5,26,Japan,F,AFC,18,1880,Hajime Moriyasu,JPN,0,0,3,0,0,FWD,0,0,0,0,0,0,0.0,4.0,3
553,22,Ao Tanaka,MID,Leeds United FC,13000000,38,1998-09-10,180,8,27,Japan,F,AFC,18,1880,Hajime Moriyasu,JPN,0,0,3,0,0,MID,0,0,0,0,0,0,0.0,13.0,3
554,22,Takefusa Kubo,MID,Real Sociedad,20000000,50,2001-06-04,173,7,25,Japan,F,AFC,18,1880,Hajime Moriyasu,JPN,3,270,0,0,270,MID,0,1,0,0,0,1,0.0,20.0,3
555,22,Keisuke Goto,FWD,Sint-Truiden VV,10000000,4,2005-06-03,191,0,21,Japan,F,AFC,18,1880,Hajime Moriyasu,JPN,3,270,0,0,270,FWD,0,0,0,0,0,0,0.0,10.0,3
556,22,Ritsu Doan,MID,Eintracht Frankfurt,17000000,67,1998-06-16,172,11,28,Japan,F,AFC,18,1880,Hajime Moriyasu,JPN,3,270,0,0,270,MID,0,0,0,0,0,0,0.0,17.0,3
557,22,Daizen Maeda,MID,Celtic FC,13000000,29,1997-10-20,173,5,28,Japan,F,AFC,18,1880,Hajime Moriyasu,JPN,0,0,3,30,30,MID,1,0,0,0,1,1,3.0,13.0,3
558,22,Keisuke Osako,GK,Sanfrecce Hiroshima,2000000,11,1999-07-28,188,0,26,Japan,F,AFC,18,1880,Hajime Moriyasu,JPN,0,0,3,0,0,GK,0,0,0,0,0,0,0.0,2.0,3
559,22,Keito Nakamura,MID,Stade Reims,10000000,27,2000-07-28,180,12,25,Japan,F,AFC,18,1880,Hajime Moriyasu,JPN,0,0,3,60,60,MID,1,2,0,0,0,3,1.5,10.0,3
560,22,Junya Ito,MID,KRC Genk,3000000,70,1993-03-09,177,15,33,Japan,F,AFC,18,1880,Hajime Moriyasu,JPN,0,0,3,30,30,MID,1,0,0,0,0,1,3.0,3.0,3
561,22,Daichi Kamada,MID,Crystal Palace FC,10000000,50,1996-08-05,180,13,29,Japan,F,AFC,18,1880,Hajime Moriyasu,JPN,0,0,3,60,60,MID,2,0,0,0,0,2,3.0,10.0,3
562,22,Tsuyoshi Watanabe,DEF,Feyenoord Rotterdam,10000000,13,1997-02-05,184,0,29,Japan,F,AFC,18,1880,Hajime Moriyasu,JPN,3,270,0,0,270,DEF,0,0,0,0,0,0,0.0,10.0,3
563,22,Yuito Suzuki,MID,SC Freiburg,24000000,6,2001-10-25,175,0,24,Japan,F,AFC,18,1880,Hajime Moriyasu,JPN,3,270,0,0,270,MID,0,0,0,0,0,0,0.0,24.0,3
564,22,Ayase Ueda,FWD,Feyenoord Rotterdam,17000000,41,1998-08-28,182,16,27,Japan,F,AFC,18,1880,Hajime Moriyasu,JPN,3,270,0,0,270,FWD,2,1,0,0,1,3,0.667,17.0,3
565,22,Koki Ogawa,FWD,NEC Nijmegen,2000000,16,1997-08-08,186,11,28,Japan,F,AFC,18,1880,Hajime Moriyasu,JPN,0,0,3,30,30,FWD,0,1,0,0,0,1,0.0,2.0,3
566,22,Ayumu Seko,DEF,Le Havre AC,5000000,14,2000-06-07,186,0,26,Japan,F,AFC,18,1880,Hajime Moriyasu,JPN,0,0,3,0,0,DEF,0,0,0,0,0,0,0.0,5.0,3
567,22,Hiroki Ito,DEF,FC Bayern München,18000000,26,1999-05-12,188,1,27,Japan,F,AFC,18,1880,Hajime Moriyasu,JPN,3,270,0,0,270,DEF,0,0,0,0,0,0,0.0,18.0,3
568,22,Takehiro Tomiyasu,DEF,AFC Ajax,5000000,44,1998-11-05,187,1,27,Japan,F,AFC,18,1880,Hajime Moriyasu,JPN,0,0,3,0,0,DEF,0,0,0,0,0,0,0.0,5.0,3
569,22,Tomoki Hayakawa,GK,Kashima Antlers,2000000,4,1999-03-03,187,0,27,Japan,F,AFC,18,1880,Hajime Moriyasu,JPN,0,0,3,0,0,GK,0,0,0,0,0,0,0.0,2.0,3
570,22,Kaishu Sano,MID,1. FSV Mainz 05,40000000,15,2000-12-30,176,0,25,Japan,F,AFC,18,1880,Hajime Moriyasu,JPN,3,270,0,0,270,MID,0,1,0,0,0,1,0.0,40.0,3
571,22,Junnosuke Suzuki,DEF,FC København,3500000,6,2003-07-12,180,0,22,Japan,F,AFC,18,1880,Hajime Moriyasu,JPN,0,0,3,0,0,DEF,0,0,0,0,0,0,0.0,3.5,3
572,22,Kento Shiogai,FWD,VfL Wolfsburg,8000000,3,2005-03-26,180,0,21,Japan,F,AFC,18,1880,Hajime Moriyasu,JPN,0,0,3,0,0,FWD,0,0,0,0,0,0,0.0,8.0,3
573,23,Jacob Mikael Widell Zetterstrom,GK,Derby County FC,2500000,3,1998-07-11,197,0,27,Sweden,F,UEFA,25,1815,Jon Dahl Tomasson,SWE,3,270,0,0,270,GK,0,0,0,0,0,0,0.0,2.5,3
574,23,Gustaf Johan Lagerbielke,DEF,SC Braga,10000000,12,2000-04-10,193,2,26,Sweden,F,UEFA,25,1815,Jon Dahl Tomasson,SWE,3,270,0,0,270,DEF,0,0,0,0,0,0,0.0,10.0,3
575,23,Victor Jörgen Lindelof,DEF,Aston Villa FC,5000000,77,1994-07-17,187,3,31,Sweden,F,UEFA,25,1815,Jon Dahl Tomasson,SWE,0,0,3,0,0,DEF,0,0,0,0,0,0,0.0,5.0,3
576,23,Isak Malcolm Kwaku Hien,DEF,Atalanta Bergamo,22000000,30,1999-01-13,191,0,27,Sweden,F,UEFA,25,1815,Jon Dahl Tomasson,SWE,3,270,0,0,270,DEF,0,0,0,0,0,0,0.0,22.0,3
577,23,Gabriel Johan Gudmundsson,DEF,Leeds United FC,20000000,25,1999-04-29,181,0,27,Sweden,F,UEFA,25,1815,Jon Dahl Tomasson,SWE,3,270,0,0,270,DEF,0,0,0,0,0,0,0.0,20.0,3
578,23,Herman Nils Johansson,DEF,FC Dallas,1800000,3,1997-10-16,190,0,28,Sweden,F,UEFA,25,1815,Jon Dahl Tomasson,SWE,0,0,3,0,0,DEF,0,0,0,0,0,0,0.0,1.8,3
579,23,Lucas Erik Holger Bergvall,MID,Tottenham Hotspur FC,35000000,11,2006-02-02,187,0,20,Sweden,F,UEFA,25,1815,Jon Dahl Tomasson,SWE,3,270,0,0,270,MID,0,1,0,0,0,1,0.0,35.0,3
580,23,Daniel Jonathan Svensson,DEF,Borussia Dortmund,22000000,14,2002-02-12,183,0,24,Sweden,F,UEFA,25,1815,Jon Dahl Tomasson,SWE,3,270,0,0,270,DEF,0,0,0,0,0,0,0.0,22.0,3
581,23,Alexander Isak,FWD,Liverpool FC,85000000,59,1999-09-21,190,18,26,Sweden,F,UEFA,25,1815,Jon Dahl Tomasson,SWE,3,270,0,0,270,FWD,1,3,0,0,1,4,0.333,85.0,3
582,23,Erik Benjamin Nygren,MID,Celtic FC,14000000,12,2001-07-08,187,3,24,Sweden,F,UEFA,25,1815,Jon Dahl Tomasson,SWE,3,270,0,0,270,MID,0,0,0,0,0,0,0.0,14.0,3
583,23,Anthony David Junior Elanga,FWD,Newcastle United FC,32000000,31,2002-04-27,178,6,24,Sweden,F,UEFA,25,1815,Jon Dahl Tomasson,SWE,0,0,3,60,60,FWD,2,0,0,0,0,2,3.0,32.0,3
584,23,Tobias Viktor Johansson,GK,Stoke City FC,12000000,12,1998-09-14,187,0,27,Sweden,F,UEFA,25,1815,Jon Dahl Tomasson,SWE,0,0,3,0,0,GK,0,0,0,0,0,0,0.0,12.0,3
585,23,Ken Sema,MID,Pafos FC,800000,32,1993-09-30,180,5,32,Sweden,F,UEFA,25,1815,Jon Dahl Tomasson,SWE,0,0,3,0,0,MID,0,0,0,0,0,0,0.0,0.8,3
586,23,Hjalmar Ekdal,DEF,Burnley FC,5000000,13,1998-10-21,187,0,27,Sweden,F,UEFA,25,1815,Jon Dahl Tomasson,SWE,0,0,3,0,0,DEF,0,0,0,0,0,0,0.0,5.0,3
587,23,Carl Anders Theodor Starfelt,DEF,RC Celta Vigo,4500000,18,1995-06-01,185,0,31,Sweden,F,UEFA,25,1815,Jon Dahl Tomasson,SWE,0,0,3,0,0,DEF,0,0,0,0,0,0,0.0,4.5,3
588,23,Jesper Kewe Karlstrom,MID,Udinese,4000000,25,1995-06-21,182,0,31,Sweden,F,UEFA,25,1815,Jon Dahl Tomasson,SWE,0,0,3,0,0,MID,0,0,0,0,0,0,0.0,4.0,3
589,23,Viktor Einar Gyokeres,FWD,Arsenal FC,65000000,34,1998-06-04,189,21,28,Sweden,F,UEFA,25,1815,Jon Dahl Tomasson,SWE,3,270,0,0,270,FWD,1,1,0,0,0,2,0.333,65.0,3
590,23,Yasin Ayari,MID,Brighton & Hove Albion FC,35000000,22,2003-10-06,172,5,22,Sweden,F,UEFA,25,1815,Jon Dahl Tomasson,SWE,3,270,0,0,270,MID,2,0,0,0,0,2,0.667,35.0,3
591,23,Mattias Olof Svanberg,MID,VfL Wolfsburg,8000000,41,1999-01-05,186,3,27,Sweden,F,UEFA,25,1815,Jon Dahl Tomasson,SWE,3,270,0,0,270,MID,1,0,0,0,0,1,0.333,8.0,3
592,23,Eric Anders Smith,DEF,FC St. Pauli,5000000,2,1997-01-08,192,0,29,Sweden,F,UEFA,25,1815,Jon Dahl Tomasson,SWE,0,0,3,0,0,DEF,0,0,0,0,0,0,0.0,5.0,3
593,23,Alexander Olof Bernhardsson,DEF,Holstein Kiel,3000000,12,1998-09-08,184,0,27,Sweden,F,UEFA,25,1815,Jon Dahl Tomasson,SWE,0,0,3,0,0,DEF,0,0,0,0,0,0,0.0,3.0,3
594,23,Besfort Zeneli,MID,Royale Union Saint-Gilloise,6000000,8,2002-11-21,187,0,23,Sweden,F,UEFA,25,1815,Jon Dahl Tomasson,SWE,0,0,3,0,0,MID,0,0,0,0,0,0,0.0,6.0,3
595,23,Bo Kristoffer Nordfeldt,GK,AIK Stockholm,175000,22,1989-06-23,190,0,37,Sweden,F,UEFA,25,1815,Jon Dahl Tomasson,SWE,0,0,3,0,0,GK,0,0,0,0,0,0,0.0,0.18,3
596,23,Elliot Karl Stroud,DEF,Mjällby AIF,5000000,2,2002-06-22,185,0,24,Sweden,F,UEFA,25,1815,Jon Dahl Tomasson,SWE,0,0,3,0,0,DEF,0,0,0,0,0,0,0.0,5.0,3
597,23,Håkan Gustaf Nilsson,FWD,Club Brugge,1800000,9,1997-05-23,197,4,29,Sweden,F,UEFA,25,1815,Jon Dahl Tomasson,SWE,0,0,3,0,0,FWD,0,0,0,0,0,0,0.0,1.8,3
598,23,Taha Abdi Ali,FWD,Malmö FF,1500000,2,1998-07-01,174,0,28,Sweden,F,UEFA,25,1815,Jon Dahl Tomasson,SWE,0,0,3,0,0,FWD,0,0,0,0,0,0,0.0,1.5,3
599,24,Abdelmouhib Chamakh,GK,Club Africain,600000,4,2001-08-25,189,0,24,Tunisia,F,CAF,45,1710,Hervé Renard,TUN,0,0,3,0,0,GK,0,0,0,0,0,0,0.0,0.6,3
600,24,Ali Abdi,DEF,OGC Nice,2000000,47,1993-12-20,177,7,32,Tunisia,F,CAF,45,1710,Hervé Renard,TUN,3,270,0,0,270,DEF,0,0,0,0,0,0,0.0,2.0,3
601,24,Montassar Omar Talbi,DEF,FC Lorient,8000000,65,1998-05-26,190,4,28,Tunisia,F,CAF,45,1710,Hervé Renard,TUN,3,270,0,0,270,DEF,0,0,0,0,0,0,0.0,8.0,3
602,24,Omar Rekik,DEF,NK Maribor,600000,7,2001-12-20,188,1,24,Tunisia,F,CAF,45,1710,Hervé Renard,TUN,0,0,3,30,30,DEF,1,0,0,0,0,1,3.0,0.6,3
603,24,Adam Arous,DEF,Kasımpa ş a SK,4000000,2,2004-07-17,188,0,21,Tunisia,F,CAF,45,1710,Hervé Renard,TUN,3,270,0,0,270,DEF,0,0,0,0,0,0,0.0,4.0,3
604,24,Dylan Daniel Mahmoud Bronn,DEF,Servette FC,600000,52,1995-06-19,186,2,31,Tunisia,F,CAF,45,1710,Hervé Renard,TUN,0,0,3,0,0,DEF,0,0,0,0,0,0,0.0,0.6,3
605,24,Mohamed Elyes Achouri,FWD,FC København,3000000,31,1999-02-10,187,5,27,Tunisia,F,CAF,45,1710,Hervé Renard,TUN,3,270,0,0,270,FWD,0,0,0,0,0,0,0.0,3.0,3
606,24,Elias Saad,FWD,Hannover 96,3000000,16,1999-12-27,185,3,26,Tunisia,F,CAF,45,1710,Hervé Renard,TUN,3,270,0,0,270,FWD,0,0,0,0,0,0,0.0,3.0,3
607,24,Hazem Mastouri,FWD,FC Dynamo Makhachkala,900000,19,1997-06-18,191,4,29,Tunisia,F,CAF,45,1710,Hervé Renard,TUN,0,0,3,30,30,FWD,1,0,0,0,0,1,3.0,0.9,3
608,24,Hannibal Mejbri,MID,Burnley FC,15000000,46,2003-01-21,177,1,23,Tunisia,F,CAF,45,1710,Hervé Renard,TUN,3,270,0,0,270,MID,0,1,0,0,0,1,0.0,15.0,3
609,24,Ismael Seifallah Gharbi,MID,FC Augsburg,5000000,18,2004-04-10,180,2,22,Tunisia,F,CAF,45,1710,Hervé Renard,TUN,3,270,0,0,270,MID,0,0,0,0,0,0,0.0,5.0,3
610,24,Ahmed Mortadha Ben Ouanes,DEF,Kasımpa ş a SK,1500000,18,1994-07-02,188,0,32,Tunisia,F,CAF,45,1710,Hervé Renard,TUN,0,0,3,0,0,DEF,0,0,0,0,0,0,0.0,1.5,3
611,24,Rani Khedira,MID,1. FC Union Berlin,2000000,4,1994-01-27,188,0,32,Tunisia,F,CAF,45,1710,Hervé Renard,TUN,0,0,3,0,0,MID,0,0,0,0,0,0,0.0,2.0,3
612,24,Khalil Ayari,MID,Paris Saint-Germain,200000,4,2005-02-02,174,0,21,Tunisia,F,CAF,45,1710,Hervé Renard,TUN,0,0,3,0,0,MID,0,0,0,0,0,0,0.0,0.2,3
613,24,Mohamed Hadj Mahmoud,MID,FC Lugano,2000000,10,2000-04-24,179,0,26,Tunisia,F,CAF,45,1710,Hervé Renard,TUN,0,0,3,0,0,MID,0,0,0,0,0,0,0.0,2.0,3
614,24,Aymen Dahmen,GK,CS Sfaxien,800000,37,1997-01-28,188,0,29,Tunisia,F,CAF,45,1710,Hervé Renard,TUN,3,270,0,0,270,GK,0,0,0,0,0,0,0.0,0.8,3
615,24,Ellyes Joris Skhiri,MID,Eintracht Frankfurt,5000000,84,1995-05-10,185,4,31,Tunisia,F,CAF,45,1710,Hervé Renard,TUN,3,270,0,0,270,MID,1,0,0,0,0,1,0.333,5.0,3
616,24,Rayan Elloumi,FWD,Vancouver Whitecaps FC,800000,4,2007-09-17,180,0,18,Tunisia,F,CAF,45,1710,Hervé Renard,TUN,0,0,3,0,0,FWD,0,0,0,0,0,0,0.0,0.8,3
617,24,Firas Chaouat,FWD,Club Africain,350000,31,1996-05-08,185,6,30,Tunisia,F,CAF,45,1710,Hervé Renard,TUN,0,0,3,0,0,FWD,0,0,0,0,0,0,0.0,0.35,3
618,24,Yan Valery,DEF,BSC Young Boys,1500000,23,1999-02-22,181,0,27,Tunisia,F,CAF,45,1710,Hervé Renard,TUN,3,270,0,0,270,DEF,0,0,0,0,0,0,0.0,1.5,3
619,24,Mohamed Amine Ben Hmida,DEF,Espérance De Tunisie,700000,14,1995-12-15,181,0,30,Tunisia,F,CAF,45,1710,Hervé Renard,TUN,0,0,3,0,0,DEF,0,0,0,0,0,0,0.0,0.7,3
620,24,Sabri Ben Hessen,GK,Étoile Du Sahel,550000,1,1996-06-13,189,0,30,Tunisia,F,CAF,45,1710,Hervé Renard,TUN,0,0,3,0,0,GK,0,0,0,0,0,0,0.0,0.55,3
621,24,Moutaz Neffati,DEF,IFK Norrköping FK,250000,5,2004-09-04,182,0,21,Tunisia,F,CAF,45,1710,Hervé Renard,TUN,0,0,3,0,0,DEF,0,0,0,0,0,0,0.0,0.25,3
622,24,Raed Chikhaoui,DEF,US Monastir,150000,0,2004-06-09,191,0,22,Tunisia,F,CAF,45,1710,Hervé Renard,TUN,0,0,3,0,0,DEF,0,0,0,0,0,0,0.0,0.15,3
623,24,Anis Slimane,MID,Norwich City FC,2500000,41,2001-03-16,188,4,25,Tunisia,F,CAF,45,1710,Hervé Renard,TUN,0,0,3,0,0,MID,0,0,0,0,0,0,0.0,2.5,3
624,24,Sebastian Tounekti,MID,Celtic FC,5000000,13,2002-07-13,182,1,23,Tunisia,F,CAF,45,1710,Hervé Renard,TUN,3,270,0,0,270,MID,0,0,0,0,0,0,0.0,5.0,3
625,25,Thibaut Nicolas Courtois,GK,Real Madrid C. F.,15000000,110,1992-05-11,199,0,34,Belgium,G,UEFA,9,1950,Domenico Tedesco,BEL,3,270,0,0,270,GK,0,0,0,0,0,0,0.0,15.0,3
626,25,Zeno Koen Debast,DEF,Sporting CP,28000000,26,2003-10-24,189,1,22,Belgium,G,UEFA,9,1950,Domenico Tedesco,BEL,3,270,0,0,270,DEF,0,0,0,0,0,0,0.0,28.0,3
627,25,Arthur Nicolas Theate,DEF,Eintracht Frankfurt,17000000,33,2000-05-25,185,1,26,Belgium,G,UEFA,9,1950,Domenico Tedesco,BEL,0,0,3,0,0,DEF,0,0,0,0,0,0,0.0,17.0,3
628,25,Brandon Erik Mechele,DEF,Club Brugge,2800000,10,1993-01-28,190,1,33,Belgium,G,UEFA,9,1950,Domenico Tedesco,BEL,0,0,3,0,0,DEF,0,0,0,0,0,0,0.0,2.8,3
629,25,Maxim Peter De Cuyper,DEF,Brighton & Hove Albion FC,22000000,20,2000-12-22,182,4,25,Belgium,G,UEFA,9,1950,Domenico Tedesco,BEL,3,270,0,0,270,DEF,0,0,0,0,0,0,0.0,22.0,3
630,25,Axel Laurent Witsel,MID,Girona FC,1200000,138,1989-01-12,186,12,37,Belgium,G,UEFA,9,1950,Domenico Tedesco,BEL,0,0,3,0,0,MID,0,0,0,0,0,0,0.0,1.2,3
631,25,Kevin De Bruyne,MID,SSC Napoli,8000000,120,1991-06-28,181,37,35,Belgium,G,UEFA,9,1950,Domenico Tedesco,BEL,0,0,3,30,30,MID,1,0,0,0,0,1,3.0,8.0,3
632,25,Youri Marion Tielemans,MID,Aston Villa FC,30000000,86,1997-05-07,176,13,29,Belgium,G,UEFA,9,1950,Domenico Tedesco,BEL,3,270,0,0,270,MID,0,0,0,0,0,0,0.0,30.0,3
633,25,Romelu Lukaku,FWD,SSC Napoli,6000000,127,1993-05-13,190,90,33,Belgium,G,UEFA,9,1950,Domenico Tedesco,BEL,0,0,3,60,60,FWD,1,0,1,0,0,1,1.5,6.0,3
634,25,Leandro Trossard,FWD,Arsenal FC,18000000,52,1994-12-04,172,12,31,Belgium,G,UEFA,9,1950,Domenico Tedesco,BEL,0,0,3,30,30,FWD,2,0,0,0,1,2,6.0,18.0,3
635,25,Jeremy Baffour Doku,FWD,Manchester City FC,75000000,44,2002-05-27,173,7,24,Belgium,G,UEFA,9,1950,Domenico Tedesco,BEL,3,270,0,0,270,FWD,0,0,0,0,0,0,0.0,75.0,3
636,25,Senne Lammens,GK,Manchester United FC,35000000,2,2002-07-07,193,0,23,Belgium,G,UEFA,9,1950,Domenico Tedesco,BEL,0,0,3,0,0,GK,0,0,0,0,0,0,0.0,35.0,3
637,25,Mike Louis Penders,GK,RC Strasbourg,25000000,0,2005-07-31,200,0,20,Belgium,G,UEFA,9,1950,Domenico Tedesco,BEL,0,0,3,0,0,GK,0,0,0,0,0,0,0.0,25.0,3
638,25,Dodi Lukebakio,FWD,SL Benfica,15000000,30,1997-09-24,184,6,28,Belgium,G,UEFA,9,1950,Domenico Tedesco,BEL,0,0,3,0,0,FWD,0,0,0,0,0,0,0.0,15.0,3
639,25,Thomas Andre Meunier,DEF,Lille OSC,1500000,81,1991-09-12,190,10,34,Belgium,G,UEFA,9,1950,Domenico Tedesco,BEL,0,0,3,0,0,DEF,0,0,0,0,0,0,0.0,1.5,3
640,25,Koni De Winter,DEF,AC Milan,23000000,8,2002-06-12,191,0,24,Belgium,G,UEFA,9,1950,Domenico Tedesco,BEL,3,270,0,0,270,DEF,0,0,0,0,0,0,0.0,23.0,3
641,25,Charles Marc De Ketelaere,FWD,Atalanta Bergamo,30000000,31,2001-03-10,192,6,25,Belgium,G,UEFA,9,1950,Domenico Tedesco,BEL,0,0,3,0,0,FWD,0,0,0,0,0,0,0.0,30.0,3
642,25,Joaquin Ronny Seys,DEF,Club Brugge,20000000,5,2005-03-28,178,0,21,Belgium,G,UEFA,9,1950,Domenico Tedesco,BEL,0,0,3,0,0,DEF,0,0,0,0,0,0,0.0,20.0,3
643,25,Diego Manuel Moreira,MID,RC Strasbourg,25000000,3,2004-08-06,179,0,21,Belgium,G,UEFA,9,1950,Domenico Tedesco,BEL,3,270,0,0,270,MID,0,0,0,0,0,0,0.0,25.0,3
644,25,Hans Vanaken,MID,Club Brugge,5000000,35,1992-08-24,195,7,33,Belgium,G,UEFA,9,1950,Domenico Tedesco,BEL,0,0,3,0,0,MID,0,0,0,0,0,0,0.0,5.0,3
645,25,Timothy Castagne,DEF,Fulham FC,8000000,64,1995-12-05,185,2,30,Belgium,G,UEFA,9,1950,Domenico Tedesco,BEL,0,0,3,0,0,DEF,0,0,0,0,0,0,0.0,8.0,3
646,25,Alexis Jesse Saelemaekers,MID,AC Milan,20000000,24,1999-06-27,180,2,27,Belgium,G,UEFA,9,1950,Domenico Tedesco,BEL,3,270,0,0,270,MID,1,0,0,0,0,1,0.333,20.0,3
647,25,Nicolas Thierry Raskin,MID,Rangers FC,12000000,14,2001-02-23,178,2,25,Belgium,G,UEFA,9,1950,Domenico Tedesco,BEL,0,0,3,0,0,MID,0,0,0,0,0,0,0.0,12.0,3
648,25,Amadou Ba Onana,MID,Aston Villa FC,45000000,30,2001-08-16,192,1,24,Belgium,G,UEFA,9,1950,Domenico Tedesco,BEL,3,270,0,0,270,MID,0,0,0,0,0,0,0.0,45.0,3
649,25,Nathan Ngoy,DEF,Lille OSC,25000000,5,2003-06-10,183,0,23,Belgium,G,UEFA,9,1950,Domenico Tedesco,BEL,3,270,0,0,270,DEF,0,0,0,1,0,0,0.0,25.0,3
650,25,Matias Fernandez-Pardo,FWD,Lille OSC,35000000,3,2005-02-03,188,0,21,Belgium,G,UEFA,9,1950,Domenico Tedesco,BEL,3,270,0,0,270,FWD,0,0,0,0,0,0,0.0,35.0,3
651,26,Elsayed Mohamed Mohamed Elshenawy,GK,Al Ahly FC,500000,77,1988-12-18,191,0,37,Egypt,G,CAF,36,1730,Hossam Hassan,EGY,3,270,0,0,270,GK,0,0,0,0,0,0,0.0,0.5,3
652,26,Ahmed Ibrahim Yasser,DEF,Al Ahly FC,275000,19,1993-02-10,185,1,33,Egypt,G,CAF,36,1730,Hossam Hassan,EGY,0,0,3,0,0,DEF,0,0,0,0,0,0,0.0,0.28,3
653,26,Hany Gamal Mohamed Hany,DEF,Al Ahly FC,1500000,44,1996-02-02,175,0,30,Egypt,G,CAF,36,1730,Hossam Hassan,EGY,3,270,0,0,270,DEF,1,1,0,0,0,2,0.333,1.5,3
654,26,Abdelmegeed Abdelsalam Hossam Abdelmaguid,DEF,Zamalek SC,2000000,13,2001-04-30,193,0,25,Egypt,G,CAF,36,1730,Hossam Hassan,EGY,3,270,0,0,270,DEF,0,0,0,0,0,0,0.0,2.0,3
655,26,Abdelaziz Moustafa Ramy Rabia,DEF,Al Ain FC,600000,48,1993-05-20,183,6,33,Egypt,G,CAF,36,1730,Hossam Hassan,EGY,0,0,3,0,0,DEF,0,0,0,0,0,0,0.0,0.6,3
656,26,Abdelmoneim Elsayed Mohamed,DEF,OGC Nice,2500000,36,1999-02-01,184,3,27,Egypt,G,CAF,36,1730,Hossam Hassan,EGY,3,270,0,0,270,DEF,0,0,0,0,0,0,0.0,2.5,3
657,26,Ahmed Ibrahim Trezeguet,FWD,Al Ahly FC,4500000,96,1994-10-01,181,23,31,Egypt,G,CAF,36,1730,Hossam Hassan,EGY,0,0,3,30,30,FWD,1,0,0,0,0,1,3.0,4.5,3
658,26,Ashour Metwaly Emam,MID,Al Ahly FC,2000000,30,1998-02-20,180,1,28,Egypt,G,CAF,36,1730,Hossam Hassan,EGY,3,270,0,0,270,MID,1,0,0,0,1,1,0.333,2.0,3
659,26,Mohamed Abdelkarim Hamza,FWD,FC Barcelona,800000,3,2008-01-01,182,0,18,Egypt,G,CAF,36,1730,Hossam Hassan,EGY,0,0,3,0,0,FWD,0,0,0,0,0,0,0.0,0.8,3
660,26,Hamed Mahrous Mohamed Salah,FWD,Liverpool FC,22000000,117,1992-06-15,175,67,34,Egypt,G,CAF,36,1730,Hossam Hassan,EGY,3,270,0,0,270,FWD,1,2,0,0,1,3,0.333,22.0,3
661,26,Mohamed Zaky Mostafa Zico,MID,Pyramids FC,1500000,3,1997-04-27,179,2,29,Egypt,G,CAF,36,1730,Hossam Hassan,EGY,0,0,3,30,30,MID,1,1,0,0,0,2,3.0,1.5,3
662,26,Yousry Fouad Haissem Hassan,FWD,Real Oviedo,3500000,4,2002-02-08,175,0,24,Egypt,G,CAF,36,1730,Hossam Hassan,EGY,0,0,3,0,0,FWD,0,0,0,0,0,0,0.0,3.5,3
663,26,Mohamed Aboelfetouh Ahmed Fatouh,DEF,Zamalek SC,1000000,40,1998-03-22,177,1,28,Egypt,G,CAF,36,1730,Hossam Hassan,EGY,3,270,0,0,270,DEF,0,0,0,0,0,0,0.0,1.0,3
664,26,Fathy Abdelhalim Hamdy Fathy,MID,Al Wakrah SC,1800000,65,1994-09-29,183,4,31,Egypt,G,CAF,36,1730,Hossam Hassan,EGY,3,270,0,0,270,MID,0,0,0,0,0,0,0.0,1.8,3
665,26,Hafez Ramadan Karim Hafez,DEF,Pyramids FC,600000,10,1996-03-12,174,0,30,Egypt,G,CAF,36,1730,Hossam Hassan,EGY,0,0,3,0,0,DEF,0,0,0,0,0,0,0.0,0.6,3
666,26,Mohamed Soliman Mahdy Soliman,GK,Zamalek SC,150000,0,1987-06-08,189,0,39,Egypt,G,CAF,36,1730,Hossam Hassan,EGY,0,0,3,0,0,GK,0,0,0,0,0,0,0.0,0.15,3
667,26,Mostafa Ahmed Mohanad Lashin,MID,Pyramids FC,1000000,24,1996-05-29,186,0,30,Egypt,G,CAF,36,1730,Hossam Hassan,EGY,0,0,3,0,0,MID,0,0,0,0,0,0,0.0,1.0,3
668,26,Aly Elmahdy Nabil,MID,Al Najmah SC,1000000,12,1996-04-06,179,0,30,Egypt,G,CAF,36,1730,Hossam Hassan,EGY,0,0,3,0,0,MID,0,0,0,0,0,0,0.0,1.0,3
669,26,Attia Fahim Marawan Attia,MID,Al Ahly FC,2200000,36,1998-08-01,176,1,27,Egypt,G,CAF,36,1730,Hossam Hassan,EGY,3,270,0,0,270,MID,0,0,0,0,0,0,0.0,2.2,3
670,26,Adel Aly Mohamed Ibrahim,FWD,FC Nordsjælland,2500000,25,2001-04-23,178,3,25,Egypt,G,CAF,36,1730,Hossam Hassan,EGY,0,0,3,0,0,FWD,0,0,0,0,0,0,0.0,2.5,3
671,26,Saber Abdelmohsen Mahmoud,MID,ZED FC,1500000,15,2001-07-30,170,1,24,Egypt,G,CAF,36,1730,Hossam Hassan,EGY,3,270,0,0,270,MID,1,0,0,0,0,1,0.333,1.5,3
672,26,Mohamed Abdelsalam Omar,FWD,Manchester City FC,50000000,51,1999-02-07,180,11,27,Egypt,G,CAF,36,1730,Hossam Hassan,EGY,3,270,0,0,270,FWD,0,0,0,0,0,0,0.0,50.0,3
673,26,Abdelaziz Mohame Mostafa,GK,Al Ahly FC,1200000,11,2000-05-15,195,0,26,Egypt,G,CAF,36,1730,Hossam Hassan,EGY,0,0,3,0,0,GK,0,0,0,0,0,0,0.0,1.2,3
674,26,Abdelghaffar Abdel Tarek Alaa,DEF,ZED FC,400000,3,2002-01-05,178,0,24,Egypt,G,CAF,36,1730,Hossam Hassan,EGY,0,0,3,0,0,DEF,0,0,0,0,0,0,0.0,0.4,3
675,26,Mostafa Mohamed Zizo,FWD,Al Ahly FC,5000000,65,1996-01-10,175,5,30,Egypt,G,CAF,36,1730,Hossam Hassan,EGY,0,0,3,0,0,FWD,0,0,0,0,0,0,0.0,5.0,3
676,26,Alaaeldin Soliman Mohamed Alaa,GK,El Gouna FC,75000,0,1999-01-01,188,0,27,Egypt,G,CAF,36,1730,Hossam Hassan,EGY,0,0,3,0,0,GK,0,0,0,0,0,0,0.0,0.08,3
677,27,Ali Reza Beiranvand,GK,Tractor Sazi Tabriz FC,1200000,88,1992-09-21,195,0,33,IR Iran,G,AFC,20,1820,Amir Ghalenoei,IRN,3,270,0,0,270,GK,0,0,0,0,1,0,0.0,1.2,3
678,27,Saleh Hardani,DEF,Esteghlal Tehran FC,750000,18,1998-12-26,176,1,27,IR Iran,G,AFC,20,1820,Amir Ghalenoei,IRN,3,270,0,0,270,DEF,0,0,0,0,0,0,0.0,0.75,3
679,27,Ehsan Hajisafi,DEF,Sepahan SC,275000,147,1990-02-25,178,7,36,IR Iran,G,AFC,20,1820,Amir Ghalenoei,IRN,0,0,3,0,0,DEF,0,0,0,0,0,0,0.0,0.28,3
680,27,Shojae Khalilzadeh,DEF,Tractor Sazi Tabriz FC,200000,59,1989-05-14,183,2,37,IR Iran,G,AFC,20,1820,Amir Ghalenoei,IRN,0,0,3,0,0,DEF,0,0,0,0,0,0,0.0,0.2,3
681,27,Milad Mohammadi,DEF,Persepolis FC,1300000,78,1993-09-29,175,1,32,IR Iran,G,AFC,20,1820,Amir Ghalenoei,IRN,3,270,0,0,270,DEF,0,0,0,0,0,0,0.0,1.3,3
682,27,Saeid Ezatolahi,MID,Shabab Al Ahli Club,900000,85,1996-10-01,189,2,29,IR Iran,G,AFC,20,1820,Amir Ghalenoei,IRN,0,0,3,0,0,MID,0,0,0,0,0,0,0.0,0.9,3
683,27,Alireza Jahanbakhsh,MID,FCV Dender EH,500000,99,1993-08-11,180,17,32,IR Iran,G,AFC,20,1820,Amir Ghalenoei,IRN,0,0,3,0,0,MID,0,0,0,0,0,0,0.0,0.5,3
684,27,Mohammad Mohebbi,MID,FC Rostov,2500000,38,1998-12-20,187,14,27,IR Iran,G,AFC,20,1820,Amir Ghalenoei,IRN,3,270,0,0,270,MID,1,0,0,0,0,1,0.333,2.5,3
685,27,Mehdi Taremi,FWD,Olympiacos FC,2000000,107,1992-07-18,187,59,33,IR Iran,G,AFC,20,1820,Amir Ghalenoei,IRN,0,0,3,0,0,FWD,0,0,0,0,0,0,0.0,2.0,3
686,27,Mehdi Ghayedi,FWD,Al Nasr SC,4500000,31,1998-12-05,166,10,27,IR Iran,G,AFC,20,1820,Amir Ghalenoei,IRN,3,270,0,0,270,FWD,0,0,0,0,0,0,0.0,4.5,3
687,27,Ali Alipour,FWD,Persepolis FC,1700000,15,1995-11-11,181,1,30,IR Iran,G,AFC,20,1820,Amir Ghalenoei,IRN,0,0,3,0,0,FWD,0,0,0,0,0,0,0.0,1.7,3
688,27,Seyedpayam Niazmand,GK,Persepolis FC,750000,15,1995-04-06,193,0,31,IR Iran,G,AFC,20,1820,Amir Ghalenoei,IRN,0,0,3,0,0,GK,0,0,0,0,0,0,0.0,0.75,3
689,27,Mohammadhossein Kanani,DEF,Persepolis FC,2000000,65,1994-03-23,188,6,32,IR Iran,G,AFC,20,1820,Amir Ghalenoei,IRN,3,270,0,0,270,DEF,0,0,0,0,0,0,0.0,2.0,3
690,27,Seyed Saman Ghoddos,MID,Al Ittihad Kalba SCC,2000000,69,1993-09-06,176,3,32,IR Iran,G,AFC,20,1820,Amir Ghalenoei,IRN,3,270,0,0,270,MID,0,0,0,0,0,0,0.0,2.0,3
691,27,Roozbeh Cheshmi,MID,Esteghlal Tehran FC,300000,41,1993-07-24,192,3,32,IR Iran,G,AFC,20,1820,Amir Ghalenoei,IRN,0,0,3,0,0,MID,0,0,0,0,0,0,0.0,0.3,3
692,27,Mahdi Torabi,MID,Tractor Sazi Tabriz FC,1800000,52,1994-09-10,185,7,31,IR Iran,G,AFC,20,1820,Amir Ghalenoei,IRN,3,270,0,0,270,MID,0,0,0,0,0,0,0.0,1.8,3
693,27,Arya Yousefi,DEF,Sepahan SC,450000,15,2002-04-22,181,1,24,IR Iran,G,AFC,20,1820,Amir Ghalenoei,IRN,3,270,0,0,270,DEF,0,0,0,0,0,0,0.0,0.45,3
694,27,Amirhossein Hosseinzadeh,FWD,Tractor Sazi Tabriz FC,2200000,19,2000-10-30,178,5,25,IR Iran,G,AFC,20,1820,Amir Ghalenoei,IRN,3,270,0,0,270,FWD,0,0,0,0,0,0,0.0,2.2,3
695,27,Ali Nemati,DEF,Foolad Khuzestan FC,25000,19,1996-02-08,182,0,30,IR Iran,G,AFC,20,1820,Amir Ghalenoei,IRN,0,0,3,0,0,DEF,0,0,0,0,0,0,0.0,0.02,3
696,27,Shahriyar Moghanloo,FWD,Al Ittihad Kalba SCC,900000,22,1994-12-21,189,2,31,IR Iran,G,AFC,20,1820,Amir Ghalenoei,IRN,0,0,3,0,0,FWD,0,0,0,0,0,0,0.0,0.9,3
697,27,Mohammad Ghorbani,MID,Al Wahda SC,1200000,16,2001-10-07,190,0,24,IR Iran,G,AFC,20,1820,Amir Ghalenoei,IRN,3,270,0,0,270,MID,0,0,0,0,0,0,0.0,1.2,3
698,27,Seyedhossein Hosseini,GK,Sepahan SC,550000,14,1992-06-30,189,0,34,IR Iran,G,AFC,20,1820,Amir Ghalenoei,IRN,0,0,3,0,0,GK,0,0,0,0,0,0,0.0,0.55,3
699,27,Ramin Rezaeian,DEF,Foolad Khuzestan FC,250000,75,1990-03-21,184,9,36,IR Iran,G,AFC,20,1820,Amir Ghalenoei,IRN,0,0,3,60,60,DEF,2,1,0,0,2,3,3.0,0.25,3
700,27,Dennis Dargahi,FWD,Standard Liège,2000000,0,1997-01-09,182,0,29,IR Iran,G,AFC,20,1820,Amir Ghalenoei,IRN,0,0,3,0,0,FWD,0,0,0,0,0,0,0.0,2.0,3
701,27,Danial Iri,DEF,Malavan Anzali FC,150000,0,2003-10-26,182,0,22,IR Iran,G,AFC,20,1820,Amir Ghalenoei,IRN,0,0,3,0,0,DEF,0,0,0,0,0,0,0.0,0.15,3
702,27,Amirmohammad Razaghinia,MID,Esteghlal Tehran FC,150000,4,2006-04-11,187,0,20,IR Iran,G,AFC,20,1820,Amir Ghalenoei,IRN,0,0,3,0,0,MID,0,0,0,0,0,0,0.0,0.15,3
703,28,Maxime Teremoana Crocombe,GK,Millwall FC,1000000,25,1993-08-12,190,0,32,New Zealand,G,OFC,85,1510,Darren Bazeley,NZL,3,270,0,0,270,GK,0,0,0,0,0,0,0.0,1.0,3
704,28,Timothy John Payne,DEF,Wellington Phoenix FC,350000,53,1994-01-10,179,3,32,New Zealand,G,OFC,85,1510,Darren Bazeley,NZL,0,0,3,30,30,DEF,0,1,0,0,0,1,0.0,0.35,3
705,28,Francis De Vries,DEF,Auckland FC,600000,20,1994-11-28,181,1,31,New Zealand,G,OFC,85,1510,Darren Bazeley,NZL,3,270,0,0,270,DEF,0,0,0,0,0,0,0.0,0.6,3
706,28,Tyler Grant Bindon,DEF,Shefield United FC,3500000,26,2005-01-27,190,2,21,New Zealand,G,OFC,85,1510,Darren Bazeley,NZL,3,270,0,0,270,DEF,0,0,0,0,0,0,0.0,3.5,3
707,28,Michael Joseph Boxall,DEF,Minnesota United FC,150000,65,1988-08-18,191,1,37,New Zealand,G,OFC,85,1510,Darren Bazeley,NZL,0,0,3,0,0,DEF,0,0,0,0,0,0,0.0,0.15,3
708,28,Joe Zen Robert Bell,MID,Viking Stavanger,3500000,33,1999-04-27,182,1,27,New Zealand,G,OFC,85,1510,Darren Bazeley,NZL,3,270,0,0,270,MID,0,0,0,0,0,0,0.0,3.5,3
709,28,Logan Tipene Rogerson,FWD,Auckland FC,400000,18,1998-05-28,182,2,28,New Zealand,G,OFC,85,1510,Darren Bazeley,NZL,0,0,3,0,0,FWD,0,0,0,0,0,0,0.0,0.4,3
710,28,Marko Seufatu Nikola Stamenic,MID,Swansea City AFC,3000000,41,2002-02-19,188,3,24,New Zealand,G,OFC,85,1510,Darren Bazeley,NZL,3,270,0,0,270,MID,0,0,0,0,0,0,0.0,3.0,3
711,28,Christopher Grant Wood,FWD,Nottingham Forest FC,5000000,91,1991-12-07,191,45,34,New Zealand,G,OFC,85,1510,Darren Bazeley,NZL,3,270,0,0,270,FWD,0,2,0,0,0,2,0.0,5.0,3
712,28,Sarpreet Singh,MID,Wellington Phoenix FC,500000,29,1999-02-20,180,3,27,New Zealand,G,OFC,85,1510,Darren Bazeley,NZL,0,0,3,0,0,MID,0,0,0,0,0,0,0.0,0.5,3
713,28,Elijah Henry Just,MID,Motherwell FC,2500000,45,2000-05-01,176,11,26,New Zealand,G,OFC,85,1510,Darren Bazeley,NZL,3,270,0,0,270,MID,3,0,0,0,0,3,1.0,2.5,3
714,28,Alexander Noah Paulsen,GK,Lechia Gda ń sk,500000,8,2002-07-04,193,0,24,New Zealand,G,OFC,85,1510,Darren Bazeley,NZL,0,0,3,0,0,GK,0,0,0,0,0,0,0.0,0.5,3
715,28,Liberato Gianpaolo Cacace,DEF,Wrexham AFC,2500000,38,2000-09-27,182,1,25,New Zealand,G,OFC,85,1510,Darren Bazeley,NZL,3,270,0,0,270,DEF,0,0,0,0,0,0,0.0,2.5,3
716,28,Alex Arthur Rufer,MID,Wellington Phoenix FC,600000,26,1996-06-12,180,0,30,New Zealand,G,OFC,85,1510,Darren Bazeley,NZL,0,0,3,0,0,MID,0,0,0,0,0,0,0.0,0.6,3
717,28,Nando Zen Pijnaker,DEF,Auckland FC,400000,26,1999-02-25,185,0,27,New Zealand,G,OFC,85,1510,Darren Bazeley,NZL,0,0,3,0,0,DEF,0,0,0,0,0,0,0.0,0.4,3
718,28,Finn Surman,DEF,Portland Timbers,1800000,20,2003-09-23,190,2,22,New Zealand,G,OFC,85,1510,Darren Bazeley,NZL,3,270,0,0,270,DEF,1,0,0,0,0,1,0.333,1.8,3
719,28,Kosta Barbarouses,FWD,WS Wanderers FC,300000,76,1990-02-19,171,10,36,New Zealand,G,OFC,85,1510,Darren Bazeley,NZL,0,0,3,0,0,FWD,0,0,0,0,0,0,0.0,0.3,3
720,28,Benjamin Peter Waine,FWD,Port Vale FC,400000,31,2001-06-11,185,9,25,New Zealand,G,OFC,85,1510,Darren Bazeley,NZL,0,0,3,0,0,FWD,0,0,0,0,0,0,0.0,0.4,3
721,28,Benjamin Craig Old,MID,AS Saint-Etienne,1800000,25,2002-08-13,173,2,23,New Zealand,G,OFC,85,1510,Darren Bazeley,NZL,3,270,0,0,270,MID,0,0,0,0,0,0,0.0,1.8,3
722,28,Mc,MID,Silkeborg IF,300000,34,1999-04-30,180,5,27,New Zealand,G,OFC,85,1510,Darren Bazeley,NZL,0,0,3,0,0,MID,0,0,0,0,0,0,0.0,0.3,3
723,28,Jesse Carmichael Randall,FWD,Auckland FC,900000,12,2002-08-19,176,2,23,New Zealand,G,OFC,85,1510,Darren Bazeley,NZL,3,270,0,0,270,FWD,0,0,0,0,0,0,0.0,0.9,3
724,28,Michael Cornelis Woud,GK,Auckland FC,400000,7,1999-01-16,196,0,27,New Zealand,G,OFC,85,1510,Darren Bazeley,NZL,0,0,3,0,0,GK,0,0,0,0,0,0,0.0,0.4,3
725,28,Ryan Jared Thomas,MID,PEC Zwolle,650000,26,1994-12-20,176,3,31,New Zealand,G,OFC,85,1510,Darren Bazeley,NZL,0,0,3,0,0,MID,0,0,0,0,0,0,0.0,0.65,3
726,28,Callan Rennie Elliot,DEF,Auckland FC,450000,12,1999-07-07,177,0,26,New Zealand,G,OFC,85,1510,Darren Bazeley,NZL,0,0,3,0,0,DEF,0,0,0,0,0,0,0.0,0.45,3
727,28,Lachlan Ryan Bayliss,MID,Newcastle United Jets FC,550000,4,2002-07-24,178,0,23,New Zealand,G,OFC,85,1510,Darren Bazeley,NZL,0,0,3,0,0,MID,0,0,0,0,0,0,0.0,0.55,3
728,28,Thomas Jefferson Smith,DEF,Braintree Town FC,50000,57,1990-03-31,188,2,36,New Zealand,G,OFC,85,1510,Darren Bazeley,NZL,0,0,3,0,0,DEF,0,0,0,0,0,0,0.0,0.05,3
729,29,David Raya,GK,Arsenal FC,30000000,13,1995-09-15,186,0,30,Spain,H,UEFA,2,2120,Luis de la Fuente,ESP,0,0,3,0,0,GK,0,0,0,0,0,0,0.0,30.0,3
730,29,Marc Pubill,DEF,Atlético De Madrid,35000000,2,2003-06-20,191,0,23,Spain,H,UEFA,2,2120,Luis de la Fuente,ESP,0,0,3,0,0,DEF,0,0,0,0,0,0,0.0,35.0,3
731,29,Alejandro Grimaldo,DEF,Bayer 04 Leverkusen,20000000,14,1995-09-20,171,0,30,Spain,H,UEFA,2,2120,Luis de la Fuente,ESP,0,0,3,0,0,DEF,0,0,0,0,0,0,0.0,20.0,3
732,29,Eric Garcia,DEF,FC Barcelona,40000000,21,2001-01-09,183,0,25,Spain,H,UEFA,2,2120,Luis de la Fuente,ESP,3,270,0,0,270,DEF,0,0,0,0,0,0,0.0,40.0,3
733,29,Marcos Llorente,DEF,Atlético De Madrid,20000000,25,1995-01-30,183,0,31,Spain,H,UEFA,2,2120,Luis de la Fuente,ESP,0,0,3,30,30,DEF,0,1,0,0,0,1,0.0,20.0,3
734,29,Mikel Merino,MID,Arsenal FC,25000000,44,1996-06-22,188,10,30,Spain,H,UEFA,2,2120,Luis de la Fuente,ESP,0,0,3,0,0,MID,0,0,0,0,0,0,0.0,25.0,3
735,29,Ferran Torres,FWD,FC Barcelona,50000000,58,2000-02-29,183,24,26,Spain,H,UEFA,2,2120,Luis de la Fuente,ESP,0,0,3,0,0,FWD,0,0,0,0,0,0,0.0,50.0,3
736,29,Fabian Ruiz,MID,Paris Saint-Germain,30000000,43,1996-04-03,188,6,30,Spain,H,UEFA,2,2120,Luis de la Fuente,ESP,0,0,3,0,0,MID,0,0,0,0,0,0,0.0,30.0,3
737,29,Pablo Gavi,MID,FC Barcelona,30000000,31,2004-08-05,173,5,21,Spain,H,UEFA,2,2120,Luis de la Fuente,ESP,0,0,3,0,0,MID,0,0,0,0,0,0,0.0,30.0,3
738,29,Daniel Olmo,FWD,FC Barcelona,60000000,51,1998-05-07,179,12,28,Spain,H,UEFA,2,2120,Luis de la Fuente,ESP,3,270,0,0,270,FWD,0,1,0,0,0,1,0.0,60.0,3
739,29,Yeremy Jesús Pino,FWD,Crystal Palace FC,30000000,23,2002-10-20,174,4,23,Spain,H,UEFA,2,2120,Luis de la Fuente,ESP,0,0,3,0,0,FWD,0,0,0,0,0,0,0.0,30.0,3
740,29,Pedro Antonio Porro,DEF,Tottenham Hotspur FC,35000000,18,1999-09-13,173,0,26,Spain,H,UEFA,2,2120,Luis de la Fuente,ESP,3,270,0,0,270,DEF,0,0,0,0,0,0,0.0,35.0,3
741,29,Joan Garcia,GK,FC Barcelona,45000000,2,2001-05-04,194,0,25,Spain,H,UEFA,2,2120,Luis de la Fuente,ESP,0,0,3,0,0,GK,0,0,0,0,0,0,0.0,45.0,3
742,29,Aymeric Laporte,DEF,Athletic Club,8000000,47,1994-05-27,191,2,32,Spain,H,UEFA,2,2120,Luis de la Fuente,ESP,0,0,3,30,30,DEF,0,1,0,0,0,1,0.0,8.0,3
743,29,Alejandro Baena,MID,Atlético De Madrid,40000000,17,2001-07-20,172,2,24,Spain,H,UEFA,2,2120,Luis de la Fuente,ESP,3,270,0,0,270,MID,1,0,0,0,1,1,0.333,40.0,3
744,29,Rodrigo Rodri,MID,Manchester City FC,50000000,63,1996-06-22,190,4,30,Spain,H,UEFA,2,2120,Luis de la Fuente,ESP,3,270,0,0,270,MID,0,0,0,0,0,0,0.0,50.0,3
745,29,Nicholas Williams,FWD,Athletic Club,40000000,31,2002-07-12,181,6,23,Spain,H,UEFA,2,2120,Luis de la Fuente,ESP,0,0,3,0,0,FWD,0,0,0,0,0,0,0.0,40.0,3
746,29,Martin Zubimendi,MID,Arsenal FC,75000000,26,1999-02-02,181,3,27,Spain,H,UEFA,2,2120,Luis de la Fuente,ESP,3,270,0,0,270,MID,0,0,0,0,0,0,0.0,75.0,3
747,29,Lamine Yamal Yamal,FWD,FC Barcelona,200000000,26,2007-07-13,183,6,18,Spain,H,UEFA,2,2120,Luis de la Fuente,ESP,3,270,0,0,270,FWD,1,0,0,0,0,1,0.333,200.0,3
748,29,Pedro Pedri,MID,FC Barcelona,150000000,42,2002-11-25,174,6,23,Spain,H,UEFA,2,2120,Luis de la Fuente,ESP,3,270,0,0,270,MID,0,0,0,0,0,0,0.0,150.0,3
749,29,Mikel Oyarzabal,FWD,Real Sociedad,25000000,54,1997-04-21,181,25,29,Spain,H,UEFA,2,2120,Luis de la Fuente,ESP,0,0,3,30,30,FWD,2,1,0,0,1,3,6.0,25.0,3
750,29,Pau Cubarsi,DEF,FC Barcelona,80000000,13,2007-01-22,183,0,19,Spain,H,UEFA,2,2120,Luis de la Fuente,ESP,3,270,0,0,270,DEF,0,0,0,0,0,0,0.0,80.0,3
751,29,Unai Simon,GK,Athletic Club,22000000,59,1997-06-11,190,0,29,Spain,H,UEFA,2,2120,Luis de la Fuente,ESP,3,270,0,0,270,GK,0,0,0,0,0,0,0.0,22.0,3
752,29,Marc Cucurella,DEF,Chelsea FC,50000000,25,1998-07-22,173,1,27,Spain,H,UEFA,2,2120,Luis de la Fuente,ESP,3,270,0,0,270,DEF,0,0,0,0,0,0,0.0,50.0,3
753,29,Victor Munoz,FWD,CA Osasuna,30000000,2,2003-07-13,173,1,22,Spain,H,UEFA,2,2120,Luis de la Fuente,ESP,0,0,3,0,0,FWD,0,0,0,0,0,0,0.0,30.0,3
754,29,Borja Iglesias,FWD,RC Celta Vigo,2800000,8,1993-01-17,187,0,33,Spain,H,UEFA,2,2120,Luis de la Fuente,ESP,0,0,3,0,0,FWD,0,0,0,0,0,0,0.0,2.8,3
755,30,José Vozinha,GK,GD Chaves,50000,91,1986-06-03,189,0,40,Cabo Verde,H,CAF,67,1640,Bubista,CPV,3,270,0,0,270,GK,0,0,0,0,3,0,0.0,0.05,3
756,30,Ianique Stopira,DEF,SCU Torreense,50000,61,1988-05-20,178,4,38,Cabo Verde,H,CAF,67,1640,Bubista,CPV,0,0,3,0,0,DEF,0,0,0,0,0,0,0.0,0.05,3
757,30,Alberto Diney,DEF,Al Bataeh Club,1000000,33,1995-01-17,185,2,31,Cabo Verde,H,CAF,67,1640,Bubista,CPV,0,0,3,0,0,DEF,0,0,0,0,0,0,0.0,1.0,3
758,30,Carlos Pico Lopes,DEF,Shamrock Rovers FC,250000,46,1992-06-17,186,0,34,Cabo Verde,H,CAF,67,1640,Bubista,CPV,0,0,3,0,0,DEF,0,0,0,0,0,0,0.0,0.25,3
759,30,Evans Logan Costa,DEF,Villarreal CF,15000000,28,2001-04-01,190,0,25,Cabo Verde,H,CAF,67,1640,Bubista,CPV,3,270,0,0,270,DEF,0,0,0,0,0,0,0.0,15.0,3
760,30,Lenini Kevin Pina,MID,FC Krasnodar,5000000,32,1997-01-27,177,3,29,Cabo Verde,H,CAF,67,1640,Bubista,CPV,3,270,0,0,270,MID,1,0,0,0,0,1,0.333,5.0,3
761,30,Eduardo Jovane,MID,CF Estrela Da Amadora,1000000,30,1998-06-14,174,3,28,Cabo Verde,H,CAF,67,1640,Bubista,CPV,0,0,3,0,0,MID,0,0,0,0,0,0,0.0,1.0,3
762,30,Paulo Joao Paulo,MID,FC FCSB,900000,42,1998-05-26,180,1,28,Cabo Verde,H,CAF,67,1640,Bubista,CPV,0,0,3,0,0,MID,0,0,0,0,0,0,0.0,0.9,3
763,30,BENCHIMOLGilson Gilson,FWD,FC Akron Tolyatti,1200000,21,2001-12-29,187,6,24,Cabo Verde,H,CAF,67,1640,Bubista,CPV,3,270,0,0,270,FWD,0,0,0,0,0,0,0.0,1.2,3
764,30,Gregory Jamiro Monteiro,MID,PEC Zwolle,650000,56,1993-11-23,175,5,32,Cabo Verde,H,CAF,67,1640,Bubista,CPV,0,0,3,0,0,MID,0,0,0,0,0,0,0.0,0.65,3
765,30,RODRIGUESGarry Garry,MID,Apollon Limassol,325000,61,1990-11-27,173,10,35,Cabo Verde,H,CAF,67,1640,Bubista,CPV,0,0,3,0,0,MID,0,0,0,0,0,0,0.0,0.32,3
766,30,Salomão Marcio,GK,PFC Montana,350000,11,1997-02-23,186,0,29,Cabo Verde,H,CAF,67,1640,Bubista,CPV,0,0,3,0,0,GK,0,0,0,0,0,0,0.0,0.35,3
767,30,CABRALSidny Sidny Lopes,DEF,SL Benfica,4000000,12,2002-09-18,176,3,23,Cabo Verde,H,CAF,67,1640,Bubista,CPV,3,270,0,0,270,DEF,0,0,0,0,0,0,0.0,4.0,3
768,30,Deroy Deroy Duarte,MID,PFC Ludogorets Razgrad,1000000,34,1999-07-04,177,0,27,Cabo Verde,H,CAF,67,1640,Bubista,CPV,3,270,0,0,270,MID,0,0,0,0,0,0,0.0,1.0,3
769,30,Michael Laros Duarte,MID,Puskás Akadémia FC,1000000,21,1997-02-28,180,1,29,Cabo Verde,H,CAF,67,1640,Bubista,CPV,0,0,3,0,0,MID,0,0,0,0,0,0,0.0,1.0,3
770,30,SEMEDOJair Yannick,MID,SC Farense,250000,11,1995-12-29,176,1,30,Cabo Verde,H,CAF,67,1640,Bubista,CPV,0,0,3,0,0,MID,0,0,0,0,0,0,0.0,0.25,3
771,30,Johnson Willy,MID,AC Omonia,700000,39,1994-04-27,185,3,32,Cabo Verde,H,CAF,67,1640,Bubista,CPV,0,0,3,0,0,MID,0,0,0,0,0,0,0.0,0.7,3
772,30,Emanuel Telmo,MID,Vitória SC,3000000,17,2001-06-21,180,1,25,Cabo Verde,H,CAF,67,1640,Bubista,CPV,3,270,0,0,270,MID,0,0,0,0,0,0,0.0,3.0,3
773,30,Dailon Dailon Livramento,FWD,Casa Pia AC,800000,23,2001-05-04,185,7,25,Cabo Verde,H,CAF,67,1640,Bubista,CPV,3,270,0,0,270,FWD,0,0,0,0,0,0,0.0,0.8,3
774,30,Isaac Ryan,FWD,I ğ dır FK,250000,99,1990-01-08,178,22,36,Cabo Verde,H,CAF,67,1640,Bubista,CPV,0,0,3,0,0,FWD,0,0,0,0,0,0,0.0,0.25,3
775,30,Miguel Nuno Da Costa,MID,Ba ş ak ş ehir FK,400000,10,1991-02-10,182,2,35,Cabo Verde,H,CAF,67,1640,Bubista,CPV,0,0,3,0,0,MID,0,0,0,0,0,0,0.0,0.4,3
776,30,MOREIRASteven Steven,DEF,Columbus Crew,1500000,21,1994-08-13,178,0,31,Cabo Verde,H,CAF,67,1640,Bubista,CPV,3,270,0,0,270,DEF,0,0,0,0,0,0,0.0,1.5,3
777,30,Joaquim Cj Dos Santos,GK,San Diego FC,1000000,1,2000-08-24,189,0,25,Cabo Verde,H,CAF,67,1640,Bubista,CPV,0,0,3,0,0,GK,0,0,0,0,0,0,0.0,1.0,3
778,30,Fabricio Wagner Pina,DEF,Trabzonspor,11000000,14,2002-11-03,180,0,23,Cabo Verde,H,CAF,67,1640,Bubista,CPV,3,270,0,0,270,DEF,0,0,1,0,0,0,0.0,11.0,3
779,30,PIRESKelvin Kelvin,DEF,SJK,350000,6,2000-06-05,193,1,26,Cabo Verde,H,CAF,67,1640,Bubista,CPV,0,0,3,0,0,DEF,0,0,0,0,0,0,0.0,0.35,3
780,30,Sandro Helio Varela,MID,Maccabi Tel-Aviv FC,1200000,21,2002-05-03,176,0,24,Cabo Verde,H,CAF,67,1640,Bubista,CPV,3,270,0,0,270,MID,1,0,0,0,0,1,0.333,1.2,3
781,31,Dhahi Nawaf Alaqidi,GK,Al Nassr FC,650000,24,2000-05-10,186,0,26,Saudi Arabia,H,AFC,58,1660,Georgios Donis,KSA,0,0,3,0,0,GK,0,0,0,0,0,0,0.0,0.65,3
782,31,Hassan Ali Majrashi,DEF,Al Ahli FC,1400000,21,1999-10-02,169,0,26,Saudi Arabia,H,AFC,58,1660,Georgios Donis,KSA,0,0,3,0,0,DEF,0,0,0,0,0,0,0.0,1.4,3
783,31,Mohammed Ali Lajami,DEF,Al Hilal SC,750000,25,1996-04-24,177,1,30,Saudi Arabia,H,AFC,58,1660,Georgios Donis,KSA,0,0,3,0,0,DEF,0,0,0,0,0,0,0.0,0.75,3
784,31,Ali Abdulelah Alamri,DEF,Al Nassr FC,1400000,45,1997-01-15,185,2,29,Saudi Arabia,H,AFC,58,1660,Georgios Donis,KSA,3,270,0,0,270,DEF,1,0,0,0,0,1,0.333,1.4,3
785,31,Mohammed Hassan Altambakti,DEF,Al Hilal SC,1800000,55,1999-02-09,183,1,27,Saudi Arabia,H,AFC,58,1660,Georgios Donis,KSA,3,270,0,0,270,DEF,1,0,0,0,0,1,0.333,1.8,3
786,31,Essa Nasser Aldawsari,MID,Al Hilal SC,900000,48,1998-12-19,178,1,27,Saudi Arabia,H,AFC,58,1660,Georgios Donis,KSA,3,270,0,0,270,MID,0,0,1,0,0,0,0.0,0.9,3
787,31,Fahad Musab Aljuwayr,MID,Al Qadsiah FC,6000000,38,2003-06-20,175,6,23,Saudi Arabia,H,AFC,58,1660,Georgios Donis,KSA,3,270,0,0,270,MID,0,0,0,0,0,0,0.0,6.0,3
788,31,Yahya Aiman Yahya,FWD,Al Nassr FC,1200000,26,2001-05-14,173,0,25,Saudi Arabia,H,AFC,58,1660,Georgios Donis,KSA,0,0,3,0,0,FWD,0,0,0,0,0,0,0.0,1.2,3
789,31,Tariq Feras,FWD,Al Ahli FC,3500000,73,2000-05-14,185,16,26,Saudi Arabia,H,AFC,58,1660,Georgios Donis,KSA,3,270,0,0,270,FWD,0,0,1,0,0,0,0.0,3.5,3
790,31,Mohammed Salem Aldawsari,FWD,Al Hilal SC,1200000,112,1991-08-19,173,27,34,Saudi Arabia,H,AFC,58,1660,Georgios Donis,KSA,3,270,0,0,270,FWD,0,0,0,0,0,0,0.0,1.2,3
791,31,Khalid Saleh,FWD,Al Ittihad,500000,59,1993-11-01,184,17,32,Saudi Arabia,H,AFC,58,1660,Georgios Donis,KSA,0,0,3,0,0,FWD,0,0,0,0,0,0,0.0,0.5,3
792,31,Abdullah Saud Abdulhamid,DEF,RC Lens,9000000,56,1999-07-18,172,1,26,Saudi Arabia,H,AFC,58,1660,Georgios Donis,KSA,3,270,0,0,270,DEF,0,0,1,0,0,0,0.0,9.0,3
793,31,Meshari Nawaf Bu Washl,DEF,Al Nassr FC,1400000,28,1999-09-16,173,0,26,Saudi Arabia,H,AFC,58,1660,Georgios Donis,KSA,0,0,3,0,0,DEF,0,0,0,0,0,0,0.0,1.4,3
794,31,Kadish Hassan,DEF,Al Ittihad,275000,21,1992-09-26,179,2,33,Saudi Arabia,H,AFC,58,1660,Georgios Donis,KSA,0,0,3,0,0,DEF,0,0,0,0,0,0,0.0,0.28,3
795,31,Mohammed Abdullah Alkhaibari,MID,Al Nassr FC,750000,43,1996-08-16,175,0,29,Saudi Arabia,H,AFC,58,1660,Georgios Donis,KSA,0,0,3,0,0,MID,0,0,0,0,0,0,0.0,0.75,3
796,31,Mubarak Ziyad Aljohani,MID,Al Ahli FC,800000,12,2001-11-11,180,0,24,Saudi Arabia,H,AFC,58,1660,Georgios Donis,KSA,3,270,0,0,270,MID,0,0,0,0,0,0,0.0,0.8,3
797,31,Essa Khalid Alghannam,FWD,Al Ettifaq FC,300000,7,2000-11-08,171,0,25,Saudi Arabia,H,AFC,58,1660,Georgios Donis,KSA,0,0,3,0,0,FWD,0,0,0,0,0,0,0.0,0.3,3
798,31,Mohsen Ala Alhajji,MID,Neom SC,300000,4,1995-12-03,178,0,30,Saudi Arabia,H,AFC,58,1660,Georgios Donis,KSA,0,0,3,0,0,MID,0,0,0,0,0,0,0.0,0.3,3
799,31,Abdulrahman Abdullah Alhamddan,FWD,Al Nassr FC,350000,53,1999-09-13,186,13,26,Saudi Arabia,H,AFC,58,1660,Georgios Donis,KSA,0,0,3,0,0,FWD,0,0,0,0,0,0,0.0,0.35,3
800,31,Ahmed Sultan Mandash,FWD,Al Hilal SC,350000,7,1994-10-17,172,2,31,Saudi Arabia,H,AFC,58,1660,Georgios Donis,KSA,0,0,3,0,0,FWD,0,0,0,0,0,0,0.0,0.35,3
801,31,Khalil Mohammed Alowais,GK,Al Ula Saudi FC,275000,66,1991-10-10,185,0,34,Saudi Arabia,H,AFC,58,1660,Georgios Donis,KSA,3,270,0,0,270,GK,0,0,0,0,1,0,0.0,0.28,3
802,31,Ali Ahmed,GK,Al Qadsiah FC,3000000,9,1991-05-08,178,0,35,Saudi Arabia,H,AFC,58,1660,Georgios Donis,KSA,0,0,3,0,0,GK,0,0,0,0,0,0,0.0,3.0,3
803,31,Ibrahim Mohamed,MID,Al Hilal SC,800000,80,1994-09-22,191,8,31,Saudi Arabia,H,AFC,58,1660,Georgios Donis,KSA,3,270,0,0,270,MID,0,0,0,0,0,0,0.0,0.8,3
804,31,Saad Moteb Alharbi,DEF,Al Hilal SC,1000000,14,2000-02-20,177,0,26,Saudi Arabia,H,AFC,58,1660,Georgios Donis,KSA,0,0,3,0,0,DEF,0,0,0,0,0,0,0.0,1.0,3
805,31,Abdullatif Jehad Thikri,DEF,Al Qadsiah FC,1200000,8,2001-07-21,184,0,24,Saudi Arabia,H,AFC,58,1660,Georgios Donis,KSA,0,0,3,0,0,DEF,0,0,0,0,0,0,0.0,1.2,3
806,31,Waheeb Mohammed Abu Alshamat,DEF,Al Qadsiah FC,1800000,9,2002-08-11,170,0,23,Saudi Arabia,H,AFC,58,1660,Georgios Donis,KSA,3,270,0,0,270,DEF,0,0,0,0,0,0,0.0,1.8,3
807,32,Sergio Ramón Rochet,GK,SC Internacional,1800000,35,1993-03-23,189,0,33,Uruguay,H,CONMEBOL,16,1960,Marcelo Bielsa,URU,3,270,0,0,270,GK,0,0,0,0,0,0,0.0,1.8,3
808,32,José María Gimenez,DEF,Atlético De Madrid,9000000,99,1995-01-20,186,8,31,Uruguay,H,CONMEBOL,16,1960,Marcelo Bielsa,URU,3,270,0,0,270,DEF,0,0,0,0,0,0,0.0,9.0,3
809,32,Sebastián Enzo Caceres,DEF,Club América,4500000,24,1999-08-18,180,0,26,Uruguay,H,CONMEBOL,16,1960,Marcelo Bielsa,URU,0,0,3,0,0,DEF,0,0,0,0,0,0,0.0,4.5,3
810,32,Ronald Federico Araujo,DEF,FC Barcelona,20000000,27,1999-03-07,185,1,27,Uruguay,H,CONMEBOL,16,1960,Marcelo Bielsa,URU,3,270,0,0,270,DEF,0,0,0,0,0,0,0.0,20.0,3
811,32,Manuel Ugarte,MID,Manchester United FC,25000000,36,2001-04-11,182,1,25,Uruguay,H,CONMEBOL,16,1960,Marcelo Bielsa,URU,3,270,0,0,270,MID,0,0,0,0,0,0,0.0,25.0,3
812,32,Rodrigo Bentancur,MID,Tottenham Hotspur FC,20000000,74,1997-06-25,187,3,29,Uruguay,H,CONMEBOL,16,1960,Marcelo Bielsa,URU,0,0,3,0,0,MID,0,0,0,0,0,0,0.0,20.0,3
813,32,Diego Nicolás De La Cruz,MID,CR Flamengo,8000000,35,1997-06-01,167,5,29,Uruguay,H,CONMEBOL,16,1960,Marcelo Bielsa,URU,0,0,3,0,0,MID,0,0,0,0,0,0,0.0,8.0,3
814,32,Federico Santiago Valverde,MID,Real Madrid C. F.,90000000,74,1998-07-22,182,9,27,Uruguay,H,CONMEBOL,16,1960,Marcelo Bielsa,URU,3,270,0,0,270,MID,0,1,0,0,0,1,0.0,90.0,3
815,32,Darwin Gabriel Nunez,FWD,Al Hilal SC,20000000,39,1999-06-24,185,13,27,Uruguay,H,CONMEBOL,16,1960,Marcelo Bielsa,URU,3,270,0,0,270,FWD,0,0,0,0,0,0,0.0,20.0,3
816,32,Giorgian Daniel De Arrascaeta,MID,CR Flamengo,14000000,59,1994-06-01,177,13,32,Uruguay,H,CONMEBOL,16,1960,Marcelo Bielsa,URU,0,0,3,0,0,MID,0,0,0,0,0,0,0.0,14.0,3
817,32,Facundo Pellistri,FWD,Panathinaikos FC,5000000,39,2001-12-20,174,2,24,Uruguay,H,CONMEBOL,16,1960,Marcelo Bielsa,URU,0,0,3,0,0,FWD,0,0,0,0,0,0,0.0,5.0,3
818,32,Santiago Andres Mele,GK,CF Monterrey,2000000,8,1997-09-06,185,0,28,Uruguay,H,CONMEBOL,16,1960,Marcelo Bielsa,URU,0,0,3,0,0,GK,0,0,0,0,0,0,0.0,2.0,3
819,32,Guillermo Varela,DEF,CR Flamengo,1000000,28,1993-03-24,174,0,33,Uruguay,H,CONMEBOL,16,1960,Marcelo Bielsa,URU,0,0,3,0,0,DEF,0,0,0,0,0,0,0.0,1.0,3
820,32,Agustin Canobbio,MID,Fluminense FC,8000000,15,1998-10-01,176,1,27,Uruguay,H,CONMEBOL,16,1960,Marcelo Bielsa,URU,0,0,3,30,30,MID,1,0,0,0,0,1,3.0,8.0,3
821,32,Emiliano Martinez,MID,SE Palmeiras,6500000,10,1999-08-17,184,0,26,Uruguay,H,CONMEBOL,16,1960,Marcelo Bielsa,URU,0,0,3,0,0,MID,0,0,0,0,0,0,0.0,6.5,3
822,32,Mathías Olivera,DEF,SSC Napoli,15000000,36,1997-10-31,174,2,28,Uruguay,H,CONMEBOL,16,1960,Marcelo Bielsa,URU,3,270,0,0,270,DEF,0,0,0,0,0,0,0.0,15.0,3
823,32,Matías Nicolas Vina,DEF,CA River Plate,3500000,44,1997-11-09,180,1,28,Uruguay,H,CONMEBOL,16,1960,Marcelo Bielsa,URU,0,0,3,0,0,DEF,0,0,0,0,0,0,0.0,3.5,3
824,32,Paul Brian Rodriguez,FWD,Club América,8000000,34,2000-05-20,175,4,26,Uruguay,H,CONMEBOL,16,1960,Marcelo Bielsa,URU,3,270,0,0,270,FWD,0,0,0,0,0,0,0.0,8.0,3
825,32,Rodrigo Sebastian Aguirre,FWD,Tigres UANL,2300000,11,1994-10-01,182,3,31,Uruguay,H,CONMEBOL,16,1960,Marcelo Bielsa,URU,0,0,3,0,0,FWD,0,0,0,0,0,0,0.0,2.3,3
826,32,Maximiliano Javier Araujo,MID,Sporting CP,35000000,29,2000-02-15,176,4,26,Uruguay,H,CONMEBOL,16,1960,Marcelo Bielsa,URU,3,270,0,0,270,MID,2,1,0,0,0,3,0.667,35.0,3
827,32,Federico Sebastian Vinas,FWD,Real Oviedo,4000000,12,1998-06-30,181,2,28,Uruguay,H,CONMEBOL,16,1960,Marcelo Bielsa,URU,0,0,3,0,0,FWD,0,0,0,0,0,0,0.0,4.0,3
828,32,Joaquin Piquerez,MID,SE Palmeiras,12000000,19,1998-08-24,185,0,27,Uruguay,H,CONMEBOL,16,1960,Marcelo Bielsa,URU,0,0,3,0,0,MID,0,0,0,0,0,0,0.0,12.0,3
829,32,Nestor Fernando Muslera,GK,Estudiantes LP,700000,135,1986-06-16,190,0,40,Uruguay,H,CONMEBOL,16,1960,Marcelo Bielsa,URU,0,0,3,0,0,GK,0,0,0,0,0,0,0.0,0.7,3
830,32,Santiago Ignacio Bueno,DEF,Wolverhampton Wanderers FC,10000000,8,1998-11-09,191,0,27,Uruguay,H,CONMEBOL,16,1960,Marcelo Bielsa,URU,3,270,0,0,270,DEF,0,0,0,0,0,0,0.0,10.0,3
831,32,Juan Manuel Sanabria,MID,Real Salt Lake,4000000,6,2000-03-29,170,1,26,Uruguay,H,CONMEBOL,16,1960,Marcelo Bielsa,URU,0,0,3,0,0,MID,0,0,0,0,0,0,0.0,4.0,3
832,32,Radrigo Zalazar,MID,SC Braga,30000000,7,1999-08-12,175,2,26,Uruguay,H,CONMEBOL,16,1960,Marcelo Bielsa,URU,3,270,0,0,270,MID,0,0,0,0,0,0,0.0,30.0,3
833,33,Brice Lauriche Samba,GK,Stade Rennais FC,7000000,4,1994-04-25,187,0,32,France,I,UEFA,3,2100,Didier Deschamps,FRA,0,0,3,0,0,GK,0,0,0,0,0,0,0.0,7.0,3
834,33,Malo Arthur Gusto,DEF,Chelsea FC,35000000,11,2003-05-19,179,0,23,France,I,UEFA,3,2100,Didier Deschamps,FRA,0,0,3,0,0,DEF,0,0,0,0,0,0,0.0,35.0,3
835,33,Lucas Digne,DEF,Aston Villa FC,6000000,58,1993-07-20,178,0,32,France,I,UEFA,3,2100,Didier Deschamps,FRA,0,0,3,0,0,DEF,0,0,0,0,0,0,0.0,6.0,3
836,33,Dayotchanculle Oswald Upamecano,DEF,FC Bayern München,70000000,39,1998-10-27,186,2,27,France,I,UEFA,3,2100,Didier Deschamps,FRA,3,270,0,0,270,DEF,0,0,0,0,0,0,0.0,70.0,3
837,33,Jules Olivier Kounde,DEF,FC Barcelona,60000000,49,1998-11-12,178,0,27,France,I,UEFA,3,2100,Didier Deschamps,FRA,3,270,0,0,270,DEF,0,0,0,0,0,0,0.0,60.0,3
838,33,Emmanuel Boris Kone,MID,AS Roma,50000000,14,2001-05-17,185,0,25,France,I,UEFA,3,2100,Didier Deschamps,FRA,3,270,0,0,270,MID,0,0,0,0,0,0,0.0,50.0,3
839,33,Masour Ousmane Dembele,FWD,Paris Saint-Germain,100000000,60,1997-05-15,179,7,29,France,I,UEFA,3,2100,Didier Deschamps,FRA,0,0,3,60,60,FWD,4,1,0,0,1,5,6.0,100.0,3
840,33,Aurélien Djani Tchouameni,MID,Real Madrid C. F.,70000000,47,2000-01-27,188,3,26,France,I,UEFA,3,2100,Didier Deschamps,FRA,3,270,0,0,270,MID,0,1,1,0,0,1,0.0,70.0,3
841,33,Marcus Lilian Thuram,FWD,FC Internazionale Milano,50000000,34,1997-08-06,192,3,28,France,I,UEFA,3,2100,Didier Deschamps,FRA,0,0,3,0,0,FWD,0,0,0,0,0,0,0.0,50.0,3
842,33,Kylian Mbappe,FWD,Real Madrid C. F.,180000000,99,1998-12-20,180,58,27,France,I,UEFA,3,2100,Didier Deschamps,FRA,3,270,0,0,270,FWD,4,2,0,0,1,6,1.333,180.0,3
843,33,Michael Akpovie Olise,FWD,FC Bayern München,150000000,18,2001-12-12,184,7,24,France,I,UEFA,3,2100,Didier Deschamps,FRA,3,270,0,0,270,FWD,0,4,0,0,1,4,0.0,150.0,3
844,33,Bradley Jean-Manuel Essolisa Barcola,FWD,Paris Saint-Germain,70000000,21,2002-09-02,187,4,23,France,I,UEFA,3,2100,Didier Deschamps,FRA,0,0,3,60,60,FWD,1,1,0,0,0,2,1.5,70.0,3
845,33,N'golo Kante,MID,Fenerbahçe SK,4000000,69,1991-03-29,171,2,35,France,I,UEFA,3,2100,Didier Deschamps,FRA,0,0,3,0,0,MID,0,0,0,0,0,0,0.0,4.0,3
846,33,Adrien Thibault Marie Rabiot,MID,AC Milan,18000000,60,1995-04-03,191,7,31,France,I,UEFA,3,2100,Didier Deschamps,FRA,0,0,3,30,30,MID,0,1,0,0,0,1,0.0,18.0,3
847,33,Ibrahima Konate,DEF,Liverpool FC,45000000,28,1999-05-25,194,0,27,France,I,UEFA,3,2100,Didier Deschamps,FRA,0,0,3,0,0,DEF,0,0,0,0,0,0,0.0,45.0,3
848,33,Mike Peterson Maignan,GK,AC Milan,20000000,41,1995-07-03,191,0,31,France,I,UEFA,3,2100,Didier Deschamps,FRA,3,270,0,0,270,GK,0,0,0,0,0,0,0.0,20.0,3
849,33,William Alain André Gabriel Saliba,DEF,Arsenal FC,100000000,33,2001-03-24,192,0,25,France,I,UEFA,3,2100,Didier Deschamps,FRA,3,270,0,0,270,DEF,0,0,0,0,0,0,0.0,100.0,3
850,33,Warren Marie Jean-Pierre Zaire-Emery,MID,Paris Saint-Germain,80000000,11,2006-03-08,176,1,20,France,I,UEFA,3,2100,Didier Deschamps,FRA,3,270,0,0,270,MID,0,0,0,0,0,0,0.0,80.0,3
851,33,Théo Bernard François Hernandez,DEF,Al Hilal SC,20000000,45,1997-10-06,184,2,28,France,I,UEFA,3,2100,Didier Deschamps,FRA,0,0,3,0,0,DEF,0,0,0,0,0,0,0.0,20.0,3
852,33,Désiré Nonka-Maho Doue,FWD,Paris Saint-Germain,120000000,8,2005-06-03,182,2,21,France,I,UEFA,3,2100,Didier Deschamps,FRA,0,0,3,30,30,FWD,1,0,0,0,0,1,3.0,120.0,3
853,33,Lucas Francois Bernard Hernandez,DEF,Paris Saint-Germain,18000000,42,1996-02-14,184,0,30,France,I,UEFA,3,2100,Didier Deschamps,FRA,0,0,3,0,0,DEF,0,0,0,0,0,0,0.0,18.0,3
854,33,Jean-Philippe Mateta,FWD,Crystal Palace FC,30000000,4,1997-06-28,192,2,29,France,I,UEFA,3,2100,Didier Deschamps,FRA,0,0,3,0,0,FWD,0,0,0,0,0,0,0.0,30.0,3
855,33,Robin François Philippe Risser,GK,RC Lens,30000000,0,2004-12-02,193,0,21,France,I,UEFA,3,2100,Didier Deschamps,FRA,0,0,3,0,0,GK,0,0,0,0,0,0,0.0,30.0,3
856,33,Mathis Rayan Cherki,MID,Manchester City FC,90000000,8,2003-08-17,180,2,22,France,I,UEFA,3,2100,Didier Deschamps,FRA,3,270,0,0,270,MID,0,0,0,0,0,0,0.0,90.0,3
857,33,Maghnes Akliouche,MID,AS Monaco,50000000,9,2002-02-25,183,1,24,France,I,UEFA,3,2100,Didier Deschamps,FRA,0,0,3,0,0,MID,0,0,0,0,0,0,0.0,50.0,3
858,33,Maxence Guy Lacroix,DEF,Crystal Palace FC,50000000,4,2000-04-06,192,0,26,France,I,UEFA,3,2100,Didier Deschamps,FRA,3,270,0,0,270,DEF,0,0,0,0,0,0,0.0,50.0,3
859,34,Yehvann Djibril Victor Diouf,GK,OGC Nice,7000000,2,1999-11-16,188,0,26,Senegal,I,CAF,15,1840,Pape Thiaw,SEN,0,0,3,0,0,GK,0,0,0,0,0,0,0.0,7.0,3
860,34,Mamadou Sarr,DEF,Chelsea FC,22000000,8,2005-08-29,194,0,20,Senegal,I,CAF,15,1840,Pape Thiaw,SEN,3,270,0,0,270,DEF,0,0,0,0,0,0,0.0,22.0,3
861,34,Kalidou Koulibaly,DEF,Al Hilal SC,4500000,105,1991-06-20,186,2,35,Senegal,I,CAF,15,1840,Pape Thiaw,SEN,0,0,3,0,0,DEF,0,0,0,0,0,0,0.0,4.5,3
862,34,Abdoulaye Seck,DEF,Maccabi Haifa FC,400000,23,1992-06-04,192,4,34,Senegal,I,CAF,15,1840,Pape Thiaw,SEN,0,0,3,30,30,DEF,0,1,1,0,0,1,0.0,0.4,3
863,34,Idrissa Gana Gueye,MID,Everton FC,500000,137,1989-09-26,174,7,36,Senegal,I,CAF,15,1840,Pape Thiaw,SEN,0,0,3,0,0,MID,0,0,0,0,0,0,0.0,0.5,3
864,34,Ismaila Pathe Ciss,MID,Rayo Vallecano,1800000,32,1994-03-16,186,0,32,Senegal,I,CAF,15,1840,Pape Thiaw,SEN,0,0,3,0,0,MID,0,0,0,0,0,0,0.0,1.8,3
865,34,Assane Diao,FWD,Como,30000000,5,2005-09-07,185,0,20,Senegal,I,CAF,15,1840,Pape Thiaw,SEN,0,0,3,0,0,FWD,0,0,0,0,0,0,0.0,30.0,3
866,34,Lamine Camara,MID,AS Monaco,40000000,46,2004-01-01,174,7,22,Senegal,I,CAF,15,1840,Pape Thiaw,SEN,3,270,0,0,270,MID,0,1,0,0,0,1,0.0,40.0,3
867,34,Ahmadou Bamba Mbacke Dieng,FWD,FC Lorient,15000000,24,2000-03-23,178,2,26,Senegal,I,CAF,15,1840,Pape Thiaw,SEN,0,0,3,0,0,FWD,0,0,0,0,0,0,0.0,15.0,3
868,34,Sadio Mane,FWD,Al Nassr FC,6000000,131,1992-04-10,175,54,34,Senegal,I,CAF,15,1840,Pape Thiaw,SEN,0,0,3,30,30,FWD,0,1,0,0,0,1,0.0,6.0,3
869,34,Nicolas Jackson,FWD,FC Bayern München,40000000,35,2001-06-20,187,8,25,Senegal,I,CAF,15,1840,Pape Thiaw,SEN,0,0,3,30,30,FWD,0,1,0,0,0,1,0.0,40.0,3
870,34,Pape Cherif Ndiaye,FWD,Samsunspor,5000000,19,1996-01-23,190,4,30,Senegal,I,CAF,15,1840,Pape Thiaw,SEN,0,0,3,0,0,FWD,0,0,0,0,0,0,0.0,5.0,3
871,34,Iliman Cheikh Baroy Ndiaye,FWD,Everton FC,55000000,42,2000-03-06,180,4,26,Senegal,I,CAF,15,1840,Pape Thiaw,SEN,3,270,0,0,270,FWD,1,2,0,0,1,3,0.333,55.0,3
872,34,Ismail Joshua Jakobs,DEF,Galatasaray SK,8000000,31,1999-08-17,184,0,26,Senegal,I,CAF,15,1840,Pape Thiaw,SEN,0,0,3,0,0,DEF,0,0,0,0,0,0,0.0,8.0,3
873,34,Krepin Diatta,DEF,AS Monaco,6000000,63,1999-02-25,173,2,27,Senegal,I,CAF,15,1840,Pape Thiaw,SEN,0,0,3,0,0,DEF,0,0,0,0,0,0,0.0,6.0,3
874,34,Edouard Osoque Mendy,GK,Al Ahli FC,4000000,59,1992-03-01,194,0,34,Senegal,I,CAF,15,1840,Pape Thiaw,SEN,3,270,0,0,270,GK,0,0,0,0,0,0,0.0,4.0,3
875,34,Pape Matar Sarr,MID,Tottenham Hotspur FC,30000000,41,2002-09-14,185,4,23,Senegal,I,CAF,15,1840,Pape Thiaw,SEN,3,270,0,0,270,MID,0,0,0,0,0,0,0.0,30.0,3
876,34,Ismaila Sarr,FWD,Crystal Palace FC,40000000,85,1998-02-25,185,19,28,Senegal,I,CAF,15,1840,Pape Thiaw,SEN,3,270,0,0,270,FWD,3,1,0,0,0,4,1.0,40.0,3
877,34,Moussa Niakhate,DEF,Olympique Lyonnais,15000000,33,1996-03-08,190,0,30,Senegal,I,CAF,15,1840,Pape Thiaw,SEN,3,270,0,0,270,DEF,0,0,0,0,0,0,0.0,15.0,3
878,34,Ibrahim Mbaye,FWD,Paris Saint-Germain,30000000,12,2008-01-24,175,4,18,Senegal,I,CAF,15,1840,Pape Thiaw,SEN,0,0,3,30,30,FWD,1,0,0,0,0,1,3.0,30.0,3
879,34,Habib Mbacke Diarra,MID,Sunderland AFC,35000000,22,2004-01-03,178,4,22,Senegal,I,CAF,15,1840,Pape Thiaw,SEN,3,270,0,0,270,MID,1,0,0,0,0,1,0.333,35.0,3
880,34,Bara Sapoko Ndiaye,MID,FC Bayern München,4000000,1,2007-12-31,180,0,18,Senegal,I,CAF,15,1840,Pape Thiaw,SEN,0,0,3,0,0,MID,0,0,0,0,0,0,0.0,4.0,3
881,34,Mory Diaw,GK,Le Havre AC,900000,5,1993-06-22,197,0,33,Senegal,I,CAF,15,1840,Pape Thiaw,SEN,0,0,3,0,0,GK,0,0,0,0,0,0,0.0,0.9,3
882,34,Antoine Alpha Mendy,DEF,OGC Nice,10000000,7,2004-05-27,187,0,22,Senegal,I,CAF,15,1840,Pape Thiaw,SEN,3,270,0,0,270,DEF,0,0,0,0,0,0,0.0,10.0,3
883,34,El Hadji Malick Diouf,DEF,West Ham United FC,28000000,21,2004-12-29,177,1,21,Senegal,I,CAF,15,1840,Pape Thiaw,SEN,3,270,0,0,270,DEF,0,0,0,0,0,0,0.0,28.0,3
884,34,Pape Alassane Gueye,MID,Villarreal CF,40000000,43,1999-01-24,189,6,27,Senegal,I,CAF,15,1840,Pape Thiaw,SEN,3,270,0,0,270,MID,2,1,1,0,0,3,0.667,40.0,3
885,35,Talib Raheem Fahad Talib,GK,Al Talaba SC,375000,21,1994-10-21,192,0,31,Iraq,I,AFC,55,1630,Graham Arnold,IRQ,2,180,1,0,180,GK,0,0,0,0,0,0,0.0,0.38,3
886,35,Ghareeb Solaka Rebin Sulaka,DEF,Port FC,100000,56,1992-04-12,193,1,34,Iraq,I,AFC,55,1630,Graham Arnold,IRQ,0,0,3,30,30,DEF,0,0,0,1,0,0,0.0,0.1,3
887,35,Haydar Hussein Hussein,DEF,Pogo ń  Szczecin,400000,28,2002-03-01,182,1,24,Iraq,I,AFC,55,1630,Graham Arnold,IRQ,0,0,3,30,30,DEF,0,0,0,0,0,0,0.0,0.4,3
888,35,Tahseen Abd Zaid Zaid,DEF,Pakhtakor Tashkent FK,600000,29,2001-01-29,187,1,25,Iraq,I,AFC,55,1630,Graham Arnold,IRQ,3,270,0,0,270,DEF,0,0,0,0,0,0,0.0,0.6,3
889,35,Hashim Rahman Akam Hashim,DEF,Al Zawra'a SC,700000,15,1998-08-16,184,1,27,Iraq,I,AFC,55,1630,Graham Arnold,IRQ,3,270,0,0,270,DEF,0,0,0,0,0,0,0.0,0.7,3
890,35,Younus Hashim Munaf Younus,DEF,Al Shorta SC,300000,34,1996-11-16,184,1,29,Iraq,I,AFC,55,1630,Graham Arnold,IRQ,0,0,3,0,0,DEF,0,0,0,0,0,0,0.0,0.3,3
891,35,Wali Faeq Youssef Amyn,MID,AEK Larnaca FC,550000,27,2003-08-21,172,2,22,Iraq,I,AFC,55,1630,Graham Arnold,IRQ,0,0,3,0,0,MID,0,0,0,0,0,0,0.0,0.55,3
892,35,Bayesh Kamil Ibrahim Bayesh,MID,Al Dhafra SCC,800000,77,2000-05-01,180,8,26,Iraq,I,AFC,55,1630,Graham Arnold,IRQ,0,0,3,0,0,MID,0,0,0,0,0,0,0.0,0.8,3
893,35,Ibrahim Karim Ali Alhamadi,FWD,Luton Town FC,1500000,21,2002-03-01,187,5,24,Iraq,I,AFC,55,1630,Graham Arnold,IRQ,0,0,3,0,0,FWD,0,0,0,0,0,0,0.0,1.5,3
894,35,Ali Kadhim Mohanad Ali,FWD,Dibba FC,1200000,73,2000-06-20,183,26,26,Iraq,I,AFC,55,1630,Graham Arnold,IRQ,0,0,3,0,0,FWD,0,0,0,0,0,0,0.0,1.2,3
895,35,Ihab Ahmed Ahmed,FWD,Nashville SC,3500000,4,2003-07-12,183,0,22,Iraq,I,AFC,55,1630,Graham Arnold,IRQ,3,270,0,0,270,FWD,0,0,0,0,0,0,0.0,3.5,3
896,35,Hasan Hachim Jalal Hassan,GK,Al Zawra'a SC,250000,105,1991-05-18,188,0,35,Iraq,I,AFC,55,1630,Graham Arnold,IRQ,0,0,3,0,0,GK,0,0,0,0,0,0,0.0,0.25,3
897,35,Yousif Hashim Ali Yousif,FWD,Al Talaba SC,200000,7,1996-01-19,180,1,30,Iraq,I,AFC,55,1630,Graham Arnold,IRQ,0,0,3,0,0,FWD,0,0,0,0,0,0,0.0,0.2,3
898,35,Aamar Iqbal Zidane,MID,FC Utrecht,1000000,26,2003-04-27,183,2,23,Iraq,I,AFC,55,1630,Graham Arnold,IRQ,3,270,0,0,270,MID,0,0,0,0,0,0,0.0,1.0,3
899,35,Hasan Maknazi Ahmed Maknazi,DEF,Al Karma SC,450000,7,2001-09-24,183,0,24,Iraq,I,AFC,55,1630,Graham Arnold,IRQ,3,270,0,0,270,DEF,0,0,0,0,0,0,0.0,0.45,3
900,35,Fouad Aboud Amir Alammari,MID,KS Cracovia,1000000,52,1997-07-27,180,3,28,Iraq,I,AFC,55,1630,Graham Arnold,IRQ,3,270,0,0,270,MID,0,1,1,0,0,1,0.0,1.0,3
901,35,Jasim Elaibi Ali Jasim,FWD,Al Najmah SC,500000,37,2004-01-20,178,2,22,Iraq,I,AFC,55,1630,Graham Arnold,IRQ,0,0,3,0,0,FWD,0,0,0,0,0,0,0.0,0.5,3
902,35,Hussein Ghadhban Aymen,FWD,Al Karma SC,400000,96,1996-03-22,190,34,30,Iraq,I,AFC,55,1630,Graham Arnold,IRQ,0,0,3,30,30,FWD,2,0,0,0,0,2,6.0,0.4,3
903,35,Yakob William Kevin Yakob,MID,Aarhus GF,850000,9,2000-10-10,180,0,25,Iraq,I,AFC,55,1630,Graham Arnold,IRQ,3,270,0,0,270,MID,0,0,0,0,0,0,0.0,0.85,3
904,35,Hazar Anwar Aimar,MID,Sarpsborg 08 FF,1500000,7,2002-12-20,180,0,23,Iraq,I,AFC,55,1630,Graham Arnold,IRQ,3,270,0,0,270,MID,0,0,0,0,0,0,0.0,1.5,3
905,35,Jabbar Hussein Marko Farji,FWD,Venezia FC,1700000,13,2004-03-16,185,0,22,Iraq,I,AFC,55,1630,Graham Arnold,IRQ,3,270,0,0,270,FWD,0,0,0,0,0,0,0.0,1.7,3
906,35,Basil Fadhil Ahmed,GK,Al Shorta SC,450000,16,1996-08-19,184,0,29,Iraq,I,AFC,55,1630,Graham Arnold,IRQ,1,90,2,0,90,GK,0,0,0,0,0,0,0.0,0.45,3
907,35,Ghazi Salih Merchas,DEF,FC Viktoria Plze ň,1700000,32,1999-12-07,173,1,26,Iraq,I,AFC,55,1630,Graham Arnold,IRQ,3,270,0,0,270,DEF,0,0,1,0,0,0,0.0,1.7,3
908,35,Ismael Khaleel Zaid Ismael,MID,Al Talaba SC,500000,7,2002-01-03,185,0,24,Iraq,I,AFC,55,1630,Graham Arnold,IRQ,0,0,3,0,0,MID,0,0,0,0,0,0,0.0,0.5,3
909,35,Saadoon Abbood Mustafa,DEF,Al Shorta SC,350000,18,2001-05-25,181,0,25,Iraq,I,AFC,55,1630,Graham Arnold,IRQ,0,0,3,0,0,DEF,0,0,0,0,0,0,0.0,0.35,3
910,35,Dhia Jirjis Frans,DEF,Persib Bandung,325000,28,1993-07-14,182,0,32,Iraq,I,AFC,55,1630,Graham Arnold,IRQ,0,0,3,0,0,DEF,0,0,0,0,0,0,0.0,0.32,3
911,36,Ørjan Haskjold Nyland,GK,Sevilla FC,800000,72,1990-09-10,192,0,35,Norway,I,UEFA,44,1775,Ståle Solbakken,NOR,3,270,0,0,270,GK,0,0,0,0,0,0,0.0,0.8,3
912,36,Morten Thorsby,MID,US Cremonese,2800000,31,1996-05-05,188,0,30,Norway,I,UEFA,44,1775,Ståle Solbakken,NOR,0,0,3,0,0,MID,0,0,0,0,0,0,0.0,2.8,3
913,36,Kristoffer Vassbakk Köpp Ajer,DEF,Brentford FC,18000000,53,1998-04-17,198,2,28,Norway,I,UEFA,44,1775,Ståle Solbakken,NOR,3,270,0,0,270,DEF,0,0,0,0,0,0,0.0,18.0,3
914,36,Leo Skiri Ostigard,DEF,Genoa CFC,13000000,39,1999-11-28,183,2,26,Norway,I,UEFA,44,1775,Ståle Solbakken,NOR,3,270,0,0,270,DEF,1,0,0,0,0,1,0.333,13.0,3
915,36,David Møller Moller Wolfe,DEF,Wolverhampton Wanderers FC,8000000,23,2002-04-23,185,1,24,Norway,I,UEFA,44,1775,Ståle Solbakken,NOR,3,270,0,0,270,DEF,0,1,0,0,0,1,0.0,8.0,3
916,36,Patrick Berg,MID,FK Bodø/Glimt,8000000,44,1997-11-24,178,0,28,Norway,I,UEFA,44,1775,Ståle Solbakken,NOR,0,0,3,60,60,MID,0,1,1,0,0,1,0.0,8.0,3
917,36,Alexander Sorloth,FWD,Atlético De Madrid,18000000,73,1995-12-05,196,26,30,Norway,I,UEFA,44,1775,Ståle Solbakken,NOR,0,0,3,0,0,FWD,0,0,0,0,0,0,0.0,18.0,3
918,36,Sander Gard Bolin Berge,MID,Fulham FC,25000000,67,1998-02-14,195,1,28,Norway,I,UEFA,44,1775,Ståle Solbakken,NOR,3,270,0,0,270,MID,0,0,0,0,0,0,0.0,25.0,3
919,36,Erling Braut Haaland,FWD,Manchester City FC,200000000,51,2000-07-21,195,57,25,Norway,I,UEFA,44,1775,Ståle Solbakken,NOR,3,270,0,0,270,FWD,4,0,0,0,2,4,1.333,200.0,3
920,36,Martín Odegaard,MID,Arsenal FC,65000000,69,1998-12-17,178,5,27,Norway,I,UEFA,44,1775,Ståle Solbakken,NOR,3,270,0,0,270,MID,0,2,0,0,0,2,0.0,65.0,3
921,36,Jørgen Strand Strand Larsen,FWD,Crystal Palace FC,40000000,28,2000-02-06,193,6,26,Norway,I,UEFA,44,1775,Ståle Solbakken,NOR,3,270,0,0,270,FWD,0,0,0,0,0,0,0.0,40.0,3
922,36,Sander Tangvik,GK,Hamburger SV,3000000,0,2002-11-29,193,0,23,Norway,I,UEFA,44,1775,Ståle Solbakken,NOR,0,0,3,0,0,GK,0,0,0,0,0,0,0.0,3.0,3
923,36,Egil Selvik,GK,Watford FC,1500000,7,1997-07-30,187,0,28,Norway,I,UEFA,44,1775,Ståle Solbakken,NOR,0,0,3,0,0,GK,0,0,0,0,0,0,0.0,1.5,3
924,36,Fredrik Aursnes,MID,SL Benfica,15000000,23,1995-12-10,181,1,30,Norway,I,UEFA,44,1775,Ståle Solbakken,NOR,0,0,3,0,0,MID,0,0,0,0,0,0,0.0,15.0,3
925,36,Fredrik André Bjorkan,DEF,FK Bodø/Glimt,3500000,21,1998-08-21,180,1,27,Norway,I,UEFA,44,1775,Ståle Solbakken,NOR,0,0,3,0,0,DEF,0,0,0,0,0,0,0.0,3.5,3
926,36,Marcus Holmgren Holmgren Pedersen,DEF,Torino FC,3500000,32,2000-07-16,184,0,25,Norway,I,UEFA,44,1775,Ståle Solbakken,NOR,0,0,3,30,30,DEF,1,0,0,0,0,1,3.0,3.5,3
927,36,Torbjørn Lysaker Heggem,DEF,Bologna FC,13000000,16,1999-01-12,192,0,27,Norway,I,UEFA,44,1775,Ståle Solbakken,NOR,3,270,0,0,270,DEF,0,0,0,0,0,0,0.0,13.0,3
928,36,Kristian Thorstvedt,MID,US Sassuolo,12000000,38,1999-03-13,189,4,27,Norway,I,UEFA,44,1775,Ståle Solbakken,NOR,0,0,3,0,0,MID,0,0,0,0,0,0,0.0,12.0,3
929,36,Thelonious Gerard Aasgaard,MID,Rangers FC,2800000,8,2002-05-02,188,5,24,Norway,I,UEFA,44,1775,Ståle Solbakken,NOR,0,0,3,30,30,MID,1,0,0,0,0,1,3.0,2.8,3
930,36,Antonio Eromonsele Nordby Nusa,FWD,RB Leipzig,32000000,25,2005-04-17,183,8,21,Norway,I,UEFA,44,1775,Ståle Solbakken,NOR,0,0,3,0,0,FWD,0,0,0,0,0,0,0.0,32.0,3
931,36,Andreas Rædergård Schjelderup,MID,SL Benfica,30000000,13,2004-06-01,177,1,22,Norway,I,UEFA,44,1775,Ståle Solbakken,NOR,3,270,0,0,270,MID,0,1,0,0,0,1,0.0,30.0,3
932,36,Oscar Bobb,MID,Fulham FC,28000000,21,2003-07-12,177,2,22,Norway,I,UEFA,44,1775,Ståle Solbakken,NOR,3,270,0,0,270,MID,0,0,0,0,0,0,0.0,28.0,3
933,36,Jens Petter Hauge,MID,FK Bodø/Glimt,12000000,15,1999-10-12,184,1,26,Norway,I,UEFA,44,1775,Ståle Solbakken,NOR,0,0,3,0,0,MID,0,0,0,0,0,0,0.0,12.0,3
934,36,Sondre Klingen Langas,DEF,Derby County FC,4000000,3,2001-02-02,190,0,25,Norway,I,UEFA,44,1775,Ståle Solbakken,NOR,0,0,3,0,0,DEF,0,0,0,0,0,0,0.0,4.0,3
935,36,Henrik Sælebakke Falchener,DEF,Viking Stavanger,6000000,1,2003-05-08,194,0,23,Norway,I,UEFA,44,1775,Ståle Solbakken,NOR,0,0,3,0,0,DEF,0,0,0,0,0,0,0.0,6.0,3
936,36,Julian Ryerson,FWD,Borussia Dortmund,25000000,44,1997-11-17,186,1,28,Norway,I,UEFA,44,1775,Ståle Solbakken,NOR,0,0,3,0,0,FWD,0,0,0,0,0,0,0.0,25.0,3
937,37,Juan Agustín Musso,GK,Atlético De Madrid,3000000,4,1994-05-06,193,0,32,Argentina,J,CONMEBOL,1,2150,Lionel Scaloni,ARG,0,0,3,0,0,GK,0,0,0,0,0,0,0.0,3.0,3
938,37,Marcos Nicolás Senesi,DEF,AFC Bournemouth,25000000,3,1997-05-10,185,0,29,Argentina,J,CONMEBOL,1,2150,Lionel Scaloni,ARG,3,270,0,0,270,DEF,0,0,0,0,0,0,0.0,25.0,3
939,37,Nicolás Alejandro Tagliafico,DEF,Olympique Lyonnais,4000000,76,1992-08-31,172,1,33,Argentina,J,CONMEBOL,1,2150,Lionel Scaloni,ARG,0,0,3,0,0,DEF,0,0,0,0,0,0,0.0,4.0,3
940,37,Gonzalo Ariel Montiel,DEF,CA River Plate,4500000,40,1997-01-01,175,2,29,Argentina,J,CONMEBOL,1,2150,Lionel Scaloni,ARG,0,0,3,0,0,DEF,0,0,0,0,0,0,0.0,4.5,3
941,37,Leandro Daniel Paredes,MID,CA Boca Juniors,5000000,77,1994-06-29,182,5,32,Argentina,J,CONMEBOL,1,2150,Lionel Scaloni,ARG,0,0,3,0,0,MID,0,0,0,0,0,0,0.0,5.0,3
942,37,Lisandro Martinez,DEF,Manchester United FC,40000000,29,1998-01-18,175,1,28,Argentina,J,CONMEBOL,1,2150,Lionel Scaloni,ARG,3,270,0,0,270,DEF,0,0,0,0,0,0,0.0,40.0,3
943,37,Rodrigo Javier De Paul,MID,Inter Miami CF,14000000,88,1994-05-24,178,2,32,Argentina,J,CONMEBOL,1,2150,Lionel Scaloni,ARG,0,0,3,30,30,MID,0,1,0,0,0,1,0.0,14.0,3
944,37,Valentin Barco,MID,RC Strasbourg,40000000,4,2004-07-23,172,2,21,Argentina,J,CONMEBOL,1,2150,Lionel Scaloni,ARG,3,270,0,0,270,MID,0,0,0,0,0,0,0.0,40.0,3
945,37,Julián Alvarez,FWD,Atlético De Madrid,100000000,52,2000-01-31,170,14,26,Argentina,J,CONMEBOL,1,2150,Lionel Scaloni,ARG,3,270,0,0,270,FWD,0,0,0,0,0,0,0.0,100.0,3
946,37,Lionel Andrés Messi,FWD,Inter Miami CF,15000000,200,1987-06-24,170,120,39,Argentina,J,CONMEBOL,1,2150,Lionel Scaloni,ARG,0,0,3,90,90,FWD,6,0,0,0,3,6,6.0,15.0,3
947,37,Giovani Lo Celso,MID,Real Betis,8000000,67,1996-04-09,177,4,30,Argentina,J,CONMEBOL,1,2150,Lionel Scaloni,ARG,0,0,3,30,30,MID,1,0,0,0,0,1,3.0,8.0,3
948,37,Geronimo Rulli,GK,Olympique Marseille,6000000,8,1992-05-20,189,0,34,Argentina,J,CONMEBOL,1,2150,Lionel Scaloni,ARG,0,0,3,0,0,GK,0,0,0,0,0,0,0.0,6.0,3
949,37,Cristian Gabriel Romero,DEF,Tottenham Hotspur FC,45000000,52,1998-04-27,185,3,28,Argentina,J,CONMEBOL,1,2150,Lionel Scaloni,ARG,3,270,0,0,270,DEF,0,0,0,0,0,0,0.0,45.0,3
950,37,Exequiel Alejandro Palacios,MID,Bayer 04 Leverkusen,25000000,40,1998-10-05,177,0,27,Argentina,J,CONMEBOL,1,2150,Lionel Scaloni,ARG,3,270,0,0,270,MID,0,0,0,0,0,0,0.0,25.0,3
951,37,Nicolas Ivan Gonzalez,MID,Atlético De Madrid,22000000,52,1998-04-06,180,6,28,Argentina,J,CONMEBOL,1,2150,Lionel Scaloni,ARG,0,0,3,30,30,MID,0,1,0,0,0,1,0.0,22.0,3
952,37,Thiago Ezequiel Almada,FWD,Atlético De Madrid,15000000,17,2001-04-26,171,5,25,Argentina,J,CONMEBOL,1,2150,Lionel Scaloni,ARG,0,0,3,0,0,FWD,0,0,0,0,0,0,0.0,15.0,3
953,37,Giuliano Simeone,FWD,Atlético De Madrid,40000000,13,2002-12-18,174,2,23,Argentina,J,CONMEBOL,1,2150,Lionel Scaloni,ARG,0,0,3,0,0,FWD,0,0,0,0,0,0,0.0,40.0,3
954,37,Nicolas Paz,FWD,Como,80000000,10,2004-09-08,185,1,21,Argentina,J,CONMEBOL,1,2150,Lionel Scaloni,ARG,0,0,3,0,0,FWD,0,0,0,0,0,0,0.0,80.0,3
955,37,Nicolas Hernan Gonzalo Otamendi,DEF,SL Benfica,1000000,133,1988-02-12,182,8,38,Argentina,J,CONMEBOL,1,2150,Lionel Scaloni,ARG,0,0,3,0,0,DEF,0,0,0,0,0,0,0.0,1.0,3
956,37,Alexis Mac Allister,MID,Liverpool FC,70000000,47,1998-12-24,176,6,27,Argentina,J,CONMEBOL,1,2150,Lionel Scaloni,ARG,3,270,0,0,270,MID,0,0,0,0,0,0,0.0,70.0,3
957,37,Jose Manuel Alberto Lopez,FWD,SE Palmeiras,25000000,5,2000-12-06,190,0,25,Argentina,J,CONMEBOL,1,2150,Lionel Scaloni,ARG,0,0,3,0,0,FWD,0,0,0,0,0,0,0.0,25.0,3
958,37,Lautaro Javier Martinez,FWD,FC Internazionale Milano,85000000,78,1997-08-22,175,37,28,Argentina,J,CONMEBOL,1,2150,Lionel Scaloni,ARG,3,270,0,0,270,FWD,1,0,0,0,0,1,0.333,85.0,3
959,37,Damián Emiliano Martinez,GK,Aston Villa FC,12000000,60,1992-09-02,195,0,33,Argentina,J,CONMEBOL,1,2150,Lionel Scaloni,ARG,3,270,0,0,270,GK,0,0,0,0,0,0,0.0,12.0,3
960,37,Enzo Jeremías Fernandez,MID,Chelsea FC,90000000,43,2001-01-17,178,6,25,Argentina,J,CONMEBOL,1,2150,Lionel Scaloni,ARG,3,270,0,0,270,MID,0,0,0,0,0,0,0.0,90.0,3
961,37,Facundo Axel Medina,DEF,Olympique Marseille,18000000,10,1999-05-28,184,0,27,Argentina,J,CONMEBOL,1,2150,Lionel Scaloni,ARG,3,270,0,0,270,DEF,0,1,0,0,0,1,0.0,18.0,3
962,37,Nahuel Molina,DEF,Atlético De Madrid,15000000,59,1998-04-06,179,1,28,Argentina,J,CONMEBOL,1,2150,Lionel Scaloni,ARG,0,0,3,0,0,DEF,0,0,0,0,0,0,0.0,15.0,3
963,38,Melvin Feycal Mastil,GK,FC Stade Nyonnais,300000,2,2000-02-19,194,0,26,Algeria,J,CAF,28,1760,Vladimir Petković,ALG,3,270,0,0,270,GK,0,0,0,0,0,0,0.0,0.3,3
964,38,Aissa Mandi,DEF,Lille OSC,1000000,120,1991-10-22,184,8,34,Algeria,J,CAF,28,1760,Vladimir Petković,ALG,0,0,3,0,0,DEF,0,0,0,0,0,0,0.0,1.0,3
965,38,Achref Abada,DEF,USM Alger,1000000,10,1999-06-15,185,1,27,Algeria,J,CAF,28,1760,Vladimir Petković,ALG,0,0,3,0,0,DEF,0,0,0,0,0,0,0.0,1.0,3
966,38,Mohamed Amine Tougai,DEF,Espérance De Tunisie,1300000,30,2000-01-22,186,2,26,Algeria,J,CAF,28,1760,Vladimir Petković,ALG,0,0,3,0,0,DEF,0,0,0,0,0,0,0.0,1.3,3
967,38,Zineddine Belaid,DEF,JS Kabylie,1800000,18,1999-03-20,186,1,27,Algeria,J,CAF,28,1760,Vladimir Petković,ALG,0,0,3,0,0,DEF,0,0,0,0,0,0,0.0,1.8,3
968,38,Ramiz Larbi Zerrouki,MID,FC Twente,6500000,54,1998-05-26,183,3,28,Algeria,J,CAF,28,1760,Vladimir Petković,ALG,0,0,3,0,0,MID,0,0,0,0,0,0,0.0,6.5,3
969,38,Riyad Karim Mahrez,FWD,Al Ahli FC,5000000,117,1991-02-21,179,38,35,Algeria,J,CAF,28,1760,Vladimir Petković,ALG,0,0,3,60,60,FWD,2,2,0,0,1,4,3.0,5.0,3
970,38,Houssem-Eddine Chaabane Aouar,MID,Al Ittihad,8000000,24,1998-06-30,175,6,28,Algeria,J,CAF,28,1760,Vladimir Petković,ALG,3,270,0,0,270,MID,0,2,0,0,0,2,0.0,8.0,3
971,38,Amine Ferid Gouiri,FWD,Olympique Marseille,28000000,24,2000-02-16,180,10,26,Algeria,J,CAF,28,1760,Vladimir Petković,ALG,3,270,0,0,270,FWD,1,0,0,0,0,1,0.333,28.0,3
972,38,Fares Chaibi,MID,Eintracht Frankfurt,15000000,32,2002-11-28,183,3,23,Algeria,J,CAF,28,1760,Vladimir Petković,ALG,3,270,0,0,270,MID,0,0,0,0,0,0,0.0,15.0,3
973,38,Anis Hadj Moussa,FWD,Feyenoord Rotterdam,23000000,16,2002-02-11,176,2,24,Algeria,J,CAF,28,1760,Vladimir Petković,ALG,3,270,0,0,270,FWD,0,0,0,0,0,0,0.0,23.0,3
974,38,Ahmed Nadhir Benbouali,FWD,Györi ETO FC,600000,4,2000-04-17,190,1,26,Algeria,J,CAF,28,1760,Vladimir Petković,ALG,0,0,3,30,30,FWD,1,0,0,0,0,1,3.0,0.6,3
975,38,Jaouen Djimmy Hadjam,DEF,BSC Young Boys,7000000,18,2003-03-26,185,3,23,Algeria,J,CAF,28,1760,Vladimir Petković,ALG,3,270,0,0,270,DEF,0,0,0,0,0,0,0.0,7.0,3
976,38,Hicham Boudaoui,MID,OGC Nice,12000000,35,1999-09-23,175,0,26,Algeria,J,CAF,28,1760,Vladimir Petković,ALG,3,270,0,0,270,MID,0,0,0,0,0,0,0.0,12.0,3
977,38,Rayan Ait-Nouri,DEF,Manchester City FC,40000000,31,2001-06-06,180,0,25,Algeria,J,CAF,28,1760,Vladimir Petković,ALG,3,270,0,0,270,DEF,0,0,0,0,0,0,0.0,40.0,3
978,38,Oussama Benbot,GK,USM Alger,850000,3,1994-10-11,188,0,31,Algeria,J,CAF,28,1760,Vladimir Petković,ALG,0,0,3,0,0,GK,0,0,0,0,0,0,0.0,0.85,3
979,38,Rafik Belghali,DEF,Hellas Verona FC,7000000,14,2002-06-07,180,1,24,Algeria,J,CAF,28,1760,Vladimir Petković,ALG,3,270,0,0,270,DEF,1,0,0,0,0,1,0.333,7.0,3
980,38,Mohammed Elamine Amoura,FWD,VfL Wolfsburg,20000000,48,2000-05-09,170,19,26,Algeria,J,CAF,28,1760,Vladimir Petković,ALG,0,0,3,0,0,FWD,0,0,0,0,0,0,0.0,20.0,3
981,38,Nabil Bentaleb,MID,Lille OSC,4500000,61,1994-11-24,189,6,31,Algeria,J,CAF,28,1760,Vladimir Petković,ALG,0,0,3,0,0,MID,0,0,0,0,0,0,0.0,4.5,3
982,38,Adil Boulbina,FWD,Al Duhail SC,3000000,12,2003-05-02,183,5,23,Algeria,J,CAF,28,1760,Vladimir Petković,ALG,0,0,3,0,0,FWD,0,0,0,0,0,0,0.0,3.0,3
983,38,Selmane Rami Bensebaini,DEF,Borussia Dortmund,7000000,83,1995-04-16,187,9,31,Algeria,J,CAF,28,1760,Vladimir Petković,ALG,3,270,0,0,270,DEF,0,0,0,0,0,0,0.0,7.0,3
984,38,Ibrahim Maza,MID,Bayer 04 Leverkusen,45000000,18,2005-11-24,180,2,20,Algeria,J,CAF,28,1760,Vladimir Petković,ALG,3,270,0,0,270,MID,0,0,0,0,1,0,0.0,45.0,3
985,38,Luca Zinedine Zidane,GK,Granada CF,1000000,8,1998-05-13,183,0,28,Algeria,J,CAF,28,1760,Vladimir Petković,ALG,0,0,3,0,0,GK,0,0,0,0,0,0,0.0,1.0,3
986,38,Yassine Titraoui,MID,Sporting Charleroi,7000000,5,2003-07-26,180,0,22,Algeria,J,CAF,28,1760,Vladimir Petković,ALG,0,0,3,0,0,MID,0,0,0,0,0,0,0.0,7.0,3
987,38,Fares Ghedjemis,FWD,Frosinone,600000,1,2002-09-06,183,1,23,Algeria,J,CAF,28,1760,Vladimir Petković,ALG,0,0,3,0,0,FWD,0,0,0,0,0,0,0.0,0.6,3
988,38,Samir Sophian Chergui,DEF,Paris FC,3000000,5,1999-02-06,185,0,27,Algeria,J,CAF,28,1760,Vladimir Petković,ALG,0,0,3,0,0,DEF,0,0,0,0,0,0,0.0,3.0,3
989,39,Alexander Schlager,GK,FC Red Bull Salzburg,2000000,27,1996-02-01,188,0,30,Austria,J,UEFA,24,1830,Ralf Rangnick,AUT,3,270,0,0,270,GK,0,0,0,0,0,0,0.0,2.0,3
990,39,David Leopold Affengruber,DEF,Elche CF,20000000,1,2001-03-19,185,0,25,Austria,J,UEFA,24,1830,Ralf Rangnick,AUT,3,270,0,0,270,DEF,0,0,0,0,0,0,0.0,20.0,3
991,39,Kevin Danso,DEF,Tottenham Hotspur FC,20000000,33,1998-09-19,190,0,27,Austria,J,UEFA,24,1830,Ralf Rangnick,AUT,3,270,0,0,270,DEF,0,0,0,0,0,0,0.0,20.0,3
992,39,Xaver Schlager,MID,RB Leipzig,10000000,52,1997-09-28,174,4,28,Austria,J,UEFA,24,1830,Ralf Rangnick,AUT,0,0,3,30,30,MID,0,1,0,0,0,1,0.0,10.0,3
993,39,Stefan Posch,DEF,1. FSV Mainz 05,6000000,53,1997-05-14,188,5,29,Austria,J,UEFA,24,1830,Ralf Rangnick,AUT,0,0,3,0,0,DEF,0,0,0,0,0,0,0.0,6.0,3
994,39,Nicolas Seiwald,MID,RB Leipzig,25000000,48,2001-05-04,179,1,25,Austria,J,UEFA,24,1830,Ralf Rangnick,AUT,3,270,0,0,270,MID,0,1,0,0,0,1,0.0,25.0,3
995,39,Marko Arnautovic,FWD,FK Crvena Zvezda,2000000,134,1989-04-19,192,48,37,Austria,J,UEFA,24,1830,Ralf Rangnick,AUT,0,0,3,60,60,FWD,2,0,1,0,0,2,3.0,2.0,3
996,39,David Alaba,DEF,Real Madrid C. F.,3000000,114,1992-06-24,180,15,34,Austria,J,UEFA,24,1830,Ralf Rangnick,AUT,0,0,3,30,30,DEF,0,1,0,0,0,1,0.0,3.0,3
997,39,Marcel Sabitzer,MID,Borussia Dortmund,6000000,99,1994-03-17,178,26,32,Austria,J,UEFA,24,1830,Ralf Rangnick,AUT,0,0,3,30,30,MID,1,0,0,0,0,1,3.0,6.0,3
998,39,Florian Grillitsch,MID,SC Braga,2500000,59,1995-08-07,186,1,30,Austria,J,UEFA,24,1830,Ralf Rangnick,AUT,0,0,3,0,0,MID,0,0,0,0,0,0,0.0,2.5,3
999,39,Michael Gregoritsch,FWD,FC Augsburg,1500000,75,1994-04-18,193,24,32,Austria,J,UEFA,24,1830,Ralf Rangnick,AUT,0,0,3,30,30,FWD,0,1,0,0,0,1,0.0,1.5,3
1000,39,Florian Wiegele,GK,FC Viktoria Plze ň,2200000,1,2001-03-21,205,0,25,Austria,J,UEFA,24,1830,Ralf Rangnick,AUT,0,0,3,0,0,GK,0,0,0,0,0,0,0.0,2.2,3
1001,39,Patrick Pentz,GK,Brøndby IF,2200000,18,1997-01-02,183,0,29,Austria,J,UEFA,24,1830,Ralf Rangnick,AUT,0,0,3,0,0,GK,0,0,0,0,0,0,0.0,2.2,3
1002,39,Saša Kalajdzic,FWD,LASK Linz,4000000,23,1997-07-07,200,4,28,Austria,J,UEFA,24,1830,Ralf Rangnick,AUT,3,270,0,0,270,FWD,1,0,0,0,0,1,0.333,4.0,3
1003,39,Philipp Lienhart,DEF,SC Freiburg,10000000,42,1996-07-11,189,3,29,Austria,J,UEFA,24,1830,Ralf Rangnick,AUT,3,270,0,0,270,DEF,0,0,0,0,0,0,0.0,10.0,3
1004,39,Phillip Mwene,DEF,1. FSV Mainz 05,1500000,31,1994-01-29,170,0,32,Austria,J,UEFA,24,1830,Ralf Rangnick,AUT,0,0,3,0,0,DEF,0,0,0,0,0,0,0.0,1.5,3
1005,39,Carney Chibueze Chukwuemeka,MID,Borussia Dortmund,20000000,4,2003-10-20,187,1,22,Austria,J,UEFA,24,1830,Ralf Rangnick,AUT,3,270,0,0,270,MID,0,0,0,0,0,0,0.0,20.0,3
1006,39,Romano Schmid,MID,SV Werder Bremen,15000000,35,2000-01-27,168,4,26,Austria,J,UEFA,24,1830,Ralf Rangnick,AUT,0,0,3,30,30,MID,1,0,0,0,0,1,3.0,15.0,3
1007,39,Dejan Ljubicic,MID,FC Schalke 04,5000000,9,1997-10-08,187,1,28,Austria,J,UEFA,24,1830,Ralf Rangnick,AUT,0,0,3,0,0,MID,0,0,0,0,0,0,0.0,5.0,3
1008,39,Konrad Laimer,MID,FC Bayern München,32000000,58,1997-05-27,180,7,29,Austria,J,UEFA,24,1830,Ralf Rangnick,AUT,3,270,0,0,270,MID,0,0,0,0,0,0,0.0,32.0,3
1009,39,Patrick Wimmer,FWD,VfL Wolfsburg,12000000,31,2001-05-30,182,1,25,Austria,J,UEFA,24,1830,Ralf Rangnick,AUT,3,270,0,0,270,FWD,0,0,0,0,0,0,0.0,12.0,3
1010,39,Alexander Prass,MID,TSG Hoffenheim,9000000,19,2001-05-26,180,0,25,Austria,J,UEFA,24,1830,Ralf Rangnick,AUT,0,0,3,0,0,MID,0,0,0,0,0,0,0.0,9.0,3
1011,39,Marco Friedl,DEF,SV Werder Bremen,10000000,11,1998-03-16,187,0,28,Austria,J,UEFA,24,1830,Ralf Rangnick,AUT,3,270,0,0,270,DEF,0,0,0,0,0,0,0.0,10.0,3
1012,39,Paul Wanner,MID,PSV Eindhoven,22000000,4,2005-12-23,185,0,20,Austria,J,UEFA,24,1830,Ralf Rangnick,AUT,3,270,0,0,270,MID,0,0,0,0,0,0,0.0,22.0,3
1013,39,Michael Svoboda,DEF,Venezia FC,900000,4,1998-10-15,195,0,27,Austria,J,UEFA,24,1830,Ralf Rangnick,AUT,0,0,3,0,0,DEF,0,0,0,0,0,0,0.0,0.9,3
1014,39,Alessandro Andre Schoepf,MID,Wolfsberger AC,800000,35,1994-02-07,178,6,32,Austria,J,UEFA,24,1830,Ralf Rangnick,AUT,0,0,3,0,0,MID,0,0,0,0,0,0,0.0,0.8,3
1015,40,Mo'ien Hasan Yazeed Abulaila,GK,Al Hussein SC,300000,77,1993-01-08,188,0,33,Jordan,J,AFC,63,1610,Jamal Sellami,JOR,3,270,0,0,270,GK,0,0,0,0,0,0,0.0,0.3,3
1016,40,Ali Hasan Mohammad,DEF,Al Karma SC,400000,56,1995-05-09,179,1,31,Jordan,J,AFC,63,1610,Jamal Sellami,JOR,3,270,0,0,270,DEF,0,0,0,0,0,0,0.0,0.4,3
1017,40,Mousa Musallam Abdallah Nasib,DEF,Al Zawra'a SC,400000,66,1994-02-25,184,2,32,Jordan,J,AFC,63,1610,Jamal Sellami,JOR,3,270,0,0,270,DEF,0,0,0,0,0,0,0.0,0.4,3
1018,40,Ali Mohammad Husam Abudahab,DEF,Al Faisaly SC,350000,17,2000-05-13,186,0,26,Jordan,J,AFC,63,1610,Jamal Sellami,JOR,0,0,3,0,0,DEF,0,0,0,0,0,0,0.0,0.35,3
1019,40,Mousa Mahmoud Yazan Alarab,DEF,FC Seoul,1000000,81,1996-01-31,185,3,30,Jordan,J,AFC,63,1610,Jamal Sellami,JOR,3,270,0,0,270,DEF,1,0,1,0,0,1,0.333,1.0,3
1020,40,Rasem Adel Amer Jamous,MID,Al Zawra'a SC,500000,19,2002-07-03,177,1,24,Jordan,J,AFC,63,1610,Jamal Sellami,JOR,0,0,3,0,0,MID,0,0,0,0,0,0,0.0,0.5,3
1021,40,Faisal Yousef Mohammad,FWD,Raja Casablanca,700000,40,1997-12-30,170,5,28,Jordan,J,AFC,63,1610,Jamal Sellami,JOR,0,0,3,30,30,FWD,0,0,1,0,0,0,0.0,0.7,3
1022,40,Mahmoud Ali Noor Alrawabdeh,MID,Selangor FC,500000,69,1997-02-24,182,3,29,Jordan,J,AFC,63,1610,Jamal Sellami,JOR,3,270,0,0,270,MID,0,1,0,0,0,1,0.0,0.5,3
1023,40,Iyad Ali Ali Olwan,FWD,Al Sailiya SC,800000,67,2000-03-26,182,30,26,Jordan,J,AFC,63,1610,Jamal Sellami,JOR,0,0,3,30,30,FWD,1,0,0,0,1,1,3.0,0.8,3
1024,40,Mohammad Mousa Mousa Altamari,FWD,Stade Rennais FC,10000000,93,1997-06-10,176,24,29,Jordan,J,AFC,63,1610,Jamal Sellami,JOR,3,270,0,0,270,FWD,1,1,0,0,0,2,0.333,10.0,3
1025,40,Burhan Shehadeh Odeh Fakhoury,FWD,Pyramids FC,6000000,11,2005-11-22,180,1,20,Jordan,J,AFC,63,1610,Jamal Sellami,JOR,3,270,0,0,270,FWD,0,0,0,0,0,0,0.0,6.0,3
1026,40,Zaid Khaleel Nour Baniateyah,GK,Al Faisaly SC,250000,5,1993-01-25,179,0,33,Jordan,J,AFC,63,1610,Jamal Sellami,JOR,0,0,3,0,0,GK,0,0,0,0,0,0,0.0,0.25,3
1027,40,Nayef Ahmad Mahmoud Almardi,FWD,Al Hussein SC,350000,88,1993-10-06,173,8,32,Jordan,J,AFC,63,1610,Jamal Sellami,JOR,0,0,3,0,0,FWD,0,0,0,0,0,0,0.0,0.35,3
1028,40,Ayed Fadel Rajaei Ayed,MID,Al Hussein SC,325000,73,1993-07-25,175,0,32,Jordan,J,AFC,63,1610,Jamal Sellami,JOR,0,0,3,0,0,MID,0,0,0,0,0,0,0.0,0.32,3
1029,40,Mohammad Sami Ibrahim,MID,Al Karma SC,500000,57,2000-04-27,175,3,26,Jordan,J,AFC,63,1610,Jamal Sellami,JOR,3,270,0,0,270,MID,0,0,0,0,0,0,0.0,0.5,3
1030,40,Majed Jamil Mohammad Abualnadi,DEF,Selangor FC,350000,19,2001-02-08,185,0,25,Jordan,J,AFC,63,1610,Jamal Sellami,JOR,0,0,3,0,0,DEF,0,0,0,0,0,0,0.0,0.35,3
1031,40,Amer Saleem Saleem,DEF,Al Hussein SC,100000,13,1992-01-17,187,0,34,Jordan,J,AFC,63,1610,Jamal Sellami,JOR,0,0,3,0,0,DEF,0,0,0,0,0,0,0.0,0.1,3
1032,40,Ahmed Mohammad Mohammad,MID,Al Hussein SC,300000,0,2005-07-13,182,0,20,Jordan,J,AFC,63,1610,Jamal Sellami,JOR,0,0,3,0,0,MID,0,0,0,0,0,0,0.0,0.3,3
1033,40,Ahmad Salameh Saed,DEF,Al Hussein SC,450000,22,1997-02-01,186,2,29,Jordan,J,AFC,63,1610,Jamal Sellami,JOR,3,270,0,0,270,DEF,0,0,0,0,0,0,0.0,0.45,3
1034,40,Mahmoud Saleh Mohannad Abutaha,MID,Al-Quwa Al-Jawiya,550000,31,2003-02-02,173,1,23,Jordan,J,AFC,63,1610,Jamal Sellami,JOR,3,270,0,0,270,MID,0,0,1,0,0,0,0.0,0.55,3
1035,40,Mahmoud Ahmed Nizar Alrashdan,MID,Qatar SC,600000,48,1999-03-23,183,4,27,Jordan,J,AFC,63,1610,Jamal Sellami,JOR,3,270,0,0,270,MID,1,0,0,0,0,1,0.333,0.6,3
1036,40,Ra'ed Mahmoud Abdallah Alfakhori,GK,Al Wahdat SC,250000,16,2000-01-22,190,0,26,Jordan,J,AFC,63,1610,Jamal Sellami,JOR,0,0,3,0,0,GK,0,0,0,0,0,0,0.0,0.25,3
1037,40,Manel Farhan Ehsan Haddad,DEF,Al Hussein SC,300000,91,1994-02-05,174,2,32,Jordan,J,AFC,63,1610,Jamal Sellami,JOR,0,0,3,30,30,DEF,0,1,0,0,0,1,0.0,0.3,3
1038,40,Ahmad Ali Ali Azaizeh,FWD,Al Shabab FC,325000,5,2004-04-13,178,0,22,Jordan,J,AFC,63,1610,Jamal Sellami,JOR,0,0,3,0,0,FWD,0,0,0,0,0,0,0.0,0.32,3
1039,40,Ratib Mohammad Mohammad Aldaoud,MID,Al Wahdat SC,150000,14,1992-04-12,185,1,34,Jordan,J,AFC,63,1610,Jamal Sellami,JOR,0,0,3,0,0,MID,0,0,0,0,0,0,0.0,0.15,3
1040,40,Said Ghazi Anas Badawi,DEF,Al Faisaly SC,200000,1,1997-09-13,174,0,28,Jordan,J,AFC,63,1610,Jamal Sellami,JOR,0,0,3,0,0,DEF,0,0,0,0,0,0,0.0,0.2,3
1041,41,Diogo Diogo Costa,GK,FC Porto,40000000,44,1999-09-19,188,0,26,Portugal,K,UEFA,5,2010,Roberto Martínez,POR,3,270,0,0,270,GK,0,0,0,0,1,0,0.0,40.0,3
1042,41,SEMEDONélson Nelson,DEF,Fenerbahçe SK,6000000,51,1993-11-16,179,0,32,Portugal,K,UEFA,5,2010,Roberto Martínez,POR,0,0,3,0,0,DEF,0,0,0,0,0,0,0.0,6.0,3
1043,41,Rúben Ruben Dias,DEF,Manchester City FC,55000000,76,1997-05-14,187,3,29,Portugal,K,UEFA,5,2010,Roberto Martínez,POR,3,270,0,0,270,DEF,0,0,0,0,0,0,0.0,55.0,3
1044,41,Tomás Tomas Araujo,DEF,SL Benfica,30000000,6,2002-05-16,187,0,24,Portugal,K,UEFA,5,2010,Roberto Martínez,POR,0,0,3,0,0,DEF,0,0,0,0,0,0,0.0,30.0,3
1045,41,Diogo Diogo Dalot,DEF,Manchester United FC,30000000,35,1999-03-18,184,3,27,Portugal,K,UEFA,5,2010,Roberto Martínez,POR,3,270,0,0,270,DEF,0,0,0,0,0,0,0.0,30.0,3
1046,41,Luiz Matheus,MID,Manchester City FC,50000000,20,1998-08-27,183,2,27,Portugal,K,UEFA,5,2010,Roberto Martínez,POR,3,270,0,0,270,MID,0,0,0,0,0,0,0.0,50.0,3
1047,41,Ronaldo Cristiano Ronaldo,FWD,Al Nassr FC,10000000,229,1985-02-05,185,143,41,Portugal,K,UEFA,5,2010,Roberto Martínez,POR,0,0,3,30,30,FWD,2,0,0,0,1,2,6.0,10.0,3
1048,41,Miguel Bruno,MID,Manchester United FC,35000000,90,1994-09-08,183,29,31,Portugal,K,UEFA,5,2010,Roberto Martínez,POR,3,270,0,0,270,MID,0,1,0,0,0,1,0.0,35.0,3
1049,41,RAMOSGonçalo Goncalo,FWD,Paris Saint-Germain,30000000,26,2001-06-20,185,10,25,Portugal,K,UEFA,5,2010,Roberto Martínez,POR,0,0,3,0,0,FWD,0,0,0,0,0,0,0.0,30.0,3
1050,41,Bernardo Bernardo Silva,MID,Manchester City FC,22000000,110,1994-08-10,173,14,31,Portugal,K,UEFA,5,2010,Roberto Martínez,POR,0,0,3,0,0,MID,0,0,0,0,0,0,0.0,22.0,3
1051,41,João Joao Felix,FWD,Al Nassr FC,28000000,54,1999-11-10,179,12,26,Portugal,K,UEFA,5,2010,Roberto Martínez,POR,0,0,3,0,0,FWD,0,0,0,0,0,0,0.0,28.0,3
1052,41,Pedro Jose Sa,GK,Wolverhampton Wanderers FC,3500000,5,1993-01-17,192,0,33,Portugal,K,UEFA,5,2010,Roberto Martínez,POR,0,0,3,0,0,GK,0,0,0,0,0,0,0.0,3.5,3
1053,41,Renato Renato Veiga,DEF,Villarreal CF,25000000,14,2003-07-29,188,1,22,Portugal,K,UEFA,5,2010,Roberto Martínez,POR,0,0,3,0,0,DEF,0,0,0,0,0,0,0.0,25.0,3
1054,41,Gonçalo Goncalo Inacio,DEF,Sporting CP,40000000,22,2001-08-25,185,2,24,Portugal,K,UEFA,5,2010,Roberto Martínez,POR,3,270,0,0,270,DEF,0,0,0,0,0,0,0.0,40.0,3
1055,41,Pedro Joao Neves,MID,Paris Saint-Germain,140000000,23,2004-09-27,171,4,21,Portugal,K,UEFA,5,2010,Roberto Martínez,POR,3,270,0,0,270,MID,1,0,0,0,1,1,0.333,140.0,3
1056,41,António Francisco Trincao,FWD,Sporting CP,40000000,18,1999-12-29,184,3,26,Portugal,K,UEFA,5,2010,Roberto Martínez,POR,0,0,3,0,0,FWD,0,0,0,0,0,0,0.0,40.0,3
1057,41,Alexandre Rafael Leao,FWD,AC Milan,50000000,45,1999-06-10,188,5,27,Portugal,K,UEFA,5,2010,Roberto Martínez,POR,3,270,0,0,270,FWD,1,0,0,0,0,1,0.333,50.0,3
1058,41,Pedro Pedro Neto,FWD,Chelsea FC,60000000,26,2000-03-09,174,3,26,Portugal,K,UEFA,5,2010,Roberto Martínez,POR,3,270,0,0,270,FWD,0,1,0,0,0,1,0.0,60.0,3
1059,41,Manuel Goncalo,FWD,Real Sociedad,6000000,35,1996-11-29,179,8,29,Portugal,K,UEFA,5,2010,Roberto Martínez,POR,0,0,3,0,0,FWD,0,0,0,0,0,0,0.0,6.0,3
1060,41,Pedro Joao Cancelo,DEF,FC Barcelona,8000000,69,1994-05-27,173,12,32,Portugal,K,UEFA,5,2010,Roberto Martínez,POR,0,0,3,30,30,DEF,0,1,0,0,0,1,0.0,8.0,3
1061,41,Diogo Ruben,MID,Al Hilal SC,25000000,67,1997-03-13,183,1,29,Portugal,K,UEFA,5,2010,Roberto Martínez,POR,0,0,3,0,0,MID,0,0,0,0,0,0,0.0,25.0,3
1062,41,Tiago Rui Silva,GK,Sporting CP,7000000,3,1994-02-07,191,0,32,Portugal,K,UEFA,5,2010,Roberto Martínez,POR,0,0,3,0,0,GK,0,0,0,0,0,0,0.0,7.0,3
1063,41,Vitor Vitinha,MID,Paris Saint-Germain,140000000,39,2000-02-13,170,0,26,Portugal,K,UEFA,5,2010,Roberto Martínez,POR,3,270,0,0,270,MID,0,1,0,0,0,1,0.0,140.0,3
1064,41,Samuel Samu Costa,DEF,RCD Mallorca,15000000,6,2000-11-27,185,0,25,Portugal,K,UEFA,5,2010,Roberto Martínez,POR,0,0,3,0,0,DEF,0,0,0,0,0,0,0.0,15.0,3
1065,41,Alexandre Nuno,DEF,Paris Saint-Germain,80000000,45,2002-06-19,177,1,24,Portugal,K,UEFA,5,2010,Roberto Martínez,POR,3,270,0,0,270,DEF,1,0,0,0,0,1,0.333,80.0,3
1066,41,Francisco Francisco Conceicao,FWD,Juventus FC,30000000,18,2002-12-14,166,4,23,Portugal,K,UEFA,5,2010,Roberto Martínez,POR,0,0,3,0,0,FWD,0,0,0,0,0,0,0.0,30.0,3
1067,42,Lionel Nzau Mpasi,GK,Le Havre AC,400000,29,1994-08-01,182,0,31,Congo DR,K,CAF,61,1670,Sébastien Desabre,COD,3,270,0,0,270,GK,0,0,0,0,0,0,0.0,0.4,3
1068,42,Wan Wan-Bissaka,DEF,West Ham United FC,15000000,13,1997-11-26,183,0,28,Congo DR,K,CAF,61,1670,Sébastien Desabre,COD,3,270,0,0,270,DEF,0,0,0,0,0,0,0.0,15.0,3
1069,42,Steve Nkanu Kapuadi,DEF,Widzew Ł ód ź,2500000,4,1998-04-30,196,0,28,Congo DR,K,CAF,61,1670,Sébastien Desabre,COD,3,270,0,0,270,DEF,0,0,0,0,0,0,0.0,2.5,3
1070,42,Axel Tuanzebe,DEF,Burnley FC,5000000,14,1997-11-14,188,1,28,Congo DR,K,CAF,61,1670,Sébastien Desabre,COD,3,270,0,0,270,DEF,0,0,0,0,0,0,0.0,5.0,3
1071,42,Dylan Buduka Batubinsika,DEF,AEL FC,600000,15,1996-02-15,185,1,30,Congo DR,K,CAF,61,1670,Sébastien Desabre,COD,0,0,3,0,0,DEF,0,0,0,0,0,0,0.0,0.6,3
1072,42,Ngal’ayel Mukau,MID,Lille OSC,15000000,15,2004-11-03,186,0,21,Congo DR,K,CAF,61,1670,Sébastien Desabre,COD,3,270,0,0,270,MID,0,0,0,0,0,0,0.0,15.0,3
1073,42,Nathanaël Mbuku,MID,Montpellier HSC,2000000,19,2002-03-16,170,2,24,Congo DR,K,CAF,61,1670,Sébastien Desabre,COD,0,0,3,30,30,MID,0,0,1,0,0,0,0.0,2.0,3
1074,42,Samuel Alain Moutoussamy,MID,Atromitos FC,1200000,59,1996-08-12,176,0,29,Congo DR,K,CAF,61,1670,Sébastien Desabre,COD,0,0,3,30,30,MID,0,0,1,0,0,0,0.0,1.2,3
1075,42,Kibambe Brian Cipenga,FWD,CD Castellón,2000000,8,1998-03-11,172,0,28,Congo DR,K,CAF,61,1670,Sébastien Desabre,COD,0,0,3,0,0,FWD,0,0,0,0,0,0,0.0,2.0,3
1076,42,Theo Mbulofeko Batombo Bongonda,MID,FC Spartak Moscow,3000000,38,1995-11-20,176,7,30,Congo DR,K,CAF,61,1670,Sébastien Desabre,COD,3,270,0,0,270,MID,0,0,0,0,0,0,0.0,3.0,3
1077,42,Gaël Roméo Kakuta,FWD,AEL FC,250000,31,1991-06-21,174,5,35,Congo DR,K,CAF,61,1670,Sébastien Desabre,COD,0,0,3,0,0,FWD,0,0,0,0,0,0,0.0,0.25,3
1078,42,Joris Kayembe,DEF,KRC Genk,2000000,27,1994-08-08,180,1,31,Congo DR,K,CAF,61,1670,Sébastien Desabre,COD,0,0,3,0,0,DEF,0,0,0,0,0,0,0.0,2.0,3
1079,42,Meschack Lina Elia,FWD,Alanyaspor,1500000,68,1997-08-06,173,12,28,Congo DR,K,CAF,61,1670,Sébastien Desabre,COD,0,0,3,30,30,FWD,0,1,0,0,0,1,0.0,1.5,3
1080,42,Noah Junior Sadiki,MID,Sunderland AFC,35000000,21,2004-12-17,165,0,21,Congo DR,K,CAF,61,1670,Sébastien Desabre,COD,3,270,0,0,270,MID,0,0,1,0,0,0,0.0,35.0,3
1081,42,Tshibola Tshibola,MID,Kilmarnock FC,150000,17,1995-01-02,184,1,31,Congo DR,K,CAF,61,1670,Sébastien Desabre,COD,0,0,3,0,0,MID,0,0,0,0,0,0,0.0,0.15,3
1082,42,Timothy Bruce Munzoko Fayulu,GK,FC Noah,800000,3,1999-07-24,192,0,26,Congo DR,K,CAF,61,1670,Sébastien Desabre,COD,0,0,3,0,0,GK,0,0,0,0,0,0,0.0,0.8,3
1083,42,Cedric Bakambu,FWD,Real Betis,1200000,71,1991-04-11,182,21,35,Congo DR,K,CAF,61,1670,Sébastien Desabre,COD,0,0,3,0,0,FWD,0,0,0,0,0,0,0.0,1.2,3
1084,42,Charles Monginda Pickel,MID,RCD Espanyol,2500000,35,1997-05-15,187,1,29,Congo DR,K,CAF,61,1670,Sébastien Desabre,COD,0,0,3,0,0,MID,0,0,0,0,0,0,0.0,2.5,3
1085,42,Mayele Fiston Mayele,FWD,Pyramids FC,1800000,36,1994-06-24,185,5,32,Congo DR,K,CAF,61,1670,Sébastien Desabre,COD,0,0,3,30,30,FWD,1,0,0,0,0,1,3.0,1.8,3
1086,42,Yoane Wissa,FWD,Newcastle United FC,25000000,39,1996-09-03,176,9,29,Congo DR,K,CAF,61,1670,Sébastien Desabre,COD,3,270,0,0,270,FWD,3,0,0,0,1,3,1.0,25.0,3
1087,42,Matthieu Luka Epolo,GK,Standard Liège,8000000,1,2005-01-15,183,0,21,Congo DR,K,CAF,61,1670,Sébastien Desabre,COD,0,0,3,0,0,GK,0,0,0,0,0,0,0.0,8.0,3
1088,42,Mangulu Chancel Mbemba,DEF,Lille OSC,2000000,110,1994-08-08,182,7,31,Congo DR,K,CAF,61,1670,Sébastien Desabre,COD,0,0,3,0,0,DEF,0,0,0,0,0,0,0.0,2.0,3
1089,42,Simon Bokote Banza,FWD,Al Jazira,11000000,16,1996-08-13,189,2,29,Congo DR,K,CAF,61,1670,Sébastien Desabre,COD,3,270,0,0,270,FWD,0,0,0,0,0,0,0.0,11.0,3
1090,42,Gédéon Tchingoma Kyatengwa Kalulu,DEF,Aris Limassol FC,3500000,29,1997-08-29,178,0,28,Congo DR,K,CAF,61,1670,Sébastien Desabre,COD,3,270,0,0,270,DEF,0,0,0,0,0,0,0.0,3.5,3
1091,42,Edo Kayembe Kayembe,MID,Watford FC,4000000,43,1998-06-03,183,2,28,Congo DR,K,CAF,61,1670,Sébastien Desabre,COD,3,270,0,0,270,MID,0,0,0,0,0,0,0.0,4.0,3
1092,42,Arthur Fuka Masuaku,DEF,RC Lens,2000000,45,1993-11-07,179,4,32,Congo DR,K,CAF,61,1670,Sébastien Desabre,COD,0,0,3,30,30,DEF,0,1,0,0,0,1,0.0,2.0,3
1093,43,Utkir Yusupov,GK,PFC Navbahor Namangan,500000,46,1991-01-04,185,0,35,Uzbekistan,K,AFC,50,1650,Fabio Cannavaro,UZB,1,90,2,0,90,GK,0,0,0,0,0,0,0.0,0.5,3
1094,43,Abdukodir Khusanov,DEF,Manchester City FC,50000000,28,2004-02-29,186,0,22,Uzbekistan,K,AFC,50,1650,Fabio Cannavaro,UZB,3,270,0,0,270,DEF,1,0,1,0,0,1,0.333,50.0,3
1095,43,Khojiakbar Alijonov,DEF,Pakhtakor Tashkent FK,1300000,52,1997-04-19,180,3,29,Uzbekistan,K,AFC,50,1650,Fabio Cannavaro,UZB,3,270,0,0,270,DEF,0,0,0,0,0,0,0.0,1.3,3
1096,43,Farrukh Sayfiev,DEF,FK Neftchi Farg'ona,225000,72,1991-01-17,183,1,35,Uzbekistan,K,AFC,50,1650,Fabio Cannavaro,UZB,0,0,3,0,0,DEF,0,0,0,0,0,0,0.0,0.22,3
1097,43,Rustamjon Ashurmatov,DEF,Esteghlal Tehran FC,750000,52,1996-07-07,186,1,29,Uzbekistan,K,AFC,50,1650,Fabio Cannavaro,UZB,3,270,0,0,270,DEF,0,0,0,0,0,0,0.0,0.75,3
1098,43,Akmal Mozgovoy,MID,Pakhtakor Tashkent FK,1400000,26,1999-04-02,180,1,27,Uzbekistan,K,AFC,50,1650,Fabio Cannavaro,UZB,0,0,3,30,30,MID,0,1,0,0,0,1,0.0,1.4,3
1099,43,Otabek Shukurov,MID,Baniyas Club,1500000,91,1996-06-22,183,10,30,Uzbekistan,K,AFC,50,1650,Fabio Cannavaro,UZB,3,270,0,0,270,MID,0,0,0,0,0,0,0.0,1.5,3
1100,43,Jamshid Iskanderov,MID,FK Neftchi Farg'ona,1000000,46,1993-10-16,171,4,32,Uzbekistan,K,AFC,50,1650,Fabio Cannavaro,UZB,0,0,3,0,0,MID,0,0,0,0,0,0,0.0,1.0,3
1101,43,Odiljon Xamrobekov,MID,Tractor Sazi Tabriz FC,1000000,76,1996-02-13,180,1,30,Uzbekistan,K,AFC,50,1650,Fabio Cannavaro,UZB,0,0,3,0,0,MID,0,0,0,0,0,0,0.0,1.0,3
1102,43,Ruslanbek Jiyanov,MID,PFC Navbahor Namangan,800000,8,2001-06-05,176,1,25,Uzbekistan,K,AFC,50,1650,Fabio Cannavaro,UZB,0,0,3,0,0,MID,0,0,0,0,0,0,0.0,0.8,3
1103,43,Oston Urunov,MID,Persepolis FC,2000000,46,2000-12-19,181,10,25,Uzbekistan,K,AFC,50,1650,Fabio Cannavaro,UZB,3,270,0,0,270,MID,0,0,0,0,0,0,0.0,2.0,3
1104,43,Abduvakhid Nematov,GK,Nasaf Qarshi FC,1500000,15,2001-03-20,182,0,25,Uzbekistan,K,AFC,50,1650,Fabio Cannavaro,UZB,1,90,2,0,90,GK,0,0,0,0,0,0,0.0,1.5,3
1105,43,Sherzod Nasrullaev,DEF,Pakhtakor Tashkent FK,1200000,41,1998-07-23,183,2,27,Uzbekistan,K,AFC,50,1650,Fabio Cannavaro,UZB,3,270,0,0,270,DEF,0,0,1,0,0,0,0.0,1.2,3
1106,43,Eldor Shomurodov,FWD,Ba ş ak ş ehir FK,7000000,94,1995-06-29,190,44,31,Uzbekistan,K,AFC,50,1650,Fabio Cannavaro,UZB,3,270,0,0,270,FWD,1,0,0,0,0,1,0.333,7.0,3
1107,43,Umarbek Eshmurodov,DEF,Nasaf Qarshi FC,450000,40,1992-11-30,185,0,33,Uzbekistan,K,AFC,50,1650,Fabio Cannavaro,UZB,0,0,3,0,0,DEF,0,0,0,0,0,0,0.0,0.45,3
1108,43,Botirali Ergashev,GK,FK Neftchi Farg'ona,500000,5,1995-06-23,189,0,31,Uzbekistan,K,AFC,50,1650,Fabio Cannavaro,UZB,0,0,3,0,0,GK,0,0,0,0,0,0,0.0,0.5,3
1109,43,Dostonbek Khamdamov,MID,Pakhtakor Tashkent FK,900000,38,1996-07-24,178,5,29,Uzbekistan,K,AFC,50,1650,Fabio Cannavaro,UZB,0,0,3,0,0,MID,0,0,0,0,0,0,0.0,0.9,3
1110,43,Abdulla Abdullaev,DEF,Dibba FC,500000,30,1997-09-01,181,0,28,Uzbekistan,K,AFC,50,1650,Fabio Cannavaro,UZB,0,0,3,0,0,DEF,0,0,0,0,0,0,0.0,0.5,3
1111,43,Azizjon Ganiev,MID,Al Bataeh Club,2000000,24,1998-02-22,178,0,28,Uzbekistan,K,AFC,50,1650,Fabio Cannavaro,UZB,3,270,0,0,270,MID,0,0,0,0,0,0,0.0,2.0,3
1112,43,Azizbek Amonov,FWD,FK Dinamo Samarkand,500000,14,1997-10-30,181,2,28,Uzbekistan,K,AFC,50,1650,Fabio Cannavaro,UZB,0,0,3,0,0,FWD,0,0,0,0,0,0,0.0,0.5,3
1113,43,Igor Sergeev,FWD,Persepolis FC,1200000,86,1993-04-30,185,25,33,Uzbekistan,K,AFC,50,1650,Fabio Cannavaro,UZB,3,270,0,0,270,FWD,0,0,0,0,0,0,0.0,1.2,3
1114,43,Abbosbek Fayzullaev,MID,Ba ş ak ş ehir FK,7000000,33,2003-10-03,167,9,22,Uzbekistan,K,AFC,50,1650,Fabio Cannavaro,UZB,3,270,0,0,270,MID,1,0,0,0,0,1,0.333,7.0,3
1115,43,Sherzod Esanov,MID,FK Buxoro,450000,1,2003-02-01,190,0,23,Uzbekistan,K,AFC,50,1650,Fabio Cannavaro,UZB,0,0,3,0,0,MID,0,0,0,0,0,0,0.0,0.45,3
1116,43,Behruzjon Karimov,DEF,Surkhon FK,350000,3,2007-08-07,172,0,18,Uzbekistan,K,AFC,50,1650,Fabio Cannavaro,UZB,0,0,3,0,0,DEF,0,0,0,0,0,0,0.0,0.35,3
1117,43,Avazbek Ulmasaliyev,DEF,OKMK FK,500000,0,2000-03-27,187,0,26,Uzbekistan,K,AFC,50,1650,Fabio Cannavaro,UZB,0,0,3,0,0,DEF,0,0,0,0,0,0,0.0,0.5,3
1118,43,Jakhongir Urozov,DEF,FK Dinamo Samarkand,600000,5,2004-01-18,190,1,22,Uzbekistan,K,AFC,50,1650,Fabio Cannavaro,UZB,1,90,2,0,90,DEF,0,0,0,0,0,0,0.0,0.6,3
1119,44,David Ospina,GK,Atlético Nacional,100000,130,1988-08-31,183,0,37,Colombia,K,CONMEBOL,13,1990,Néstor Lorenzo,COL,1,90,2,0,90,GK,0,0,0,0,0,0,0.0,0.1,3
1120,44,Daniel Munoz,DEF,Crystal Palace FC,22000000,47,1996-05-26,180,4,30,Colombia,K,CONMEBOL,13,1990,Néstor Lorenzo,COL,3,270,0,0,270,DEF,2,0,0,0,1,2,0.667,22.0,3
1121,44,Jhon Janer Lucumi,DEF,Bologna FC,22000000,38,1998-06-26,187,1,28,Colombia,K,CONMEBOL,13,1990,Néstor Lorenzo,COL,3,270,0,0,270,DEF,0,0,0,0,0,0,0.0,22.0,3
1122,44,Santiago Arias,DEF,CA Independiente,1200000,68,1992-01-13,177,0,34,Colombia,K,CONMEBOL,13,1990,Néstor Lorenzo,COL,0,0,3,0,0,DEF,0,0,0,0,0,0,0.0,1.2,3
1123,44,Kevin Duvan Castano,MID,CA River Plate,5000000,26,2000-09-29,179,0,25,Colombia,K,CONMEBOL,13,1990,Néstor Lorenzo,COL,0,0,3,0,0,MID,0,0,0,0,0,0,0.0,5.0,3
1124,44,Richard Rios,MID,SL Benfica,25000000,33,2000-06-02,185,2,26,Colombia,K,CONMEBOL,13,1990,Néstor Lorenzo,COL,3,270,0,0,270,MID,0,0,0,0,0,0,0.0,25.0,3
1125,44,Luis Fernando Diaz,FWD,FC Bayern München,70000000,75,1997-01-13,179,23,29,Colombia,K,CONMEBOL,13,1990,Néstor Lorenzo,COL,3,270,0,0,270,FWD,1,1,0,0,1,2,0.333,70.0,3
1126,44,Jorge Andres Carrascal,MID,CR Flamengo,13000000,25,1998-05-25,180,2,28,Colombia,K,CONMEBOL,13,1990,Néstor Lorenzo,COL,3,270,0,0,270,MID,0,0,0,0,0,0,0.0,13.0,3
1127,44,Jhon Andrés Cordoba,FWD,FC Krasnodar,10000000,21,1993-05-11,186,6,33,Colombia,K,CONMEBOL,13,1990,Néstor Lorenzo,COL,0,0,3,0,0,FWD,0,0,0,0,0,0,0.0,10.0,3
1128,44,James David Rodriguez,MID,Minnesota United FC,1500000,127,1991-07-12,181,31,34,Colombia,K,CONMEBOL,13,1990,Néstor Lorenzo,COL,0,0,3,0,0,MID,0,0,0,0,0,0,0.0,1.5,3
1129,44,Jhon Adolfo Arias,MID,SE Palmeiras,15000000,39,1997-09-21,168,6,28,Colombia,K,CONMEBOL,13,1990,Néstor Lorenzo,COL,3,270,0,0,270,MID,0,0,0,0,0,0,0.0,15.0,3
1130,44,Camilo Andres Vargas,GK,Atlas FC,450000,43,1989-03-09,183,0,37,Colombia,K,CONMEBOL,13,1990,Néstor Lorenzo,COL,2,180,1,0,180,GK,0,0,0,0,0,0,0.0,0.45,3
1131,44,Yerry Fernando Mina,DEF,Cagliari,2500000,54,1994-09-23,195,8,31,Colombia,K,CONMEBOL,13,1990,Néstor Lorenzo,COL,0,0,3,0,0,DEF,0,0,0,0,0,0,0.0,2.5,3
1132,44,Gustavo Adolfo Puerta,DEF,Racing Santander,10000000,7,2003-07-23,173,1,22,Colombia,K,CONMEBOL,13,1990,Néstor Lorenzo,COL,3,270,0,0,270,DEF,0,1,1,0,0,1,0.0,10.0,3
1133,44,Juan Camilo Portilla,MID,Athletico Paranaense,5000000,10,1998-09-12,181,0,27,Colombia,K,CONMEBOL,13,1990,Néstor Lorenzo,COL,0,0,3,0,0,MID,0,0,0,0,0,0,0.0,5.0,3
1134,44,Jefferson Andrés Lerma,MID,Crystal Palace FC,6000000,66,1994-10-25,180,5,31,Colombia,K,CONMEBOL,13,1990,Néstor Lorenzo,COL,3,270,0,0,270,MID,0,0,0,0,0,0,0.0,6.0,3
1135,44,Johan Andrés Mojica,DEF,RCD Mallorca,1500000,46,1992-08-21,184,1,33,Colombia,K,CONMEBOL,13,1990,Néstor Lorenzo,COL,0,0,3,0,0,DEF,0,0,0,0,0,0,0.0,1.5,3
1136,44,Willer Emilio Ditta,DEF,CF Cruz Azul,5500000,5,1998-01-23,179,0,28,Colombia,K,CONMEBOL,13,1990,Néstor Lorenzo,COL,0,0,3,0,0,DEF,0,0,0,0,0,0,0.0,5.5,3
1137,44,Juan Camilo Hernandez,FWD,Real Betis,18000000,10,1999-04-20,176,2,27,Colombia,K,CONMEBOL,13,1990,Néstor Lorenzo,COL,0,0,3,30,30,FWD,0,1,0,0,0,1,0.0,18.0,3
1138,44,Juan Fernando Quintero,MID,CA River Plate,1800000,49,1993-01-18,167,6,33,Colombia,K,CONMEBOL,13,1990,Néstor Lorenzo,COL,0,0,3,30,30,MID,0,1,0,0,0,1,0.0,1.8,3
1139,44,Jaminton Leandro Campaz,FWD,CA Rosario Central,5500000,11,2000-05-24,166,2,26,Colombia,K,CONMEBOL,13,1990,Néstor Lorenzo,COL,0,0,3,30,30,FWD,1,0,0,0,0,1,3.0,5.5,3
1140,44,Deiver Machado,DEF,FC Nantes,1800000,15,1993-09-02,173,0,32,Colombia,K,CONMEBOL,13,1990,Néstor Lorenzo,COL,0,0,3,0,0,DEF,0,0,0,0,0,0,0.0,1.8,3
1141,44,Davinson Sanchez,DEF,Galatasaray SK,16000000,80,1996-06-12,188,4,30,Colombia,K,CONMEBOL,13,1990,Néstor Lorenzo,COL,3,270,0,0,270,DEF,0,0,0,0,0,0,0.0,16.0,3
1142,44,Álvaro David Montero,GK,CA Vélez Sarsfield,2500000,12,1995-03-29,201,0,31,Colombia,K,CONMEBOL,13,1990,Néstor Lorenzo,COL,0,0,3,0,0,GK,0,0,0,0,0,0,0.0,2.5,3
1143,44,Luis Javier Suarez,FWD,Sporting CP,30000000,13,1997-12-02,179,5,28,Colombia,K,CONMEBOL,13,1990,Néstor Lorenzo,COL,3,270,0,0,270,FWD,0,0,0,0,0,0,0.0,30.0,3
1144,44,Carlos Andrés Gomez,FWD,CR Vasco Da Gama,11000000,9,2002-09-12,170,2,23,Colombia,K,CONMEBOL,13,1990,Néstor Lorenzo,COL,0,0,3,0,0,FWD,0,0,0,0,0,0,0.0,11.0,3
1145,45,Jordan Lee Pickford,GK,Everton FC,13000000,85,1994-03-07,185,0,32,England,L,UEFA,4,2050,Thomas Tuchel,ENG,3,270,0,0,270,GK,0,0,0,0,0,0,0.0,13.0,3
1146,45,Ezri Ngoyo Konsa,DEF,Aston Villa FC,40000000,21,1997-10-23,180,1,28,England,L,UEFA,4,2050,Thomas Tuchel,ENG,0,0,3,30,30,DEF,0,0,1,0,0,0,0.0,40.0,3
1147,45,Nico Oreilly,DEF,Manchester City FC,70000000,6,2005-03-21,177,0,21,England,L,UEFA,4,2050,Thomas Tuchel,ENG,3,270,0,0,270,DEF,0,0,0,0,1,0,0.0,70.0,3
1148,45,Declan Rice,MID,Arsenal FC,120000000,74,1999-01-14,185,7,27,England,L,UEFA,4,2050,Thomas Tuchel,ENG,3,270,0,0,270,MID,0,1,0,0,0,1,0.0,120.0,3
1149,45,John Stones,DEF,Manchester City FC,12000000,90,1994-05-28,188,3,32,England,L,UEFA,4,2050,Thomas Tuchel,ENG,0,0,3,0,0,DEF,0,0,0,0,0,0,0.0,12.0,3
1150,45,Keaninkin Marc-Isreal Guehi,DEF,Manchester City FC,70000000,30,2000-07-13,183,1,25,England,L,UEFA,4,2050,Thomas Tuchel,ENG,3,270,0,0,270,DEF,0,0,0,0,0,0,0.0,70.0,3
1151,45,Bukayo Ayoyinka Saka,FWD,Arsenal FC,110000000,50,2001-09-05,178,14,24,England,L,UEFA,4,2050,Thomas Tuchel,ENG,3,270,0,0,270,FWD,0,2,0,0,0,2,0.0,110.0,3
1152,45,Elliot Junior Anderson,MID,Nottingham Forest FC,75000000,10,2002-11-06,179,0,23,England,L,UEFA,4,2050,Thomas Tuchel,ENG,3,270,0,0,270,MID,0,1,0,0,0,1,0.0,75.0,3
1153,45,Harry Edward Kane,FWD,FC Bayern München,60000000,115,1993-07-28,190,81,32,England,L,UEFA,4,2050,Thomas Tuchel,ENG,0,0,3,60,60,FWD,3,0,0,0,1,3,4.5,60.0,3
1154,45,Jude Victor William Bellingham,MID,Real Madrid C. F.,130000000,49,2003-06-29,183,7,23,England,L,UEFA,4,2050,Thomas Tuchel,ENG,3,270,0,0,270,MID,2,1,0,0,1,3,0.667,130.0,3
1155,45,Marcus Rashford,FWD,FC Barcelona,40000000,73,1997-10-31,180,19,28,England,L,UEFA,4,2050,Thomas Tuchel,ENG,0,0,3,30,30,FWD,1,0,0,0,0,1,3.0,40.0,3
1156,45,Trevoh Tom Chalobah,DEF,Chelsea FC,40000000,1,1999-07-05,192,0,27,England,L,UEFA,4,2050,Thomas Tuchel,ENG,0,0,3,0,0,DEF,0,0,0,0,0,0,0.0,40.0,3
1157,45,Dean Bradley Henderson,GK,Crystal Palace FC,28000000,5,1997-03-12,188,0,29,England,L,UEFA,4,2050,Thomas Tuchel,ENG,0,0,3,0,0,GK,0,0,0,0,0,0,0.0,28.0,3
1158,45,Jordan Brian Henderson,MID,Brentford FC,1200000,90,1990-06-17,183,3,36,England,L,UEFA,4,2050,Thomas Tuchel,ENG,0,0,3,0,0,MID,0,0,0,0,0,0,0.0,1.2,3
1159,45,Daniel Johnson Burn,DEF,Newcastle United FC,4000000,8,1992-05-09,201,0,34,England,L,UEFA,4,2050,Thomas Tuchel,ENG,0,0,3,0,0,DEF,0,0,0,0,0,0,0.0,4.0,3
1160,45,Kobbie Boateng Mainoo,MID,Manchester United FC,70000000,14,2005-04-19,183,0,21,England,L,UEFA,4,2050,Thomas Tuchel,ENG,0,0,3,0,0,MID,0,0,0,0,0,0,0.0,70.0,3
1161,45,Morgan Elliot Rogers,MID,Aston Villa FC,90000000,16,2002-07-26,187,1,23,England,L,UEFA,4,2050,Thomas Tuchel,ENG,3,270,0,0,270,MID,0,0,0,0,0,0,0.0,90.0,3
1162,45,Anthony Michael Gordon,FWD,Newcastle United FC,65000000,20,2001-02-24,182,3,25,England,L,UEFA,4,2050,Thomas Tuchel,ENG,3,270,0,0,270,FWD,0,0,0,0,0,0,0.0,65.0,3
1163,45,George Arthur Watkins,FWD,Aston Villa FC,25000000,22,1995-12-30,180,7,30,England,L,UEFA,4,2050,Thomas Tuchel,ENG,0,0,3,0,0,FWD,0,0,0,0,0,0,0.0,25.0,3
1164,45,Azuka Tristan Madueke,FWD,Arsenal FC,50000000,12,2002-03-10,182,1,24,England,L,UEFA,4,2050,Thomas Tuchel,ENG,0,0,3,0,0,FWD,0,0,0,0,0,0,0.0,50.0,3
1165,45,Eberechi Oluchi Eze,MID,Arsenal FC,65000000,17,1998-06-29,178,3,28,England,L,UEFA,4,2050,Thomas Tuchel,ENG,0,0,3,0,0,MID,0,0,0,0,0,0,0.0,65.0,3
1166,45,Ivan Benjamin Elijah Toney,FWD,Al Ahli FC,20000000,8,1996-03-16,185,1,30,England,L,UEFA,4,2050,Thomas Tuchel,ENG,0,0,3,0,0,FWD,0,0,0,0,0,0,0.0,20.0,3
1167,45,James Harrington Trafford,GK,Manchester City FC,25000000,2,2002-10-10,197,0,23,England,L,UEFA,4,2050,Thomas Tuchel,ENG,0,0,3,0,0,GK,0,0,0,0,0,0,0.0,25.0,3
1168,45,Reece Lewis James,DEF,Chelsea FC,60000000,25,1999-12-08,180,1,26,England,L,UEFA,4,2050,Thomas Tuchel,ENG,3,270,0,0,270,DEF,0,0,0,0,0,0,0.0,60.0,3
1169,45,Tehuti Djed-Hotep Spence,DEF,Tottenham Hotspur FC,30000000,7,2000-08-09,184,0,25,England,L,UEFA,4,2050,Thomas Tuchel,ENG,0,0,3,0,0,DEF,0,0,0,0,0,0,0.0,30.0,3
1170,45,Jarell Amorin Quansah,DEF,Bayer 04 Leverkusen,45000000,3,2003-01-29,190,0,23,England,L,UEFA,4,2050,Thomas Tuchel,ENG,3,270,0,0,270,DEF,0,0,1,0,0,0,0.0,45.0,3
1171,46,Dominik Livakovic,GK,GNK Dinamo Zagreb,4000000,76,1995-01-09,188,0,31,Croatia,L,UEFA,11,1940,Zlatko Dalić,CRO,3,270,0,0,270,GK,0,0,0,0,0,0,0.0,4.0,3
1172,46,Josip Stanisic,DEF,FC Bayern München,40000000,32,2000-04-02,186,0,26,Croatia,L,UEFA,11,1940,Zlatko Dalić,CRO,3,270,0,0,270,DEF,0,1,0,0,0,1,0.0,40.0,3
1173,46,Marin Pongracic,DEF,ACF Fiorentina,6500000,20,1997-09-11,193,0,28,Croatia,L,UEFA,11,1940,Zlatko Dalić,CRO,0,0,3,0,0,DEF,0,0,0,0,0,0,0.0,6.5,3
1174,46,Joško Gvardiol,DEF,Manchester City FC,70000000,49,2002-01-23,185,4,24,Croatia,L,UEFA,11,1940,Zlatko Dalić,CRO,3,270,0,0,270,DEF,0,0,0,0,0,0,0.0,70.0,3
1175,46,Duje Caleta-Car,DEF,Real Sociedad,2800000,38,1996-09-17,193,1,29,Croatia,L,UEFA,11,1940,Zlatko Dalić,CRO,0,0,3,0,0,DEF,0,0,0,0,0,0,0.0,2.8,3
1176,46,Josip Sutalo,DEF,AFC Ajax,12000000,34,2000-02-28,185,0,26,Croatia,L,UEFA,11,1940,Zlatko Dalić,CRO,3,270,0,0,270,DEF,0,0,0,0,0,0,0.0,12.0,3
1177,46,Nikola Moro,MID,Bologna FC,7000000,10,1998-03-12,183,0,28,Croatia,L,UEFA,11,1940,Zlatko Dalić,CRO,0,0,3,0,0,MID,0,0,0,0,0,0,0.0,7.0,3
1178,46,Mateo Kovacic,MID,Manchester City FC,10000000,114,1994-05-06,178,5,32,Croatia,L,UEFA,11,1940,Zlatko Dalić,CRO,3,270,0,0,270,MID,0,0,0,0,0,0,0.0,10.0,3
1179,46,Andrej Kramaric,FWD,TSG Hoffenheim,2500000,117,1991-06-19,177,36,35,Croatia,L,UEFA,11,1940,Zlatko Dalić,CRO,0,0,3,0,0,FWD,0,0,0,0,0,0,0.0,2.5,3
1180,46,Luka Modric,MID,AC Milan,3500000,199,1985-09-09,172,29,40,Croatia,L,UEFA,11,1940,Zlatko Dalić,CRO,0,0,3,30,30,MID,0,1,0,0,0,1,0.0,3.5,3
1181,46,Ante Budimir,FWD,CA Osasuna,2800000,38,1991-07-22,190,6,34,Croatia,L,UEFA,11,1940,Zlatko Dalić,CRO,0,0,3,30,30,FWD,1,0,0,0,1,1,3.0,2.8,3
1182,46,Ivor Pandur,GK,Hull City FC,4500000,0,2000-03-25,187,0,26,Croatia,L,UEFA,11,1940,Zlatko Dalić,CRO,0,0,3,0,0,GK,0,0,0,0,0,0,0.0,4.5,3
1183,46,Nikola Vlasic,MID,Torino FC,10000000,64,1997-10-04,179,10,28,Croatia,L,UEFA,11,1940,Zlatko Dalić,CRO,3,270,0,0,270,MID,1,0,0,0,0,1,0.333,10.0,3
1184,46,Ivan Perisic,FWD,PSV Eindhoven,1200000,155,1989-02-02,186,38,37,Croatia,L,UEFA,11,1940,Zlatko Dalić,CRO,0,0,3,60,60,FWD,0,1,1,0,0,1,0.0,1.2,3
1185,46,Mario Pasalic,MID,Atalanta Bergamo,6000000,86,1995-02-09,188,12,31,Croatia,L,UEFA,11,1940,Zlatko Dalić,CRO,0,0,3,0,0,MID,0,0,0,0,0,0,0.0,6.0,3
1186,46,Martin Baturina,MID,Como,30000000,20,2003-02-16,172,2,23,Croatia,L,UEFA,11,1940,Zlatko Dalić,CRO,3,270,0,0,270,MID,1,0,0,0,0,1,0.333,30.0,3
1187,46,Petar Sucic,MID,FC Internazionale Milano,40000000,18,2003-10-25,183,1,22,Croatia,L,UEFA,11,1940,Zlatko Dalić,CRO,3,270,0,0,270,MID,1,1,0,0,1,2,0.333,40.0,3
1188,46,Kristijan Jakic,DEF,FC Augsburg,6000000,17,1997-05-14,181,2,29,Croatia,L,UEFA,11,1940,Zlatko Dalić,CRO,0,0,3,0,0,DEF,0,0,0,0,0,0,0.0,6.0,3
1189,46,Toni Fruk,MID,HNK Rijeka,9000000,7,2001-03-09,177,1,25,Croatia,L,UEFA,11,1940,Zlatko Dalić,CRO,0,0,3,0,0,MID,0,0,0,0,0,0,0.0,9.0,3
1190,46,Igor Matanovic,FWD,SC Freiburg,22000000,10,2003-03-31,194,2,23,Croatia,L,UEFA,11,1940,Zlatko Dalić,CRO,3,270,0,0,270,FWD,0,0,0,0,0,0,0.0,22.0,3
1191,46,Luka Sucic,MID,Real Sociedad,10000000,21,2002-09-08,185,1,23,Croatia,L,UEFA,11,1940,Zlatko Dalić,CRO,0,0,3,0,0,MID,0,0,0,0,0,0,0.0,10.0,3
1192,46,Luka Vuskovic,DEF,Hamburger SV,60000000,6,2007-02-24,193,1,19,Croatia,L,UEFA,11,1940,Zlatko Dalić,CRO,3,270,0,0,270,DEF,0,0,0,0,0,0,0.0,60.0,3
1193,46,Dominik Kotarski,GK,FC København,5000000,4,2000-02-10,190,0,26,Croatia,L,UEFA,11,1940,Zlatko Dalić,CRO,0,0,3,0,0,GK,0,0,0,0,0,0,0.0,5.0,3
1194,46,Marco Pasalic,FWD,Orlando City SC,6500000,16,2000-09-14,177,1,25,Croatia,L,UEFA,11,1940,Zlatko Dalić,CRO,0,0,3,0,0,FWD,0,0,0,0,0,0,0.0,6.5,3
1195,46,Martin Erlic,DEF,FC Midtjylland,4000000,13,1998-01-24,192,1,28,Croatia,L,UEFA,11,1940,Zlatko Dalić,CRO,0,0,3,0,0,DEF,0,0,0,0,0,0,0.0,4.0,3
1196,46,Petar Musa,FWD,FC Dallas,12000000,12,1998-03-04,190,2,28,Croatia,L,UEFA,11,1940,Zlatko Dalić,CRO,3,270,0,0,270,FWD,1,0,0,0,0,1,0.333,12.0,3
1197,47,Lawrence Ati Zigi,GK,FC St. Gallen,1500000,31,1996-11-29,188,0,29,Ghana,L,CAF,49,1690,Carlos Queiroz,GHA,2,180,1,0,180,GK,0,0,0,0,0,0,0.0,1.5,3
1198,47,Alidu Seidu,DEF,Stade Rennais FC,6000000,24,2000-06-04,173,1,26,Ghana,L,CAF,49,1690,Carlos Queiroz,GHA,3,270,0,0,270,DEF,0,0,0,0,0,0,0.0,6.0,3
1199,47,Caleb Marfo Yirenkyi,MID,FC Nordsjælland,10000000,12,2006-01-15,182,2,20,Ghana,L,CAF,49,1690,Carlos Queiroz,GHA,3,270,0,0,270,MID,1,0,0,0,0,1,0.333,10.0,3
1200,47,Jonas Adjei Adjetey,DEF,VfL Wolfsburg,6000000,11,2003-12-13,188,0,22,Ghana,L,CAF,49,1690,Carlos Queiroz,GHA,3,270,0,0,270,DEF,0,0,0,0,0,0,0.0,6.0,3
1201,47,Thomas Teye Partey,MID,Villarreal CF,2000000,59,1993-06-13,185,16,33,Ghana,L,CAF,49,1690,Carlos Queiroz,GHA,0,0,3,30,30,MID,0,0,1,0,0,0,0.0,2.0,3
1202,47,Abdul Mumin Mumin,DEF,Rayo Vallecano,3000000,5,1998-06-06,188,0,28,Ghana,L,CAF,49,1690,Carlos Queiroz,GHA,0,0,3,0,0,DEF,0,0,0,0,0,0,0.0,3.0,3
1203,47,Abdul Fatawu Fatawu,FWD,Leicester City FC,20000000,29,2004-03-08,177,3,22,Ghana,L,CAF,49,1690,Carlos Queiroz,GHA,3,270,0,0,270,FWD,0,0,0,0,0,0,0.0,20.0,3
1204,47,Kwasi Sibo,MID,Real Oviedo,1400000,9,1998-06-24,183,0,28,Ghana,L,CAF,49,1690,Carlos Queiroz,GHA,0,0,3,0,0,MID,0,0,0,0,0,0,0.0,1.4,3
1205,47,Jordan Pierre Ayew,FWD,Leicester City FC,1800000,121,1991-09-11,182,34,34,Ghana,L,CAF,49,1690,Carlos Queiroz,GHA,0,0,3,0,0,FWD,0,0,0,0,0,0,0.0,1.8,3
1206,47,Brandon Michael Clarke Thomas-Asante,FWD,Coventry City FC,16000000,9,1998-12-29,182,1,27,Ghana,L,CAF,49,1690,Carlos Queiroz,GHA,0,0,3,0,0,FWD,0,0,0,0,0,0,0.0,16.0,3
1207,47,Antoine Serlom Semenyo,MID,Manchester City FC,80000000,35,2000-01-07,185,3,26,Ghana,L,CAF,49,1690,Carlos Queiroz,GHA,3,270,0,0,270,MID,0,1,0,0,1,1,0.0,80.0,3
1208,47,Joseph Tetteh Anang,GK,St Patrick's Athletic FC,350000,1,2000-06-08,190,0,26,Ghana,L,CAF,49,1690,Carlos Queiroz,GHA,0,0,3,0,0,GK,0,0,0,0,0,0,0.0,0.35,3
1209,47,Christopher Bonsu Bonsu Baah,FWD,Al Qadsiah FC,14000000,9,2004-12-14,172,0,21,Ghana,L,CAF,49,1690,Carlos Queiroz,GHA,0,0,3,0,0,FWD,0,0,0,0,0,0,0.0,14.0,3
1210,47,Gideon Mensah,DEF,AJ Auxerre,4000000,41,1998-07-18,178,0,27,Ghana,L,CAF,49,1690,Carlos Queiroz,GHA,0,0,3,0,0,DEF,0,0,0,0,0,0,0.0,4.0,3
1211,47,Elisha Owusu,MID,AJ Auxerre,4000000,21,1997-11-07,182,0,28,Ghana,L,CAF,49,1690,Carlos Queiroz,GHA,3,270,0,0,270,MID,0,0,0,0,0,0,0.0,4.0,3
1212,47,Benjamin Asare,GK,Hearts Of Oak SC,100000,14,1992-07-13,188,0,33,Ghana,L,CAF,49,1690,Carlos Queiroz,GHA,1,90,2,0,90,GK,0,0,0,0,0,0,0.0,0.1,3
1213,47,Abdul Rahman Rahman,DEF,PAOK Saloniki,2000000,53,1994-07-02,179,1,32,Ghana,L,CAF,49,1690,Carlos Queiroz,GHA,0,0,3,0,0,DEF,0,0,0,0,0,0,0.0,2.0,3
1214,47,Jerome Opoku,DEF,Ba ş ak ş ehir FK,5000000,12,1998-10-14,197,1,27,Ghana,L,CAF,49,1690,Carlos Queiroz,GHA,3,270,0,0,270,DEF,0,0,0,0,0,0,0.0,5.0,3
1215,47,Inaki Williams,FWD,Athletic Club,8000000,26,1994-06-15,186,2,32,Ghana,L,CAF,49,1690,Carlos Queiroz,GHA,0,0,3,0,0,FWD,0,0,0,0,0,0,0.0,8.0,3
1216,47,Augustine Boakye,MID,AS Saint-Etienne,4000000,0,2000-11-03,178,0,25,Ghana,L,CAF,49,1690,Carlos Queiroz,GHA,3,270,0,0,270,MID,0,0,0,0,0,0,0.0,4.0,3
1217,47,Kojo Peprah Oppong,DEF,OGC Nice,10000000,4,2004-06-04,185,0,22,Ghana,L,CAF,49,1690,Carlos Queiroz,GHA,3,270,0,0,270,DEF,0,0,1,0,0,0,0.0,10.0,3
1218,47,Kamal Deen Sulemana,FWD,Atalanta Bergamo,17000000,29,2002-02-15,174,1,24,Ghana,L,CAF,49,1690,Carlos Queiroz,GHA,3,270,0,0,270,FWD,0,0,0,0,0,0,0.0,17.0,3
1219,47,Derrick Luckassen,DEF,Pafos FC,1200000,1,1995-07-03,188,0,31,Ghana,L,CAF,49,1690,Carlos Queiroz,GHA,0,0,3,30,30,DEF,1,0,0,0,0,1,3.0,1.2,3
1220,47,Ernest Nuamah Nuamah,FWD,Olympique Lyonnais,10000000,20,2003-11-01,178,4,22,Ghana,L,CAF,49,1690,Carlos Queiroz,GHA,0,0,3,30,30,FWD,0,1,0,0,0,1,0.0,10.0,3
1221,47,Prince Kwabena Adu,FWD,FC Viktoria Plze ň,3000000,6,2003-09-23,179,0,22,Ghana,L,CAF,49,1690,Carlos Queiroz,GHA,0,0,3,0,0,FWD,0,0,0,0,0,0,0.0,3.0,3
1222,47,Marvin Elom Senaya,DEF,AJ Auxerre,3000000,3,2001-01-28,181,0,25,Ghana,L,CAF,49,1690,Carlos Queiroz,GHA,0,0,3,0,0,DEF,0,0,0,0,0,0,0.0,3.0,3
1223,48,Luis Ricardo Mejia,GK,Club Nacional,150000,56,1991-03-16,193,0,35,Panama,L,CONCACAF,34,1680,Thomas Christiansen,PAN,1,90,2,0,90,GK,0,0,0,0,0,0,0.0,0.15,3
1224,48,Cesar Rodolfo Blackman,DEF,Š K Slovan Bratislava,2500000,41,1998-04-02,174,3,28,Panama,L,CONCACAF,34,1680,Thomas Christiansen,PAN,3,270,0,0,270,DEF,0,0,0,0,0,0,0.0,2.5,3
1225,48,Jose Angel Cordoba,DEF,Norwich City FC,5000000,33,2001-06-03,189,1,25,Panama,L,CONCACAF,34,1680,Thomas Christiansen,PAN,3,270,0,0,270,DEF,0,0,0,0,0,0,0.0,5.0,3
1226,48,Fidel Escobar,DEF,Deportivo Saprissa,350000,99,1995-01-09,184,4,31,Panama,L,CONCACAF,34,1680,Thomas Christiansen,PAN,0,0,3,30,30,DEF,0,0,1,0,0,0,0.0,0.35,3
1227,48,Edgardo Issac Farina,DEF,FC Pari Nizhny Novgorod,900000,18,2001-10-19,195,0,24,Panama,L,CONCACAF,34,1680,Thomas Christiansen,PAN,0,0,3,0,0,DEF,0,0,0,0,0,0,0.0,0.9,3
1228,48,Cristian Jesus Martinez,MID,Hapoel Kiryat Shmona FC,800000,68,1997-02-06,170,2,29,Panama,L,CONCACAF,34,1680,Thomas Christiansen,PAN,3,270,0,0,270,MID,0,0,0,0,0,0,0.0,0.8,3
1229,48,Jose Luis Rodriguez,MID,FC Juárez,2500000,71,1998-06-19,180,8,28,Panama,L,CONCACAF,34,1680,Thomas Christiansen,PAN,3,270,0,0,270,MID,0,0,0,0,0,0,0.0,2.5,3
1230,48,Adalberto Eliecer Carrasquilla,MID,Pumas UNAM,4000000,73,1998-11-28,171,3,27,Panama,L,CONCACAF,34,1680,Thomas Christiansen,PAN,3,270,0,0,270,MID,0,0,0,0,0,0,0.0,4.0,3
1231,48,Tomas Abdiel Rodriguez,FWD,Deportivo Saprissa,1000000,13,1999-03-09,183,4,27,Panama,L,CONCACAF,34,1680,Thomas Christiansen,PAN,3,270,0,0,270,FWD,0,0,0,0,0,0,0.0,1.0,3
1232,48,Ismael Diaz,MID,Club León,1800000,57,1997-05-12,184,17,29,Panama,L,CONCACAF,34,1680,Thomas Christiansen,PAN,3,270,0,0,270,MID,0,0,0,0,0,0,0.0,1.8,3
1233,48,Edgar Yoel Barcenas,MID,Mazatlán FC,650000,105,1993-10-23,175,10,32,Panama,L,CONCACAF,34,1680,Thomas Christiansen,PAN,0,0,3,0,0,MID,0,0,0,0,0,0,0.0,0.65,3
1234,48,Cesar Jair Samudio,GK,CD Marathón,250000,5,1994-02-23,189,0,32,Panama,L,CONCACAF,34,1680,Thomas Christiansen,PAN,0,0,3,0,0,GK,0,0,0,0,0,0,0.0,0.25,3
1235,48,Jiovany Javier Ramos,DEF,Puerto Cabello CF,450000,24,1997-01-26,188,2,29,Panama,L,CONCACAF,34,1680,Thomas Christiansen,PAN,0,0,3,0,0,DEF,0,0,0,0,0,0,0.0,0.45,3
1236,48,Carlos Miguel Harvey,DEF,Minnesota United FC,600000,29,2000-02-03,184,3,26,Panama,L,CONCACAF,34,1680,Thomas Christiansen,PAN,0,0,3,0,0,DEF,0,0,0,0,0,0,0.0,0.6,3
1237,48,Eric Javier Davis,DEF,CD Plaza Amador,50000,107,1991-03-31,180,9,35,Panama,L,CONCACAF,34,1680,Thomas Christiansen,PAN,0,0,3,0,0,DEF,0,0,0,0,0,0,0.0,0.05,3
1238,48,Andres Alberto Andrade,DEF,LASK Linz,2500000,51,1998-10-16,187,1,27,Panama,L,CONCACAF,34,1680,Thomas Christiansen,PAN,3,270,0,0,270,DEF,0,0,1,0,0,0,0.0,2.5,3
1239,48,Jose Fajardo,FWD,CD Universidad Católica,550000,70,1993-08-18,184,17,32,Panama,L,CONCACAF,34,1680,Thomas Christiansen,PAN,0,0,3,30,30,FWD,0,0,1,0,0,0,0.0,0.55,3
1240,48,Cecilio Alfonso Waterman,FWD,CD Universidad De Concepción,250000,56,1991-04-13,180,15,35,Panama,L,CONCACAF,34,1680,Thomas Christiansen,PAN,0,0,3,0,0,FWD,0,0,0,0,0,0,0.0,0.25,3
1241,48,Alberto Abdiel Quintero,MID,CD Plaza Amador,75000,141,1987-12-18,165,7,38,Panama,L,CONCACAF,34,1680,Thomas Christiansen,PAN,0,0,3,0,0,MID,0,0,0,0,0,0,0.0,0.08,3
1242,48,Anibal Casis Godoy,MID,San Diego FC,100000,160,1990-02-10,184,4,36,Panama,L,CONCACAF,34,1680,Thomas Christiansen,PAN,0,0,3,0,0,MID,0,0,0,0,0,0,0.0,0.1,3
1243,48,Cesar Augusto Yanis,MID,CD Cobresal,400000,55,1996-01-28,160,5,30,Panama,L,CONCACAF,34,1680,Thomas Christiansen,PAN,0,0,3,0,0,MID,0,0,0,0,0,0,0.0,0.4,3
1244,48,Orlando Mosquera,GK,Al Fayha FC,700000,50,1994-12-25,191,0,31,Panama,L,CONCACAF,34,1680,Thomas Christiansen,PAN,2,180,1,0,180,GK,0,0,0,0,0,0,0.0,0.7,3
1245,48,Michael Amir Murillo,DEF,Be ş ikta ş  JK,7000000,94,1996-02-11,185,9,30,Panama,L,CONCACAF,34,1680,Thomas Christiansen,PAN,3,270,0,0,270,DEF,0,0,0,0,0,0,0.0,7.0,3
1246,48,Azarías Emmanuel Londono,FWD,CD Universidad Católica,1000000,13,2001-06-21,185,1,25,Panama,L,CONCACAF,34,1680,Thomas Christiansen,PAN,3,270,0,0,270,FWD,0,0,0,0,0,0,0.0,1.0,3
1247,48,Roderick Alonso Miller,DEF,Turan Tovuz,200000,49,1992-04-03,190,2,34,Panama,L,CONCACAF,34,1680,Thomas Christiansen,PAN,0,0,3,0,0,DEF,0,0,0,0,0,0,0.0,0.2,3
1248,48,Jorge Abdiel Gutierrez,DEF,Deportivo La Guaira,800000,18,1998-09-01,171,0,27,Panama,L,CONCACAF,34,1680,Thomas Christiansen,PAN,0,0,3,0,0,DEF,0,0,0,0,0,0,0.0,0.8,3
